2550 13137
1 5.00000000000000e+00 1.00000000000000e+00 0.00000000000000e+00
2 5.00000000000000e+00 1.00000000000000e+00 1.00000000000000e+00
3 5.00000000000000e+00 -1.00000000000000e+00 0.00000000000000e+00
4 5.00000000000000e+00 -1.00000000000000e+00 1.00000000000000e+00
5 -5.00000000000000e+00 1.00000000000000e+00 0.00000000000000e+00
6 -5.00000000000000e+00 1.00000000000000e+00 1.00000000000000e+00
7 -5.00000000000000e+00 -1.00000000000000e+00 0.00000000000000e+00
8 -5.00000000000000e+00 -1.00000000000000e+00 1.00000000000000e+00
9 -5.00000000000000e+00 -8.00000000000003e-01 1.00000000000000e+00
10 -5.00000000000000e+00 -6.00000000000007e-01 1.00000000000000e+00
11 -5.00000000000000e+00 -4.00000000000006e-01 1.00000000000000e+00
12 -5.00000000000000e+00 -2.00000000000006e-01 1.00000000000000e+00
13 -5.00000000000000e+00 -4.66293670342566e-15 1.00000000000000e+00
14 -5.00000000000000e+00 1.99999999999996e-01 1.00000000000000e+00
15 -5.00000000000000e+00 3.99999999999997e-01 1.00000000000000e+00
16 -5.00000000000000e+00 5.99999999999998e-01 1.00000000000000e+00
17 -5.00000000000000e+00 7.99999999999999e-01 1.00000000000000e+00
18 -4.80000000000000e+00 1.00000000000000e+00 1.00000000000000e+00
19 -4.60000000000001e+00 1.00000000000000e+00 1.00000000000000e+00
20 -4.40000000000001e+00 1.00000000000000e+00 1.00000000000000e+00
21 -4.20000000000001e+00 1.00000000000000e+00 1.00000000000000e+00
22 -4.00000000000002e+00 1.00000000000000e+00 1.00000000000000e+00
23 -3.80000000000002e+00 1.00000000000000e+00 1.00000000000000e+00
24 -3.60000000000002e+00 1.00000000000000e+00 1.00000000000000e+00
25 -3.40000000000002e+00 1.00000000000000e+00 1.00000000000000e+00
26 -3.20000000000002e+00 1.00000000000000e+00 1.00000000000000e+00
27 -3.00000000000003e+00 1.00000000000000e+00 1.00000000000000e+00
28 -2.80000000000003e+00 1.00000000000000e+00 1.00000000000000e+00
29 -2.60000000000003e+00 1.00000000000000e+00 1.00000000000000e+00
30 -2.40000000000003e+00 1.00000000000000e+00 1.00000000000000e+00
31 -2.20000000000003e+00 1.00000000000000e+00 1.00000000000000e+00
32 -2.00000000000004e+00 1.00000000000000e+00 1.00000000000000e+00
33 -1.80000000000004e+00 1.00000000000000e+00 1.00000000000000e+00
34 -1.60000000000004e+00 1.00000000000000e+00 1.00000000000000e+00
35 -1.40000000000004e+00 1.00000000000000e+00 1.00000000000000e+00
36 -1.20000000000004e+00 1.00000000000000e+00 1.00000000000000e+00
37 -1.00000000000004e+00 1.00000000000000e+00 1.00000000000000e+00
38 -8.00000000000043e-01 1.00000000000000e+00 1.00000000000000e+00
39 -6.00000000000041e-01 1.00000000000000e+00 1.00000000000000e+00
40 -4.00000000000039e-01 1.00000000000000e+00 1.00000000000000e+00
41 -2.00000000000038e-01 1.00000000000000e+00 1.00000000000000e+00
42 -3.73034936274053e-14 1.00000000000000e+00 1.00000000000000e+00
43 1.99999999999965e-01 1.00000000000000e+00 1.00000000000000e+00
44 3.99999999999966e-01 1.00000000000000e+00 1.00000000000000e+00
45 5.99999999999968e-01 1.00000000000000e+00 1.00000000000000e+00
46 7.99999999999969e-01 1.00000000000000e+00 1.00000000000000e+00
47 9.99999999999970e-01 1.00000000000000e+00 1.00000000000000e+00
48 1.19999999999997e+00 1.00000000000000e+00 1.00000000000000e+00
49 1.39999999999997e+00 1.00000000000000e+00 1.00000000000000e+00
50 1.59999999999997e+00 1.00000000000000e+00 1.00000000000000e+00
51 1.79999999999997e+00 1.00000000000000e+00 1.00000000000000e+00
52 1.99999999999998e+00 1.00000000000000e+00 1.00000000000000e+00
53 2.19999999999998e+00 1.00000000000000e+00 1.00000000000000e+00
54 2.39999999999998e+00 1.00000000000000e+00 1.00000000000000e+00
55 2.59999999999998e+00 1.00000000000000e+00 1.00000000000000e+00
56 2.79999999999998e+00 1.00000000000000e+00 1.00000000000000e+00
57 2.99999999999998e+00 1.00000000000000e+00 1.00000000000000e+00
58 3.19999999999999e+00 1.00000000000000e+00 1.00000000000000e+00
59 3.39999999999998e+00 1.00000000000000e+00 1.00000000000000e+00
60 3.59999999999999e+00 1.00000000000000e+00 1.00000000000000e+00
61 3.79999999999999e+00 1.00000000000000e+00 1.00000000000000e+00
62 3.99999999999999e+00 1.00000000000000e+00 1.00000000000000e+00
63 4.19999999999999e+00 1.00000000000000e+00 1.00000000000000e+00
64 4.40000000000000e+00 1.00000000000000e+00 1.00000000000000e+00
65 4.60000000000000e+00 1.00000000000000e+00 1.00000000000000e+00
66 4.80000000000000e+00 1.00000000000000e+00 1.00000000000000e+00
67 5.00000000000000e+00 -8.00000000000003e-01 1.00000000000000e+00
68 5.00000000000000e+00 -6.00000000000007e-01 1.00000000000000e+00
69 5.00000000000000e+00 -4.00000000000006e-01 1.00000000000000e+00
70 5.00000000000000e+00 -2.00000000000006e-01 1.00000000000000e+00
71 5.00000000000000e+00 -4.66293670342566e-15 1.00000000000000e+00
72 5.00000000000000e+00 1.99999999999996e-01 1.00000000000000e+00
73 5.00000000000000e+00 3.99999999999997e-01 1.00000000000000e+00
74 5.00000000000000e+00 5.99999999999998e-01 1.00000000000000e+00
75 5.00000000000000e+00 7.99999999999999e-01 1.00000000000000e+00
76 -4.80000000000000e+00 -1.00000000000000e+00 1.00000000000000e+00
77 -4.60000000000001e+00 -1.00000000000000e+00 1.00000000000000e+00
78 -4.40000000000001e+00 -1.00000000000000e+00 1.00000000000000e+00
79 -4.20000000000001e+00 -1.00000000000000e+00 1.00000000000000e+00
80 -4.00000000000002e+00 -1.00000000000000e+00 1.00000000000000e+00
81 -3.80000000000002e+00 -1.00000000000000e+00 1.00000000000000e+00
82 -3.60000000000002e+00 -1.00000000000000e+00 1.00000000000000e+00
83 -3.40000000000002e+00 -1.00000000000000e+00 1.00000000000000e+00
84 -3.20000000000002e+00 -1.00000000000000e+00 1.00000000000000e+00
85 -3.00000000000003e+00 -1.00000000000000e+00 1.00000000000000e+00
86 -2.80000000000003e+00 -1.00000000000000e+00 1.00000000000000e+00
87 -2.60000000000003e+00 -1.00000000000000e+00 1.00000000000000e+00
88 -2.40000000000003e+00 -1.00000000000000e+00 1.00000000000000e+00
89 -2.20000000000003e+00 -1.00000000000000e+00 1.00000000000000e+00
90 -2.00000000000004e+00 -1.00000000000000e+00 1.00000000000000e+00
91 -1.80000000000004e+00 -1.00000000000000e+00 1.00000000000000e+00
92 -1.60000000000004e+00 -1.00000000000000e+00 1.00000000000000e+00
93 -1.40000000000004e+00 -1.00000000000000e+00 1.00000000000000e+00
94 -1.20000000000004e+00 -1.00000000000000e+00 1.00000000000000e+00
95 -1.00000000000004e+00 -1.00000000000000e+00 1.00000000000000e+00
96 -8.00000000000043e-01 -1.00000000000000e+00 1.00000000000000e+00
97 -6.00000000000041e-01 -1.00000000000000e+00 1.00000000000000e+00
98 -4.00000000000039e-01 -1.00000000000000e+00 1.00000000000000e+00
99 -2.00000000000038e-01 -1.00000000000000e+00 1.00000000000000e+00
100 -3.73034936274053e-14 -1.00000000000000e+00 1.00000000000000e+00
101 1.99999999999965e-01 -1.00000000000000e+00 1.00000000000000e+00
102 3.99999999999966e-01 -1.00000000000000e+00 1.00000000000000e+00
103 5.99999999999968e-01 -1.00000000000000e+00 1.00000000000000e+00
104 7.99999999999969e-01 -1.00000000000000e+00 1.00000000000000e+00
105 9.99999999999970e-01 -1.00000000000000e+00 1.00000000000000e+00
106 1.19999999999997e+00 -1.00000000000000e+00 1.00000000000000e+00
107 1.39999999999997e+00 -1.00000000000000e+00 1.00000000000000e+00
108 1.59999999999997e+00 -1.00000000000000e+00 1.00000000000000e+00
109 1.79999999999997e+00 -1.00000000000000e+00 1.00000000000000e+00
110 1.99999999999998e+00 -1.00000000000000e+00 1.00000000000000e+00
111 2.19999999999998e+00 -1.00000000000000e+00 1.00000000000000e+00
112 2.39999999999998e+00 -1.00000000000000e+00 1.00000000000000e+00
113 2.59999999999998e+00 -1.00000000000000e+00 1.00000000000000e+00
114 2.79999999999998e+00 -1.00000000000000e+00 1.00000000000000e+00
115 2.99999999999998e+00 -1.00000000000000e+00 1.00000000000000e+00
116 3.19999999999999e+00 -1.00000000000000e+00 1.00000000000000e+00
117 3.39999999999998e+00 -1.00000000000000e+00 1.00000000000000e+00
118 3.59999999999999e+00 -1.00000000000000e+00 1.00000000000000e+00
119 3.79999999999999e+00 -1.00000000000000e+00 1.00000000000000e+00
120 3.99999999999999e+00 -1.00000000000000e+00 1.00000000000000e+00
121 4.19999999999999e+00 -1.00000000000000e+00 1.00000000000000e+00
122 4.40000000000000e+00 -1.00000000000000e+00 1.00000000000000e+00
123 4.60000000000000e+00 -1.00000000000000e+00 1.00000000000000e+00
124 4.80000000000000e+00 -1.00000000000000e+00 1.00000000000000e+00
125 -5.00000000000000e+00 -8.00000000000003e-01 0.00000000000000e+00
126 -5.00000000000000e+00 -6.00000000000007e-01 0.00000000000000e+00
127 -5.00000000000000e+00 -4.00000000000006e-01 0.00000000000000e+00
128 -5.00000000000000e+00 -2.00000000000006e-01 0.00000000000000e+00
129 -5.00000000000000e+00 -4.66293670342566e-15 0.00000000000000e+00
130 -5.00000000000000e+00 1.99999999999996e-01 0.00000000000000e+00
131 -5.00000000000000e+00 3.99999999999997e-01 0.00000000000000e+00
132 -5.00000000000000e+00 5.99999999999998e-01 0.00000000000000e+00
133 -5.00000000000000e+00 7.99999999999999e-01 0.00000000000000e+00
134 -4.80000000000000e+00 1.00000000000000e+00 0.00000000000000e+00
135 -4.60000000000001e+00 1.00000000000000e+00 0.00000000000000e+00
136 -4.40000000000001e+00 1.00000000000000e+00 0.00000000000000e+00
137 -4.20000000000001e+00 1.00000000000000e+00 0.00000000000000e+00
138 -4.00000000000002e+00 1.00000000000000e+00 0.00000000000000e+00
139 -3.80000000000002e+00 1.00000000000000e+00 0.00000000000000e+00
140 -3.60000000000002e+00 1.00000000000000e+00 0.00000000000000e+00
141 -3.40000000000002e+00 1.00000000000000e+00 0.00000000000000e+00
142 -3.20000000000002e+00 1.00000000000000e+00 0.00000000000000e+00
143 -3.00000000000003e+00 1.00000000000000e+00 0.00000000000000e+00
144 -2.80000000000003e+00 1.00000000000000e+00 0.00000000000000e+00
145 -2.60000000000003e+00 1.00000000000000e+00 0.00000000000000e+00
146 -2.40000000000003e+00 1.00000000000000e+00 0.00000000000000e+00
147 -2.20000000000003e+00 1.00000000000000e+00 0.00000000000000e+00
148 -2.00000000000004e+00 1.00000000000000e+00 0.00000000000000e+00
149 -1.80000000000004e+00 1.00000000000000e+00 0.00000000000000e+00
150 -1.60000000000004e+00 1.00000000000000e+00 0.00000000000000e+00
151 -1.40000000000004e+00 1.00000000000000e+00 0.00000000000000e+00
152 -1.20000000000004e+00 1.00000000000000e+00 0.00000000000000e+00
153 -1.00000000000004e+00 1.00000000000000e+00 0.00000000000000e+00
154 -8.00000000000043e-01 1.00000000000000e+00 0.00000000000000e+00
155 -6.00000000000041e-01 1.00000000000000e+00 0.00000000000000e+00
156 -4.00000000000039e-01 1.00000000000000e+00 0.00000000000000e+00
157 -2.00000000000038e-01 1.00000000000000e+00 0.00000000000000e+00
158 -3.73034936274053e-14 1.00000000000000e+00 0.00000000000000e+00
159 1.99999999999965e-01 1.00000000000000e+00 0.00000000000000e+00
160 3.99999999999966e-01 1.00000000000000e+00 0.00000000000000e+00
161 5.99999999999968e-01 1.00000000000000e+00 0.00000000000000e+00
162 7.99999999999969e-01 1.00000000000000e+00 0.00000000000000e+00
163 9.99999999999970e-01 1.00000000000000e+00 0.00000000000000e+00
164 1.19999999999997e+00 1.00000000000000e+00 0.00000000000000e+00
165 1.39999999999997e+00 1.00000000000000e+00 0.00000000000000e+00
166 1.59999999999997e+00 1.00000000000000e+00 0.00000000000000e+00
167 1.79999999999997e+00 1.00000000000000e+00 0.00000000000000e+00
168 1.99999999999998e+00 1.00000000000000e+00 0.00000000000000e+00
169 2.19999999999998e+00 1.00000000000000e+00 0.00000000000000e+00
170 2.39999999999998e+00 1.00000000000000e+00 0.00000000000000e+00
171 2.59999999999998e+00 1.00000000000000e+00 0.00000000000000e+00
172 2.79999999999998e+00 1.00000000000000e+00 0.00000000000000e+00
173 2.99999999999998e+00 1.00000000000000e+00 0.00000000000000e+00
174 3.19999999999999e+00 1.00000000000000e+00 0.00000000000000e+00
175 3.39999999999998e+00 1.00000000000000e+00 0.00000000000000e+00
176 3.59999999999999e+00 1.00000000000000e+00 0.00000000000000e+00
177 3.79999999999999e+00 1.00000000000000e+00 0.00000000000000e+00
178 3.99999999999999e+00 1.00000000000000e+00 0.00000000000000e+00
179 4.19999999999999e+00 1.00000000000000e+00 0.00000000000000e+00
180 4.40000000000000e+00 1.00000000000000e+00 0.00000000000000e+00
181 4.60000000000000e+00 1.00000000000000e+00 0.00000000000000e+00
182 4.80000000000000e+00 1.00000000000000e+00 0.00000000000000e+00
183 5.00000000000000e+00 -8.00000000000003e-01 0.00000000000000e+00
184 5.00000000000000e+00 -6.00000000000007e-01 0.00000000000000e+00
185 5.00000000000000e+00 -4.00000000000006e-01 0.00000000000000e+00
186 5.00000000000000e+00 -2.00000000000006e-01 0.00000000000000e+00
187 5.00000000000000e+00 -4.66293670342566e-15 0.00000000000000e+00
188 5.00000000000000e+00 1.99999999999996e-01 0.00000000000000e+00
189 5.00000000000000e+00 3.99999999999997e-01 0.00000000000000e+00
190 5.00000000000000e+00 5.99999999999998e-01 0.00000000000000e+00
191 5.00000000000000e+00 7.99999999999999e-01 0.00000000000000e+00
192 -4.80000000000000e+00 -1.00000000000000e+00 0.00000000000000e+00
193 -4.60000000000001e+00 -1.00000000000000e+00 0.00000000000000e+00
194 -4.40000000000001e+00 -1.00000000000000e+00 0.00000000000000e+00
195 -4.20000000000001e+00 -1.00000000000000e+00 0.00000000000000e+00
196 -4.00000000000002e+00 -1.00000000000000e+00 0.00000000000000e+00
197 -3.80000000000002e+00 -1.00000000000000e+00 0.00000000000000e+00
198 -3.60000000000002e+00 -1.00000000000000e+00 0.00000000000000e+00
199 -3.40000000000002e+00 -1.00000000000000e+00 0.00000000000000e+00
200 -3.20000000000002e+00 -1.00000000000000e+00 0.00000000000000e+00
201 -3.00000000000003e+00 -1.00000000000000e+00 0.00000000000000e+00
202 -2.80000000000003e+00 -1.00000000000000e+00 0.00000000000000e+00
203 -2.60000000000003e+00 -1.00000000000000e+00 0.00000000000000e+00
204 -2.40000000000003e+00 -1.00000000000000e+00 0.00000000000000e+00
205 -2.20000000000003e+00 -1.00000000000000e+00 0.00000000000000e+00
206 -2.00000000000004e+00 -1.00000000000000e+00 0.00000000000000e+00
207 -1.80000000000004e+00 -1.00000000000000e+00 0.00000000000000e+00
208 -1.60000000000004e+00 -1.00000000000000e+00 0.00000000000000e+00
209 -1.40000000000004e+00 -1.00000000000000e+00 0.00000000000000e+00
210 -1.20000000000004e+00 -1.00000000000000e+00 0.00000000000000e+00
211 -1.00000000000004e+00 -1.00000000000000e+00 0.00000000000000e+00
212 -8.00000000000043e-01 -1.00000000000000e+00 0.00000000000000e+00
213 -6.00000000000041e-01 -1.00000000000000e+00 0.00000000000000e+00
214 -4.00000000000039e-01 -1.00000000000000e+00 0.00000000000000e+00
215 -2.00000000000038e-01 -1.00000000000000e+00 0.00000000000000e+00
216 -3.73034936274053e-14 -1.00000000000000e+00 0.00000000000000e+00
217 1.99999999999965e-01 -1.00000000000000e+00 0.00000000000000e+00
218 3.99999999999966e-01 -1.00000000000000e+00 0.00000000000000e+00
219 5.99999999999968e-01 -1.00000000000000e+00 0.00000000000000e+00
220 7.99999999999969e-01 -1.00000000000000e+00 0.00000000000000e+00
221 9.99999999999970e-01 -1.00000000000000e+00 0.00000000000000e+00
222 1.19999999999997e+00 -1.00000000000000e+00 0.00000000000000e+00
223 1.39999999999997e+00 -1.00000000000000e+00 0.00000000000000e+00
224 1.59999999999997e+00 -1.00000000000000e+00 0.00000000000000e+00
225 1.79999999999997e+00 -1.00000000000000e+00 0.00000000000000e+00
226 1.99999999999998e+00 -1.00000000000000e+00 0.00000000000000e+00
227 2.19999999999998e+00 -1.00000000000000e+00 0.00000000000000e+00
228 2.39999999999998e+00 -1.00000000000000e+00 0.00000000000000e+00
229 2.59999999999998e+00 -1.00000000000000e+00 0.00000000000000e+00
230 2.79999999999998e+00 -1.00000000000000e+00 0.00000000000000e+00
231 2.99999999999998e+00 -1.00000000000000e+00 0.00000000000000e+00
232 3.19999999999999e+00 -1.00000000000000e+00 0.00000000000000e+00
233 3.39999999999998e+00 -1.00000000000000e+00 0.00000000000000e+00
234 3.59999999999999e+00 -1.00000000000000e+00 0.00000000000000e+00
235 3.79999999999999e+00 -1.00000000000000e+00 0.00000000000000e+00
236 3.99999999999999e+00 -1.00000000000000e+00 0.00000000000000e+00
237 4.19999999999999e+00 -1.00000000000000e+00 0.00000000000000e+00
238 4.40000000000000e+00 -1.00000000000000e+00 0.00000000000000e+00
239 4.60000000000000e+00 -1.00000000000000e+00 0.00000000000000e+00
240 4.80000000000000e+00 -1.00000000000000e+00 0.00000000000000e+00
241 5.00000000000000e+00 1.00000000000000e+00 1.99999999999997e-01
242 5.00000000000000e+00 1.00000000000000e+00 3.99999999999997e-01
243 5.00000000000000e+00 1.00000000000000e+00 5.99999999999998e-01
244 5.00000000000000e+00 1.00000000000000e+00 7.99999999999999e-01
245 -5.00000000000000e+00 1.00000000000000e+00 1.99999999999997e-01
246 -5.00000000000000e+00 1.00000000000000e+00 3.99999999999997e-01
247 -5.00000000000000e+00 1.00000000000000e+00 5.99999999999998e-01
248 -5.00000000000000e+00 1.00000000000000e+00 7.99999999999999e-01
249 5.00000000000000e+00 -1.00000000000000e+00 1.99999999999997e-01
250 5.00000000000000e+00 -1.00000000000000e+00 3.99999999999997e-01
251 5.00000000000000e+00 -1.00000000000000e+00 5.99999999999998e-01
252 5.00000000000000e+00 -1.00000000000000e+00 7.99999999999999e-01
253 -5.00000000000000e+00 -1.00000000000000e+00 1.99999999999997e-01
254 -5.00000000000000e+00 -1.00000000000000e+00 3.99999999999997e-01
255 -5.00000000000000e+00 -1.00000000000000e+00 5.99999999999998e-01
256 -5.00000000000000e+00 -1.00000000000000e+00 7.99999999999999e-01
257 -4.83426999321985e+00 -6.74374162039140e-01 1.00000000000000e+00
258 -4.82238684960910e+00 -4.97873273751568e-01 1.00000000000000e+00
259 -4.82454642767800e+00 -3.03821146839053e-01 1.00000000000000e+00
260 -4.82784178979295e+00 -1.08764548964515e-01 1.00000000000000e+00
261 -4.83277994887955e+00 8.54645732974018e-02 1.00000000000000e+00
262 -4.83497251656840e+00 2.77611353577526e-01 1.00000000000000e+00
263 -4.83280733233765e+00 4.66446915789209e-01 1.00000000000000e+00
264 -4.82655842261834e+00 6.50058811242896e-01 1.00000000000000e+00
265 -4.81660852715490e+00 8.27662680260516e-01 1.00000000000000e+00
266 -4.62435924427615e+00 8.45095601538933e-01 1.00000000000000e+00
267 -4.42698919962995e+00 8.55033676686531e-01 1.00000000000000e+00
268 -4.22722705659278e+00 8.58438988813718e-01 1.00000000000000e+00
269 -4.02752142070969e+00 8.57562590583960e-01 1.00000000000000e+00
270 -3.82820498352263e+00 8.56047008282476e-01 1.00000000000000e+00
271 -3.62869718639578e+00 8.55270133901009e-01 1.00000000000000e+00
272 -3.42881137404855e+00 8.55021398023462e-01 1.00000000000000e+00
273 -3.22865453151136e+00 8.54957009879422e-01 1.00000000000000e+00
274 -3.02841437797353e+00 8.54879399539941e-01 1.00000000000000e+00
275 -2.82822059343047e+00 8.54779285013383e-01 1.00000000000000e+00
276 -2.62812387420268e+00 8.54707404330031e-01 1.00000000000000e+00
277 -2.42812189895072e+00 8.54698895771718e-01 1.00000000000000e+00
278 -2.22817561864495e+00 8.54752699687938e-01 1.00000000000000e+00
279 -2.02825171831094e+00 8.54822542014744e-01 1.00000000000000e+00
280 -1.82835968448346e+00 8.54882636737842e-01 1.00000000000000e+00
281 -1.62849562516501e+00 8.55026151750287e-01 1.00000000000000e+00
282 -1.42869330806038e+00 8.55328228100832e-01 1.00000000000000e+00
283 -1.22898191489634e+00 8.55886807063074e-01 1.00000000000000e+00
284 -1.02924116576188e+00 8.56700551473063e-01 1.00000000000000e+00
285 -8.29187181372702e-01 8.57470835626961e-01 1.00000000000000e+00
286 -6.28735411350188e-01 8.57653689347517e-01 1.00000000000000e+00
287 -4.28285381301158e-01 8.56976448242089e-01 1.00000000000000e+00
288 -2.28238115576390e-01 8.55945592308821e-01 1.00000000000000e+00
289 -2.84123538667105e-02 8.55350433497177e-01 1.00000000000000e+00
290 1.71396392757910e-01 8.55160497831597e-01 1.00000000000000e+00
291 3.71285501864925e-01 8.55203725887798e-01 1.00000000000000e+00
292 5.71253698275761e-01 8.55291829489238e-01 1.00000000000000e+00
293 7.71261012926821e-01 8.55335748706064e-01 1.00000000000000e+00
294 9.71279881541347e-01 8.55336350839026e-01 1.00000000000000e+00
295 1.17129366762135e+00 8.55315241656946e-01 1.00000000000000e+00
296 1.37128938499757e+00 8.55294668036310e-01 1.00000000000000e+00
297 1.57127127504854e+00 8.55298665762370e-01 1.00000000000000e+00
298 1.77125024970772e+00 8.55323883395522e-01 1.00000000000000e+00
299 1.97123282475219e+00 8.55353547166829e-01 1.00000000000000e+00
300 2.17122243744661e+00 8.55376893319284e-01 1.00000000000000e+00
301 2.37120968434185e+00 8.55383821894326e-01 1.00000000000000e+00
302 2.57116994860790e+00 8.55383678717818e-01 1.00000000000000e+00
303 2.77105510564424e+00 8.55404661013532e-01 1.00000000000000e+00
304 2.97081228435078e+00 8.55510934994412e-01 1.00000000000000e+00
305 3.17041280737447e+00 8.55758765732366e-01 1.00000000000000e+00
306 3.36990138607891e+00 8.56114838388121e-01 1.00000000000000e+00
307 3.56936216564639e+00 8.56347102007575e-01 1.00000000000000e+00
308 3.76855420982974e+00 8.56151100122338e-01 1.00000000000000e+00
309 3.96611689770676e+00 8.55887114655052e-01 1.00000000000000e+00
310 4.15880762548151e+00 8.57956116440693e-01 1.00000000000000e+00
311 4.34249415479753e+00 8.67436515699089e-01 1.00000000000000e+00
312 4.53208097357340e+00 8.65916751035103e-01 1.00000000000000e+00
313 4.72792805517665e+00 8.40175920155066e-01 1.00000000000000e+00
314 4.83339401116755e+00 -7.14401243350421e-01 1.00000000000000e+00
315 4.83006847493105e+00 -2.95182108182333e-01 1.00000000000000e+00
316 4.84908139835199e+00 9.32725819076374e-02 1.00000000000000e+00
317 4.82834369338702e+00 4.71999854285869e-01 1.00000000000000e+00
318 -4.72594546949380e+00 -8.26700692231081e-01 1.00000000000000e+00
319 -4.30641447198444e+00 -8.27233652172985e-01 1.00000000000000e+00
320 -3.90384878998338e+00 -8.23837195032108e-01 1.00000000000000e+00
321 -3.50403411298107e+00 -8.20628335923270e-01 1.00000000000000e+00
322 -3.10389893186826e+00 -8.20227648546172e-01 1.00000000000000e+00
323 -2.70342489385825e+00 -8.20798524001082e-01 1.00000000000000e+00
324 -2.30320250743206e+00 -8.21080611316922e-01 1.00000000000000e+00
325 -1.90335970620449e+00 -8.20954980778852e-01 1.00000000000000e+00
326 -1.50323790796894e+00 -8.20950973769031e-01 1.00000000000000e+00
327 -1.10365455508220e+00 -8.21678138527771e-01 1.00000000000000e+00
328 -7.03268408230116e-01 -8.22899487786746e-01 1.00000000000000e+00
329 -3.03118348880516e-01 -8.22319943029526e-01 1.00000000000000e+00
330 9.66827805705144e-02 -8.21032573207031e-01 1.00000000000000e+00
331 4.96612915855658e-01 -8.20420076159732e-01 1.00000000000000e+00
332 8.96409479387769e-01 -8.20205100750838e-01 1.00000000000000e+00
333 1.29643806093906e+00 -8.20216732176322e-01 1.00000000000000e+00
334 1.69652274240682e+00 -8.20246348163616e-01 1.00000000000000e+00
335 2.09645547309522e+00 -8.20216568188411e-01 1.00000000000000e+00
336 2.49642089359420e+00 -8.20194701058983e-01 1.00000000000000e+00
337 2.89656239562687e+00 -8.20300251773180e-01 1.00000000000000e+00
338 3.29679930329928e+00 -8.20045430544197e-01 1.00000000000000e+00
339 3.69637827935855e+00 -8.19678540848712e-01 1.00000000000000e+00
340 4.09298594339816e+00 -8.19774455948879e-01 1.00000000000000e+00
341 4.47452043350957e+00 -8.30308502725558e-01 1.00000000000000e+00
342 4.66284686534545e+00 -8.04979040893486e-01 1.00000000000000e+00
343 4.84778646623503e+00 2.86365593732137e-01 1.00000000000000e+00
344 4.83545559285857e+00 -4.98670925803258e-01 1.00000000000000e+00
345 4.83298951326119e+00 -9.68761753249721e-02 1.00000000000000e+00
346 4.80462946546852e+00 6.60428967406400e-01 1.00000000000000e+00
347 -4.51467377655268e+00 -8.22324115544397e-01 1.00000000000000e+00
348 -4.10423419212222e+00 -8.26012064287328e-01 1.00000000000000e+00
349 -3.70414738412381e+00 -8.21845632757735e-01 1.00000000000000e+00
350 -3.30375802911658e+00 -8.20253868350371e-01 1.00000000000000e+00
351 -2.90358947797588e+00 -8.20495736568409e-01 1.00000000000000e+00
352 -2.50335241597212e+00 -8.20986458113232e-01 1.00000000000000e+00
353 -2.10330709533495e+00 -8.20982403951474e-01 1.00000000000000e+00
354 -1.70323392535259e+00 -8.20994881598984e-01 1.00000000000000e+00
355 -1.30320527712918e+00 -8.21224708033325e-01 1.00000000000000e+00
356 -9.03525000857893e-01 -8.22358661151925e-01 1.00000000000000e+00
357 -5.02925572178654e-01 -8.22853348270173e-01 1.00000000000000e+00
358 -1.02976662764197e-01 -8.21628132035790e-01 1.00000000000000e+00
359 2.96814438589557e-01 -8.20691278463467e-01 1.00000000000000e+00
360 6.96340151912761e-01 -8.20239377582752e-01 1.00000000000000e+00
361 1.09611701079948e+00 -8.20100732750660e-01 1.00000000000000e+00
362 1.49624268814883e+00 -8.20200862996279e-01 1.00000000000000e+00
363 1.89631885103344e+00 -8.20190459643798e-01 1.00000000000000e+00
364 2.29617770654373e+00 -8.20072432561026e-01 1.00000000000000e+00
365 2.69623078399187e+00 -8.20131258435960e-01 1.00000000000000e+00
366 3.09645506326142e+00 -8.20132256444230e-01 1.00000000000000e+00
367 3.49652754085454e+00 -8.19606041694102e-01 1.00000000000000e+00
368 3.89508622971678e+00 -8.19739952334964e-01 1.00000000000000e+00
369 4.28633156649555e+00 -8.22952684555626e-01 1.00000000000000e+00
370 -4.64820797687618e+00 -4.06195362635641e-01 1.00000000000000e+00
371 -4.64791228945038e+00 -2.10872124411711e-01 1.00000000000000e+00
372 -4.65969318886466e+00 -1.83377436788300e-02 1.00000000000000e+00
373 -4.66811593417264e+00 1.67206235222940e-01 1.00000000000000e+00
374 -4.66905884719912e+00 3.49010015776854e-01 1.00000000000000e+00
375 -4.65949037994298e+00 5.23349498085683e-01 1.00000000000000e+00
376 -4.64357135165379e+00 6.86427333341512e-01 1.00000000000000e+00
377 4.65403005404979e+00 -1.83034860632360e-01 1.00000000000000e+00
378 -4.45191130345144e+00 7.09098105698224e-01 1.00000000000000e+00
379 -4.25471981564286e+00 7.17535441015115e-01 1.00000000000000e+00
380 -4.05680834217585e+00 7.15400158551550e-01 1.00000000000000e+00
381 -3.85875886852669e+00 7.11827279853234e-01 1.00000000000000e+00
382 -3.65971379489654e+00 7.10169668394432e-01 1.00000000000000e+00
383 -3.45981024485571e+00 7.09704078646240e-01 1.00000000000000e+00
384 -3.25940101642802e+00 7.09634476586349e-01 1.00000000000000e+00
385 -3.05885965330582e+00 7.09483355840096e-01 1.00000000000000e+00
386 -2.85840692791309e+00 7.09244391517458e-01 1.00000000000000e+00
387 -2.65813275255430e+00 7.09045470554464e-01 1.00000000000000e+00
388 -2.45805993897567e+00 7.08980010043188e-01 1.00000000000000e+00
389 -2.25813167799592e+00 7.09079077346580e-01 1.00000000000000e+00
390 -2.05826370626544e+00 7.09230694396439e-01 1.00000000000000e+00
391 -1.85846594038122e+00 7.09300965284969e-01 1.00000000000000e+00
392 -1.65865726598384e+00 7.09518592695783e-01 1.00000000000000e+00
393 -1.45888815492014e+00 7.09983596833510e-01 1.00000000000000e+00
394 -1.25931746547859e+00 7.10940020705685e-01 1.00000000000000e+00
395 -1.05993749054158e+00 7.12622550111771e-01 1.00000000000000e+00
396 -8.60188749928229e-01 7.14616896929766e-01 1.00000000000000e+00
397 -6.59547555836006e-01 7.15530001090893e-01 1.00000000000000e+00
398 -4.58663954369402e-01 7.14229740999792e-01 1.00000000000000e+00
399 -2.58563571542901e-01 7.11735773607017e-01 1.00000000000000e+00
400 -5.88022966978414e-02 7.10339217136926e-01 1.00000000000000e+00
401 1.40904475937742e-01 7.09874386433393e-01 1.00000000000000e+00
402 3.40725919659133e-01 7.09977676193214e-01 1.00000000000000e+00
403 5.40663323674565e-01 7.10194815421989e-01 1.00000000000000e+00
404 7.40657795006269e-01 7.10305558391009e-01 1.00000000000000e+00
405 9.40682269698657e-01 7.10316442723540e-01 1.00000000000000e+00
406 1.14071465289275e+00 7.10271158483030e-01 1.00000000000000e+00
407 1.34071757276586e+00 7.10211658176142e-01 1.00000000000000e+00
408 1.54069362255169e+00 7.10208700243990e-01 1.00000000000000e+00
409 1.74065885372904e+00 7.10259415393376e-01 1.00000000000000e+00
410 1.94062135368763e+00 7.10323200597220e-01 1.00000000000000e+00
411 2.14059760250607e+00 7.10380790303220e-01 1.00000000000000e+00
412 2.34057925177360e+00 7.10397298092968e-01 1.00000000000000e+00
413 2.54053927511674e+00 7.10380970115193e-01 1.00000000000000e+00
414 2.74039397087102e+00 7.10361451310236e-01 1.00000000000000e+00
415 2.94003687672440e+00 7.10470708372550e-01 1.00000000000000e+00
416 3.13935601761416e+00 7.10866201401865e-01 1.00000000000000e+00
417 3.33833150830700e+00 7.11617925167861e-01 1.00000000000000e+00
418 3.53717333635636e+00 7.12372948634528e-01 1.00000000000000e+00
419 3.73611797239304e+00 7.12156151048156e-01 1.00000000000000e+00
420 3.93422163297402e+00 7.10377926533160e-01 1.00000000000000e+00
421 4.12768332580188e+00 7.09566431210026e-01 1.00000000000000e+00
422 4.30856414670420e+00 7.18360177552445e-01 1.00000000000000e+00
423 4.45787569172393e+00 7.47744335581886e-01 1.00000000000000e+00
424 4.61531380893500e+00 7.03418019667441e-01 1.00000000000000e+00
425 -4.41082711632636e+00 -6.57717476576636e-01 1.00000000000000e+00
426 4.64394306011794e+00 5.26548507623785e-01 1.00000000000000e+00
427 -3.60952808634740e+00 -6.41794520937839e-01 1.00000000000000e+00
428 4.67054487741747e+00 3.46349693920253e-01 1.00000000000000e+00
429 -4.63587506887040e+00 -6.28512564777671e-01 1.00000000000000e+00
430 4.71669576149978e+00 1.83882750038544e-01 1.00000000000000e+00
431 -3.80905331646450e+00 -6.45109400704471e-01 1.00000000000000e+00
432 -3.20830136323507e+00 -6.40175951177286e-01 1.00000000000000e+00
433 -2.80731886083376e+00 -6.41236115237811e-01 1.00000000000000e+00
434 -2.40741509296216e+00 -6.41964921426461e-01 1.00000000000000e+00
435 -2.00702684021714e+00 -6.41916793405374e-01 1.00000000000000e+00
436 -1.60735710446069e+00 -6.41668880926270e-01 1.00000000000000e+00
437 -1.20726417499824e+00 -6.42463972136763e-01 1.00000000000000e+00
438 -8.07125404150520e-01 -6.45593572976837e-01 1.00000000000000e+00
439 -4.06479815491174e-01 -6.45410121565877e-01 1.00000000000000e+00
440 -6.94304551366454e-03 -6.42413212104685e-01 1.00000000000000e+00
441 3.92565039369137e-01 -6.40865120003834e-01 1.00000000000000e+00
442 7.92051242452482e-01 -6.40192687142128e-01 1.00000000000000e+00
443 1.19182722563457e+00 -6.40248290964180e-01 1.00000000000000e+00
444 1.59186003202248e+00 -6.40313192111807e-01 1.00000000000000e+00
445 1.99217466581206e+00 -6.40261048823275e-01 1.00000000000000e+00
446 2.39211973200346e+00 -6.40182639809727e-01 1.00000000000000e+00
447 2.79235381857199e+00 -6.40436375022548e-01 1.00000000000000e+00
448 3.19284390512217e+00 -6.40318370672557e-01 1.00000000000000e+00
449 3.59311284419259e+00 -6.38870346251633e-01 1.00000000000000e+00
450 3.99013967969033e+00 -6.39525408314312e-01 1.00000000000000e+00
451 4.37436653920421e+00 -6.47361892930491e-01 1.00000000000000e+00
452 4.67190472485567e+00 1.61553354336328e-02 1.00000000000000e+00
453 4.66315097774714e+00 -3.91221047269219e-01 1.00000000000000e+00
454 -4.00839319622159e+00 -6.50003063908252e-01 1.00000000000000e+00
455 -4.20868072718563e+00 -6.54665211799773e-01 1.00000000000000e+00
456 4.67965338624873e+00 -5.93497233349080e-01 1.00000000000000e+00
457 -1.00779879723098e+00 -6.43910156606782e-01 1.00000000000000e+00
458 -3.40881064288792e+00 -6.40380530375099e-01 1.00000000000000e+00
459 -1.80672804177304e+00 -6.41946596335075e-01 1.00000000000000e+00
460 -3.00793447802984e+00 -6.40643115298082e-01 1.00000000000000e+00
461 -2.60735773176881e+00 -6.41717756768978e-01 1.00000000000000e+00
462 -2.20757874549205e+00 -6.41883766396351e-01 1.00000000000000e+00
463 -1.40688119021312e+00 -6.41836760588256e-01 1.00000000000000e+00
464 -6.07073688923530e-01 -6.46207614293678e-01 1.00000000000000e+00
465 -2.07204626763201e-01 -6.43800926341368e-01 1.00000000000000e+00
466 1.92463659733901e-01 -6.41426733734734e-01 1.00000000000000e+00
467 5.92576114915494e-01 -6.40538145527333e-01 1.00000000000000e+00
468 9.91590530639636e-01 -6.40081517253333e-01 1.00000000000000e+00
469 1.39225500079554e+00 -6.40342105761789e-01 1.00000000000000e+00
470 1.79245053216327e+00 -6.40376564920853e-01 1.00000000000000e+00
471 2.19168295596968e+00 -6.40064901032954e-01 1.00000000000000e+00
472 2.59173327453956e+00 -6.40112019380609e-01 1.00000000000000e+00
473 2.99211939675138e+00 -6.40368613049302e-01 1.00000000000000e+00
474 3.39256350565480e+00 -6.39411797572219e-01 1.00000000000000e+00
475 3.79204025772468e+00 -6.38873989242397e-01 1.00000000000000e+00
476 4.18783648025542e+00 -6.36275771734207e-01 1.00000000000000e+00
477 4.53920899244677e+00 -6.74392912895174e-01 1.00000000000000e+00
478 -3.51653200593479e+00 -4.60183075370927e-01 1.00000000000000e+00
479 1.08535199129434e+00 -4.59501180235530e-01 1.00000000000000e+00
480 2.86504139533573e-01 -4.60839197271987e-01 1.00000000000000e+00
481 -4.48448762505522e+00 -1.08485138094646e-01 1.00000000000000e+00
482 -4.49324494256848e+00 7.20635174938185e-02 1.00000000000000e+00
483 -4.50959982726489e+00 2.41902023432793e-01 1.00000000000000e+00
484 -4.50272905357047e+00 4.11635219973955e-01 1.00000000000000e+00
485 -4.47698002188728e+00 5.61782839964462e-01 1.00000000000000e+00
486 -1.51339567118120e+00 -4.61671205599422e-01 1.00000000000000e+00
487 4.48111748471646e+00 -2.87329022808964e-01 1.00000000000000e+00
488 -4.28506014003624e+00 5.77254871319109e-01 1.00000000000000e+00
489 -4.09147180388157e+00 5.71946972439992e-01 1.00000000000000e+00
490 -3.89589456621957e+00 5.64991352892491e-01 1.00000000000000e+00
491 -3.69711559136005e+00 5.62413229298492e-01 1.00000000000000e+00
492 -3.49688599882417e+00 5.61781373934858e-01 1.00000000000000e+00
493 -3.29599283535518e+00 5.61821341639145e-01 1.00000000000000e+00
494 -3.09503022651112e+00 5.61611834453040e-01 1.00000000000000e+00
495 -2.89422182560510e+00 5.61198569842860e-01 1.00000000000000e+00
496 -2.69364322432967e+00 5.60816049127740e-01 1.00000000000000e+00
497 -2.49337368054136e+00 5.60605020670940e-01 1.00000000000000e+00
498 -2.29339161334279e+00 5.60721838347323e-01 1.00000000000000e+00
499 -2.09354164531148e+00 5.61018047844380e-01 1.00000000000000e+00
500 -1.89390505164168e+00 5.60992128783926e-01 1.00000000000000e+00
501 -1.69411907623801e+00 5.61244407281962e-01 1.00000000000000e+00
502 -1.49421768807832e+00 5.61752547777465e-01 1.00000000000000e+00
503 -1.29445447734487e+00 5.62816410809972e-01 1.00000000000000e+00
504 -1.09532121282057e+00 5.65225149723199e-01 1.00000000000000e+00
505 -8.96376772556693e-01 5.69201811977757e-01 1.00000000000000e+00
506 -6.95945563357286e-01 5.72143133023065e-01 1.00000000000000e+00
507 -4.94528660317600e-01 5.70428343258533e-01 1.00000000000000e+00
508 -2.94607420287996e-01 5.65309146595474e-01 1.00000000000000e+00
509 -9.48281207467927e-02 5.62780985869112e-01 1.00000000000000e+00
510 1.04862178784729e-01 5.61859097612459e-01 1.00000000000000e+00
511 3.04708510970245e-01 5.62048285823608e-01 1.00000000000000e+00
512 5.04653736656407e-01 5.62462964271284e-01 1.00000000000000e+00
513 7.04615782877819e-01 5.62669326180320e-01 1.00000000000000e+00
514 9.04622335094502e-01 5.62714069018583e-01 1.00000000000000e+00
515 1.10467856769298e+00 5.62658084104526e-01 1.00000000000000e+00
516 1.30469590703035e+00 5.62527324595585e-01 1.00000000000000e+00
517 1.50468226102899e+00 5.62500058375867e-01 1.00000000000000e+00
518 1.70465261233238e+00 5.62577315822475e-01 1.00000000000000e+00
519 1.90459300861757e+00 5.62672590126411e-01 1.00000000000000e+00
520 2.10455253043312e+00 5.62786023576832e-01 1.00000000000000e+00
521 2.30451821207546e+00 5.62825765430145e-01 1.00000000000000e+00
522 2.50449484840943e+00 5.62808853585276e-01 1.00000000000000e+00
523 2.70436450543509e+00 5.62702813580229e-01 1.00000000000000e+00
524 2.90399733329772e+00 5.62710790156895e-01 1.00000000000000e+00
525 3.10317864266259e+00 5.63097077273227e-01 1.00000000000000e+00
526 3.30169570507656e+00 5.64183631569343e-01 1.00000000000000e+00
527 3.49954116579650e+00 5.65917105003420e-01 1.00000000000000e+00
528 3.69749639459617e+00 5.66853446747939e-01 1.00000000000000e+00
529 3.89652704813642e+00 5.64200387070454e-01 1.00000000000000e+00
530 4.09523396395190e+00 5.58098777809454e-01 1.00000000000000e+00
531 4.29040039844239e+00 5.58119725962753e-01 1.00000000000000e+00
532 4.46707897732530e+00 5.94767772261863e-01 1.00000000000000e+00
533 -1.13971593771822e-01 -4.63727465972185e-01 1.00000000000000e+00
534 4.46411589179719e+00 3.96546316778531e-01 1.00000000000000e+00
535 -2.11288529639137e+00 -4.62400607083382e-01 1.00000000000000e+00
536 4.54933853772880e+00 1.84124581040310e-01 1.00000000000000e+00
537 -3.71785506853543e+00 -4.63413836349786e-01 1.00000000000000e+00
538 -3.11427348756727e+00 -4.59753676939517e-01 1.00000000000000e+00
539 -2.31362254423287e+00 -4.62319105668220e-01 1.00000000000000e+00
540 -2.51336412082566e+00 -4.62148439664034e-01 1.00000000000000e+00
541 -1.71299631239618e+00 -4.61930535915474e-01 1.00000000000000e+00
542 -4.31248215353399e+00 -4.85703974442830e-01 1.00000000000000e+00
543 -5.12195466403158e-01 -4.69474284928646e-01 1.00000000000000e+00
544 -9.13525763826017e-01 -4.67068865236764e-01 1.00000000000000e+00
545 4.50323510000447e+00 -4.97597571584960e-01 1.00000000000000e+00
546 -7.12448306463062e-01 -4.69925349962474e-01 1.00000000000000e+00
547 -2.71320490202983e+00 -4.61519780927899e-01 1.00000000000000e+00
548 -3.12745610372509e-01 -4.66505947982676e-01 1.00000000000000e+00
549 -3.31523069217143e+00 -4.59178925045311e-01 1.00000000000000e+00
550 8.68221451241764e-02 -4.61996865432378e-01 1.00000000000000e+00
551 4.30322511289205e+00 -4.32477362409528e-01 1.00000000000000e+00
552 6.85374065103480e-01 -4.59592211937411e-01 1.00000000000000e+00
553 8.85841070186560e-01 -4.59496304276139e-01 1.00000000000000e+00
554 4.08484092695953e+00 -4.61595835651020e-01 1.00000000000000e+00
555 1.68541987396698e+00 -4.59816577624222e-01 1.00000000000000e+00
556 2.08580752065234e+00 -4.59445136774343e-01 1.00000000000000e+00
557 2.48541286062901e+00 -4.59483947596262e-01 1.00000000000000e+00
558 2.88593045287953e+00 -4.60023077766406e-01 1.00000000000000e+00
559 3.28651211247172e+00 -4.59259080561401e-01 1.00000000000000e+00
560 3.68817847847029e+00 -4.56149955803486e-01 1.00000000000000e+00
561 3.88714750602844e+00 -4.57762435982849e-01 1.00000000000000e+00
562 1.48600549125321e+00 -4.59780588580556e-01 1.00000000000000e+00
563 -3.91665482988521e+00 -4.69960512088438e-01 1.00000000000000e+00
564 -4.11424788195061e+00 -4.79519849910336e-01 1.00000000000000e+00
565 -1.11283676789441e+00 -4.63543153890867e-01 1.00000000000000e+00
566 4.46680969080821e+00 -3.43035287787675e-02 1.00000000000000e+00
567 -4.49239995792756e+00 -4.97945062450174e-01 1.00000000000000e+00
568 -1.31240353206995e+00 -4.62055062655670e-01 1.00000000000000e+00
569 -1.91229495933394e+00 -4.62223863105644e-01 1.00000000000000e+00
570 -4.44904243182612e+00 -3.14010274765285e-01 1.00000000000000e+00
571 -2.91454455250264e+00 -4.60520652829043e-01 1.00000000000000e+00
572 4.86139372469397e-01 -4.60034671736926e-01 1.00000000000000e+00
573 1.28502521751962e+00 -4.59787326122972e-01 1.00000000000000e+00
574 1.88626356981182e+00 -4.59747913742196e-01 1.00000000000000e+00
575 2.28520162413919e+00 -4.59372767346331e-01 1.00000000000000e+00
576 2.68568496191756e+00 -4.59652296018908e-01 1.00000000000000e+00
577 3.08648136848547e+00 -4.60204243433102e-01 1.00000000000000e+00
578 3.48702244908740e+00 -4.57686687891861e-01 1.00000000000000e+00
579 1.77544902660013e+00 -2.78411363831427e-01 1.00000000000000e+00
580 -1.42186954879506e+00 -2.80700345530903e-01 1.00000000000000e+00
581 -4.32955390290620e+00 1.61416136529476e-01 1.00000000000000e+00
582 -4.36961022461483e+00 3.11327627351598e-01 1.00000000000000e+00
583 -4.32097630709522e+00 4.39761207813173e-01 1.00000000000000e+00
584 -8.21840099244381e-01 -2.92733686183344e-01 1.00000000000000e+00
585 3.58000104719211e+00 -2.74083190320456e-01 1.00000000000000e+00
586 -4.13649544208465e+00 4.26360660549648e-01 1.00000000000000e+00
587 -3.94526908345111e+00 4.12881068078540e-01 1.00000000000000e+00
588 -3.74492056052916e+00 4.09723054109811e-01 1.00000000000000e+00
589 -3.54363657282896e+00 4.08932375230208e-01 1.00000000000000e+00
590 -3.34172217808971e+00 4.09344561114644e-01 1.00000000000000e+00
591 -3.14016510008464e+00 4.09092312407916e-01 1.00000000000000e+00
592 -2.93890681353807e+00 4.08454937230968e-01 1.00000000000000e+00
593 -2.73787844451324e+00 4.07873353832438e-01 1.00000000000000e+00
594 -2.53723861644607e+00 4.07368791717560e-01 1.00000000000000e+00
595 -2.33704082069412e+00 4.07339044607148e-01 1.00000000000000e+00
596 -2.13704148216251e+00 4.08067787712114e-01 1.00000000000000e+00
597 -1.93791183292376e+00 4.07640616783533e-01 1.00000000000000e+00
598 -1.73814277274122e+00 4.07956247813586e-01 1.00000000000000e+00
599 -1.53800893298428e+00 4.08470296953884e-01 1.00000000000000e+00
600 -1.33763245233843e+00 4.09373518218061e-01 1.00000000000000e+00
601 -1.13769390854599e+00 4.11427598465623e-01 1.00000000000000e+00
602 -9.39915185172122e-01 4.17772469392057e-01 1.00000000000000e+00
603 -7.41008332474374e-01 4.26070285271322e-01 1.00000000000000e+00
604 -5.38878125597152e-01 4.25422757770384e-01 1.00000000000000e+00
605 -3.40058875101943e-01 4.14484931451119e-01 1.00000000000000e+00
606 -1.39840233521575e-01 4.10525590665487e-01 1.00000000000000e+00
607 5.98947764020386e-02 4.08754784374588e-01 1.00000000000000e+00
608 2.60043039299258e-01 4.09096043593432e-01 1.00000000000000e+00
609 4.60139720614190e-01 4.09845175221317e-01 1.00000000000000e+00
610 6.60042378133177e-01 4.10157212440282e-01 1.00000000000000e+00
611 8.59985886336159e-01 4.10266164911960e-01 1.00000000000000e+00
612 1.06008374496891e+00 4.10273205680125e-01 1.00000000000000e+00
613 1.26009643337933e+00 4.09999835355427e-01 1.00000000000000e+00
614 1.46010929589450e+00 4.09918499824264e-01 1.00000000000000e+00
615 1.66013751788854e+00 4.10041996412879e-01 1.00000000000000e+00
616 1.86004694088502e+00 4.10131081097495e-01 1.00000000000000e+00
617 2.06000967668008e+00 4.10346639764778e-01 1.00000000000000e+00
618 2.25992928205412e+00 4.10408430357984e-01 1.00000000000000e+00
619 2.45994272094473e+00 4.10470227971721e-01 1.00000000000000e+00
620 2.65982206089024e+00 4.10241436140778e-01 1.00000000000000e+00
621 2.85951715532968e+00 4.10061702328753e-01 1.00000000000000e+00
622 3.05875456986951e+00 4.10203271840878e-01 1.00000000000000e+00
623 3.25716349897799e+00 4.11288741208804e-01 1.00000000000000e+00
624 3.45418894022495e+00 4.13874051669202e-01 1.00000000000000e+00
625 3.64949115119912e+00 4.17680135826597e-01 1.00000000000000e+00
626 3.84602511248949e+00 4.17678733909349e-01 1.00000000000000e+00
627 4.04633202499807e+00 4.06999572209481e-01 1.00000000000000e+00
628 4.24557162733726e+00 3.90732203812952e-01 1.00000000000000e+00
629 -2.48047100095157e-02 -2.82194839458777e-01 1.00000000000000e+00
630 -2.22168760697620e+00 -2.82148682555911e-01 1.00000000000000e+00
631 4.36098493181887e+00 2.00085650995780e-01 1.00000000000000e+00
632 7.75599613085628e-01 -2.77949111020031e-01 1.00000000000000e+00
633 -3.02506618986409e+00 -2.78615350205555e-01 1.00000000000000e+00
634 -3.62939288376136e+00 -2.79882241645607e-01 1.00000000000000e+00
635 -1.82178878816079e+00 -2.81278431068849e-01 1.00000000000000e+00
636 -2.42256849969244e+00 -2.82026206788192e-01 1.00000000000000e+00
637 -1.62299119473325e+00 -2.81042325450869e-01 1.00000000000000e+00
638 -4.32344581906832e+00 -1.76554723674239e-01 1.00000000000000e+00
639 5.76313355860274e-01 -2.77861543284989e-01 1.00000000000000e+00
640 4.30423857458173e+00 -1.86530176024721e-01 1.00000000000000e+00
641 -4.22564353153144e+00 -3.17912887610513e-01 1.00000000000000e+00
642 -2.62271483581341e+00 -2.81004895712711e-01 1.00000000000000e+00
643 -2.23841526936384e-01 -2.84445565463791e-01 1.00000000000000e+00
644 2.37590053340426e+00 -2.77556599701525e-01 1.00000000000000e+00
645 3.76808883394878e-01 -2.78712599690030e-01 1.00000000000000e+00
646 4.15953042639207e+00 -2.96747264778062e-01 1.00000000000000e+00
647 1.37508198706902e+00 -2.78641232503803e-01 1.00000000000000e+00
648 1.17579141752620e+00 -2.78178638969578e-01 1.00000000000000e+00
649 2.17657108098709e+00 -2.77785878412866e-01 1.00000000000000e+00
650 2.77645166110972e+00 -2.78177667209626e-01 1.00000000000000e+00
651 3.17539481693037e+00 -2.78778296834259e-01 1.00000000000000e+00
652 1.57649372664989e+00 -2.78104456962404e-01 1.00000000000000e+00
653 -3.83191703301239e+00 -2.85380934719652e-01 1.00000000000000e+00
654 -4.02919704385108e+00 -2.97357506308895e-01 1.00000000000000e+00
655 -1.02043056347505e+00 -2.84492513936755e-01 1.00000000000000e+00
656 3.37720711850673e+00 -2.77083420806045e-01 1.00000000000000e+00
657 -2.82362637676575e+00 -2.79948588893899e-01 1.00000000000000e+00
658 3.97987021336922e+00 -2.77576584432904e-01 1.00000000000000e+00
659 -4.21077491036187e-01 -2.90867682807259e-01 1.00000000000000e+00
660 4.25023412948298e+00 2.65859250187408e-02 1.00000000000000e+00
661 -2.02229701529272e+00 -2.81555547345794e-01 1.00000000000000e+00
662 -1.22095708653967e+00 -2.81297904205006e-01 1.00000000000000e+00
663 -3.42646459699100e+00 -2.77226695259333e-01 1.00000000000000e+00
664 -4.31207718952588e+00 -1.13627312104736e-02 1.00000000000000e+00
665 1.76886470075790e-01 -2.80367190180294e-01 1.00000000000000e+00
666 9.75107138779132e-01 -2.77759387813418e-01 1.00000000000000e+00
667 2.57515319211008e+00 -2.78087278734629e-01 1.00000000000000e+00
668 -3.22443007216163e+00 -2.76964524350706e-01 1.00000000000000e+00
669 1.97621661407874e+00 -2.77918887407308e-01 1.00000000000000e+00
670 2.97575861437127e+00 -2.78971417809353e-01 1.00000000000000e+00
671 3.78294986601005e+00 -2.69193721009956e-01 1.00000000000000e+00
672 -6.21340668419373e-01 -2.96057492351774e-01 1.00000000000000e+00
673 -4.14976781623756e+00 -1.31073622377270e-01 1.00000000000000e+00
674 5.93596652642612e-02 -1.00466004408256e-01 1.00000000000000e+00
675 1.06182703471647e+00 -9.49523009621429e-02 1.00000000000000e+00
676 -4.01111336610065e+00 2.53933496973532e-01 1.00000000000000e+00
677 -3.80522902872394e+00 2.50024323269538e-01 1.00000000000000e+00
678 -3.60297115904659e+00 2.48798570416611e-01 1.00000000000000e+00
679 -3.39857794331187e+00 2.50282068525410e-01 1.00000000000000e+00
680 -3.19638464554260e+00 2.49945163813776e-01 1.00000000000000e+00
681 -2.99473385464482e+00 2.48936591529958e-01 1.00000000000000e+00
682 -2.79301372673989e+00 2.48251507186887e-01 1.00000000000000e+00
683 -2.59195797882598e+00 2.47463824432352e-01 1.00000000000000e+00
684 -2.39154628370804e+00 2.46507589501636e-01 1.00000000000000e+00
685 -2.18985234486076e+00 2.48689903630958e-01 1.00000000000000e+00
686 -1.99320552885749e+00 2.46957143678120e-01 1.00000000000000e+00
687 -1.79304466101181e+00 2.47574597089583e-01 1.00000000000000e+00
688 -1.59272937726806e+00 2.48088558084436e-01 1.00000000000000e+00
689 -1.39158256514079e+00 2.48991238008846e-01 1.00000000000000e+00
690 -1.18995223796417e+00 2.49926232236635e-01 1.00000000000000e+00
691 -9.88775388789192e-01 2.52863885304180e-01 1.00000000000000e+00
692 -7.96081450790305e-01 2.73886372770206e-01 1.00000000000000e+00
693 -5.93772655621492e-01 2.82827889987399e-01 1.00000000000000e+00
694 -3.99797938663481e-01 2.56330910235512e-01 1.00000000000000e+00
695 -1.95638300686513e-01 2.51599070945536e-01 1.00000000000000e+00
696 3.05486442151803e-03 2.48212271331411e-01 1.00000000000000e+00
697 2.04533015370441e-01 2.48887089609673e-01 1.00000000000000e+00
698 4.05211764991078e-01 2.50294504215466e-01 1.00000000000000e+00
699 6.04901511460215e-01 2.50624437461861e-01 1.00000000000000e+00
700 8.04669281400629e-01 2.50731846481608e-01 1.00000000000000e+00
701 1.00498034139096e+00 2.51105112888972e-01 1.00000000000000e+00
702 1.20482558440802e+00 2.50505230387898e-01 1.00000000000000e+00
703 1.40486027096112e+00 2.50281458644462e-01 1.00000000000000e+00
704 1.60513051132756e+00 2.50619642933941e-01 1.00000000000000e+00
705 1.80490000524024e+00 2.50483390790687e-01 1.00000000000000e+00
706 2.00500995725943e+00 2.50991629229798e-01 1.00000000000000e+00
707 2.20475216284300e+00 2.50907731003205e-01 1.00000000000000e+00
708 2.40496805900775e+00 2.51325660362447e-01 1.00000000000000e+00
709 2.60473727789420e+00 2.50885706947087e-01 1.00000000000000e+00
710 2.80450749852849e+00 2.50528157749895e-01 1.00000000000000e+00
711 3.00387263472776e+00 2.50191949943711e-01 1.00000000000000e+00
712 3.20269685511142e+00 2.50765918783461e-01 1.00000000000000e+00
713 3.40027498846800e+00 2.53363482340847e-01 1.00000000000000e+00
714 3.59441168965658e+00 2.58671436592968e-01 1.00000000000000e+00
715 3.78263645290347e+00 2.68281007061645e-01 1.00000000000000e+00
716 3.97476767306989e+00 2.61005057837903e-01 1.00000000000000e+00
717 4.16523760230297e+00 2.28041309831739e-01 1.00000000000000e+00
718 8.60204112863723e-01 -9.64253639256825e-02 1.00000000000000e+00
719 -2.53630792601589e+00 -9.99079639120553e-02 1.00000000000000e+00
720 6.61772567655698e-01 -9.52110041681308e-02 1.00000000000000e+00
721 3.26047776415145e+00 -9.70762068131188e-02 1.00000000000000e+00
722 -2.13626763427626e+00 -1.01276362350560e-01 1.00000000000000e+00
723 4.10578408677312e+00 -1.18550017016159e-01 1.00000000000000e+00
724 -5.32704741054243e-01 -1.22592210314148e-01 1.00000000000000e+00
725 -1.53664955698250e+00 -9.97396140229179e-02 1.00000000000000e+00
726 3.88866150034117e+00 -6.94265183390940e-02 1.00000000000000e+00
727 2.66033588564524e+00 -9.69408415039763e-02 1.00000000000000e+00
728 -4.11580645820135e+00 7.98975078073856e-02 1.00000000000000e+00
729 2.46213229541734e+00 -9.45929526391298e-02 1.00000000000000e+00
730 -7.34124837787522e-01 -1.27072092232020e-01 1.00000000000000e+00
731 -1.40434311740009e-01 -1.00982249422860e-01 1.00000000000000e+00
732 -4.20262699979847e+00 2.82002783322238e-01 1.00000000000000e+00
733 1.86067655079476e+00 -9.69096043090244e-02 1.00000000000000e+00
734 -1.13271581113188e+00 -9.93980278154523e-02 1.00000000000000e+00
735 1.46088284830761e+00 -9.70595701315176e-02 1.00000000000000e+00
736 2.26070684827135e+00 -9.63242169081097e-02 1.00000000000000e+00
737 -1.73765255169773e+00 -1.00535210475182e-01 1.00000000000000e+00
738 3.05953367380862e+00 -9.80954614423790e-02 1.00000000000000e+00
739 -3.75056987382598e+00 -1.00097337029684e-01 1.00000000000000e+00
740 -3.95665491230973e+00 -1.06303012096113e-01 1.00000000000000e+00
741 3.66537079636360e+00 -8.83407104784779e-02 1.00000000000000e+00
742 -9.31498020596565e-01 -1.05647806646135e-01 1.00000000000000e+00
743 3.46257295666919e+00 -9.42029569129429e-02 1.00000000000000e+00
744 -3.42358830444495e-01 -1.04747789464927e-01 1.00000000000000e+00
745 -1.33440274695149e+00 -9.88994805309240e-02 1.00000000000000e+00
746 1.66239136008782e+00 -9.54546095247916e-02 1.00000000000000e+00
747 1.25978776123050e+00 -9.74828096446505e-02 1.00000000000000e+00
748 4.63179238588864e-01 -9.52323158575725e-02 1.00000000000000e+00
749 2.86193636484593e+00 -9.57217936428518e-02 1.00000000000000e+00
750 -2.93948465806906e+00 -9.83714693617622e-02 1.00000000000000e+00
751 -2.33766243323461e+00 -1.02262233231456e-01 1.00000000000000e+00
752 2.61490671776316e-01 -9.82837108632570e-02 1.00000000000000e+00
753 2.06232669377576e+00 -9.51029301772798e-02 1.00000000000000e+00
754 -3.13906012452987e+00 -9.44428244547496e-02 1.00000000000000e+00
755 -1.93510454664872e+00 -9.90904014296716e-02 1.00000000000000e+00
756 -3.54455393332708e+00 -9.62261991412918e-02 1.00000000000000e+00
757 -2.73665779184604e+00 -9.91744327026532e-02 1.00000000000000e+00
758 -2.45933349494455e+00 7.69035894387504e-02 1.00000000000000e+00
759 -4.79759409299401e-01 8.73595248273307e-02 1.00000000000000e+00
760 -3.67150247218417e+00 8.08457222721344e-02 1.00000000000000e+00
761 -3.46504355039474e+00 8.34402692860443e-02 1.00000000000000e+00
762 -3.26360104056577e+00 8.26542898766767e-02 1.00000000000000e+00
763 -3.06273164843372e+00 8.08855958313179e-02 1.00000000000000e+00
764 -2.85947442899968e+00 8.04235875236130e-02 1.00000000000000e+00
765 -2.65717181205771e+00 7.98313741600842e-02 1.00000000000000e+00
766 -2.05696870519708e+00 7.89467084166793e-02 1.00000000000000e+00
767 -1.85875559594311e+00 7.86603177368750e-02 1.00000000000000e+00
768 -1.65948804090752e+00 7.88748278401767e-02 1.00000000000000e+00
769 -1.45734712229059e+00 8.02765882143617e-02 1.00000000000000e+00
770 -1.25444205636312e+00 8.13179433623152e-02 1.00000000000000e+00
771 -1.05153025810252e+00 7.89416663456057e-02 1.00000000000000e+00
772 -8.34672771953486e-01 7.78806195684014e-02 1.00000000000000e+00
773 -6.67860286232178e-01 1.57785523049235e-01 1.00000000000000e+00
774 -6.23548156357110e-02 7.99362416868123e-02 1.00000000000000e+00
775 1.37867396868148e-01 7.95883690902057e-02 1.00000000000000e+00
776 3.40430642400618e-01 8.24435932852803e-02 1.00000000000000e+00
777 5.38956604773388e-01 8.25003070510089e-02 1.00000000000000e+00
778 7.37618349082530e-01 8.19634249160923e-02 1.00000000000000e+00
779 9.39652186610844e-01 8.38692248317534e-02 1.00000000000000e+00
780 1.13853870945139e+00 8.23232801636142e-02 1.00000000000000e+00
781 1.33800669060421e+00 8.16342669470336e-02 1.00000000000000e+00
782 1.53996339281658e+00 8.30653345018146e-02 1.00000000000000e+00
783 1.73817266678965e+00 8.16731465791496e-02 1.00000000000000e+00
784 1.93984313362428e+00 8.34361779373001e-02 1.00000000000000e+00
785 2.13803648878520e+00 8.21604872000776e-02 1.00000000000000e+00
786 2.33981555812883e+00 8.40441968596000e-02 1.00000000000000e+00
787 2.53879533153511e+00 8.28048647571029e-02 1.00000000000000e+00
788 2.73875890716844e+00 8.26522735306912e-02 1.00000000000000e+00
789 2.93800766156318e+00 8.15666666353718e-02 1.00000000000000e+00
790 3.13686095008041e+00 8.12450924510053e-02 1.00000000000000e+00
791 3.33712002990096e+00 8.34033967942500e-02 1.00000000000000e+00
792 3.53448881622759e+00 8.76566078176160e-02 1.00000000000000e+00
793 3.72518758383492e+00 9.71803868817482e-02 1.00000000000000e+00
794 3.89237628537360e+00 1.27095796592797e-01 1.00000000000000e+00
795 -2.25852238732636e+00 7.61648477766588e-02 1.00000000000000e+00
796 -3.88262542909538e+00 7.97406791103183e-02 1.00000000000000e+00
797 4.05621344627165e+00 7.38366626004514e-02 1.00000000000000e+00
798 -3.33976035177951e+00 -9.31389116254268e-02 1.00000000000000e+00
799 -2.69074972555761e-01 7.85513133015980e-02 1.00000000000000e+00
800 -6.46399072889639e-01 1.05270078658346e-02 1.00000000000000e+00
801 -4.81928584510964e+00 -7.24380490071781e-01 0.00000000000000e+00
802 -4.81103848466631e+00 -3.07611133587137e-01 0.00000000000000e+00
803 -4.81464856974311e+00 9.62206213130523e-02 0.00000000000000e+00
804 -4.80447448271612e+00 4.91236065125298e-01 0.00000000000000e+00
805 -4.71903213181354e+00 8.25086760195533e-01 0.00000000000000e+00
806 -4.30477787528073e+00 8.33439029641455e-01 0.00000000000000e+00
807 -3.90397470876470e+00 8.27357379476937e-01 0.00000000000000e+00
808 -3.50109806439332e+00 8.20968140675801e-01 0.00000000000000e+00
809 -3.09921302584919e+00 8.18498875197728e-01 0.00000000000000e+00
810 -2.69839303390212e+00 8.21132769765312e-01 0.00000000000000e+00
811 -2.29935190670326e+00 8.24781098443646e-01 0.00000000000000e+00
812 -1.90083979440065e+00 8.25028406141834e-01 0.00000000000000e+00
813 -1.50281309525585e+00 8.22006861262651e-01 0.00000000000000e+00
814 -1.10362215308070e+00 8.19792266394501e-01 0.00000000000000e+00
815 -7.02339829406752e-01 8.17773517934537e-01 0.00000000000000e+00
816 -3.00071061109750e-01 8.16594856719432e-01 0.00000000000000e+00
817 1.02250934059197e-01 8.18116320873399e-01 0.00000000000000e+00
818 5.03929480327495e-01 8.19696330675402e-01 0.00000000000000e+00
819 9.04559820517521e-01 8.20039327750414e-01 0.00000000000000e+00
820 1.30454589348820e+00 8.20207994809820e-01 0.00000000000000e+00
821 1.70440266755496e+00 8.20424565223195e-01 0.00000000000000e+00
822 2.10398567479004e+00 8.20979525390081e-01 0.00000000000000e+00
823 2.50279435124575e+00 8.22456824065766e-01 0.00000000000000e+00
824 2.90055464628070e+00 8.25372167131033e-01 0.00000000000000e+00
825 3.29855664941006e+00 8.25419179894471e-01 0.00000000000000e+00
826 3.69679633686754e+00 8.22430063806757e-01 0.00000000000000e+00
827 4.09632879051204e+00 8.21882115727476e-01 0.00000000000000e+00
828 4.49368181375766e+00 8.16328934908020e-01 0.00000000000000e+00
829 4.81595980956012e+00 -7.07572384007978e-01 0.00000000000000e+00
830 4.81852307800654e+00 -4.90350576849485e-01 0.00000000000000e+00
831 4.82320916629356e+00 -2.82953358440992e-01 0.00000000000000e+00
832 4.82476450010509e+00 -7.91591894138425e-02 0.00000000000000e+00
833 4.82494016652616e+00 1.21135697113567e-01 0.00000000000000e+00
834 4.83037984623897e+00 3.17030634524895e-01 0.00000000000000e+00
835 4.82688582971392e+00 5.19375487540618e-01 0.00000000000000e+00
836 4.82557973627256e+00 7.24829546907956e-01 0.00000000000000e+00
837 -4.66846770343475e+00 -8.33941311672638e-01 0.00000000000000e+00
838 -4.49461804716551e+00 -8.33116633524639e-01 0.00000000000000e+00
839 -4.30247629688845e+00 -8.36661059407466e-01 0.00000000000000e+00
840 -4.10820361565736e+00 -8.28232111798121e-01 0.00000000000000e+00
841 -3.90939740278003e+00 -8.21596133684911e-01 0.00000000000000e+00
842 -3.70882834361604e+00 -8.18689445219105e-01 0.00000000000000e+00
843 -3.50668516773185e+00 -8.20272959731177e-01 0.00000000000000e+00
844 -3.30438806182266e+00 -8.22444819033945e-01 0.00000000000000e+00
845 -3.10284892800304e+00 -8.23010409412106e-01 0.00000000000000e+00
846 -2.90213319108884e+00 -8.22036340776015e-01 0.00000000000000e+00
847 -2.70171327109431e+00 -8.20414810099843e-01 0.00000000000000e+00
848 -2.50109753292597e+00 -8.18768031236224e-01 0.00000000000000e+00
849 -2.30023122296883e+00 -8.17479910239449e-01 0.00000000000000e+00
850 -2.09927685295204e+00 -8.17000347369036e-01 0.00000000000000e+00
851 -1.89833751778949e+00 -8.17515189807892e-01 0.00000000000000e+00
852 -1.69748601575654e+00 -8.18653573890498e-01 0.00000000000000e+00
853 -1.49687973833421e+00 -8.19830140695317e-01 0.00000000000000e+00
854 -1.29667786007029e+00 -8.20777277954910e-01 0.00000000000000e+00
855 -1.09694234268111e+00 -8.21632782762373e-01 0.00000000000000e+00
856 -8.97653127244288e-01 -8.22685445465975e-01 0.00000000000000e+00
857 -6.98683964276950e-01 -8.24078140466201e-01 0.00000000000000e+00
858 -4.99736320468009e-01 -8.25414501500392e-01 0.00000000000000e+00
859 -3.00607687717371e-01 -8.25878979569774e-01 0.00000000000000e+00
860 -1.01449598212566e-01 -8.25082353814827e-01 0.00000000000000e+00
861 9.75920827350345e-02 -8.23552943658697e-01 0.00000000000000e+00
862 2.96706915126627e-01 -8.22181934819765e-01 0.00000000000000e+00
863 4.96120159182803e-01 -8.21387192384058e-01 0.00000000000000e+00
864 6.95833687399427e-01 -8.21065054105885e-01 0.00000000000000e+00
865 8.95746811456910e-01 -8.20995901176759e-01 0.00000000000000e+00
866 1.09575688859702e+00 -8.21009995008535e-01 0.00000000000000e+00
867 1.29579588296721e+00 -8.21010160155553e-01 0.00000000000000e+00
868 1.49583391996193e+00 -8.20951441939869e-01 0.00000000000000e+00
869 1.69587286250050e+00 -8.20818219087535e-01 0.00000000000000e+00
870 1.89594479388270e+00 -8.20604186916540e-01 0.00000000000000e+00
871 2.09610923510914e+00 -8.20285685446762e-01 0.00000000000000e+00
872 2.29643311863791e+00 -8.19801158947919e-01 0.00000000000000e+00
873 2.49694901093499e+00 -8.19078014103186e-01 0.00000000000000e+00
874 2.69758666122410e+00 -8.18160087327223e-01 0.00000000000000e+00
875 2.89811445680314e+00 -8.17425053960197e-01 0.00000000000000e+00
876 3.09824854091252e+00 -8.17511674117065e-01 0.00000000000000e+00
877 3.29780937105603e+00 -8.18810682929721e-01 0.00000000000000e+00
878 3.49671502590731e+00 -8.21132222900235e-01 0.00000000000000e+00
879 3.69509345502335e+00 -8.23932956900958e-01 0.00000000000000e+00
880 3.89369402928033e+00 -8.26412363130950e-01 0.00000000000000e+00
881 4.09362218238932e+00 -8.27342971535463e-01 0.00000000000000e+00
882 4.29278439088125e+00 -8.28514508269341e-01 0.00000000000000e+00
883 4.47213373462753e+00 -8.50219377752673e-01 0.00000000000000e+00
884 4.63531226750102e+00 -7.89177499953520e-01 0.00000000000000e+00
885 -4.80411382892739e+00 -5.13522038886757e-01 0.00000000000000e+00
886 -4.81776236145312e+00 -1.04786041069740e-01 0.00000000000000e+00
887 -4.80615210366530e+00 2.95368988599929e-01 0.00000000000000e+00
888 -4.82317726809024e+00 6.70395321509786e-01 0.00000000000000e+00
889 -4.50992025227004e+00 8.26468013816468e-01 0.00000000000000e+00
890 -4.10571869108202e+00 8.28994974820405e-01 0.00000000000000e+00
891 -3.70215622731498e+00 8.24466182123190e-01 0.00000000000000e+00
892 -3.30007845953891e+00 8.19063099186394e-01 0.00000000000000e+00
893 -2.89860687017427e+00 8.19500241838377e-01 0.00000000000000e+00
894 -2.49874732131679e+00 8.23054007876058e-01 0.00000000000000e+00
895 -2.10000749505891e+00 8.25620250311231e-01 0.00000000000000e+00
896 -1.70176587294177e+00 8.23574962010025e-01 0.00000000000000e+00
897 -1.30330061646542e+00 8.20920501633329e-01 0.00000000000000e+00
898 -9.03111909897468e-01 8.18996101001579e-01 0.00000000000000e+00
899 -5.01207219098837e-01 8.16992697860718e-01 0.00000000000000e+00
900 -9.88037947432678e-02 8.16901888263706e-01 0.00000000000000e+00
901 3.03331142004919e-01 8.18982555726566e-01 0.00000000000000e+00
902 7.04550025603446e-01 8.19829153185064e-01 0.00000000000000e+00
903 1.10483320162373e+00 8.20009220867035e-01 0.00000000000000e+00
904 1.50471125309049e+00 8.20231720231023e-01 0.00000000000000e+00
905 1.90448655423234e+00 8.20545865511734e-01 0.00000000000000e+00
906 2.30374667092121e+00 8.21408329195055e-01 0.00000000000000e+00
907 2.70177496492052e+00 8.23871593577142e-01 0.00000000000000e+00
908 3.09953629049005e+00 8.26029141075606e-01 0.00000000000000e+00
909 3.49749754258397e+00 8.23854204167913e-01 0.00000000000000e+00
910 3.89641927683453e+00 8.21506257489502e-01 0.00000000000000e+00
911 4.29704355251773e+00 8.19222503904755e-01 0.00000000000000e+00
912 4.67171890670222e+00 8.30055944182535e-01 0.00000000000000e+00
913 -4.40344144922331e+00 6.76858184142827e-01 0.00000000000000e+00
914 -4.01137955828924e+00 6.57928462799179e-01 0.00000000000000e+00
915 -4.61965424899855e+00 1.87636526609193e-01 0.00000000000000e+00
916 -4.21597616702113e+00 6.57832678382811e-01 0.00000000000000e+00
917 -4.60660130197127e+00 6.19053056022744e-01 0.00000000000000e+00
918 -4.64084178944539e+00 -7.83144750958220e-03 0.00000000000000e+00
919 -4.60017034153679e+00 3.93790920391691e-01 0.00000000000000e+00
920 -3.60472363462433e+00 6.44951329306640e-01 0.00000000000000e+00
921 -3.19923164715801e+00 6.36519782825737e-01 0.00000000000000e+00
922 -2.79555368697189e+00 6.40315046245896e-01 0.00000000000000e+00
923 -2.39702200942594e+00 6.47884526607104e-01 0.00000000000000e+00
924 -2.00091719013661e+00 6.51380016729443e-01 0.00000000000000e+00
925 -1.60584173119228e+00 6.44942484989479e-01 0.00000000000000e+00
926 -1.20839804585401e+00 6.40407977282692e-01 0.00000000000000e+00
927 -8.06591739461897e-01 6.37090976826754e-01 0.00000000000000e+00
928 -4.01484408175559e-01 6.32832604025312e-01 0.00000000000000e+00
929 4.39241883355290e-03 6.34719898874800e-01 0.00000000000000e+00
930 4.08197642912808e-01 6.39122475383647e-01 0.00000000000000e+00
931 8.09815080710258e-01 6.39917411559580e-01 0.00000000000000e+00
932 1.20998372679506e+00 6.40068339705316e-01 0.00000000000000e+00
933 1.60961739842980e+00 6.40537873813225e-01 0.00000000000000e+00
934 2.00921804600701e+00 6.41249228840234e-01 0.00000000000000e+00
935 2.40789905348591e+00 6.43116542323400e-01 0.00000000000000e+00
936 2.80305549636925e+00 6.49110696984255e-01 0.00000000000000e+00
937 3.19772923002325e+00 6.52060132500639e-01 0.00000000000000e+00
938 3.59279020382266e+00 6.45508420019228e-01 0.00000000000000e+00
939 3.99259533958678e+00 6.42252597100412e-01 0.00000000000000e+00
940 4.39930070926608e+00 6.32761886936258e-01 0.00000000000000e+00
941 4.62073475821352e+00 6.23881967391173e-01 0.00000000000000e+00
942 -4.60616535008999e+00 -4.09150573587568e-01 0.00000000000000e+00
943 -4.59985326316897e+00 -6.33537394381243e-01 0.00000000000000e+00
944 4.63178771393508e+00 -5.75977239132835e-01 0.00000000000000e+00
945 4.64560812214309e+00 -3.65050840680017e-01 0.00000000000000e+00
946 4.65205442601525e+00 -1.57937768315509e-01 0.00000000000000e+00
947 4.64861273872403e+00 4.62169171699205e-02 0.00000000000000e+00
948 4.64798018950035e+00 2.44661898070132e-01 0.00000000000000e+00
949 4.67424335839572e+00 4.25219282150502e-01 0.00000000000000e+00
950 -4.63539059669240e+00 -2.07065904630892e-01 0.00000000000000e+00
951 -4.40126236428950e+00 -6.83322174976200e-01 0.00000000000000e+00
952 -4.22228267083696e+00 -6.63198677121554e-01 0.00000000000000e+00
953 -4.02380481331055e+00 -6.49831095754126e-01 0.00000000000000e+00
954 -3.82265088588089e+00 -6.35968257480196e-01 0.00000000000000e+00
955 -3.61637264205316e+00 -6.37682065823236e-01 0.00000000000000e+00
956 -3.41031146784835e+00 -6.44138564762085e-01 0.00000000000000e+00
957 -3.20665691266980e+00 -6.47184533509561e-01 0.00000000000000e+00
958 -3.00536350917996e+00 -6.45836910728942e-01 0.00000000000000e+00
959 -2.80508711070463e+00 -6.42526182115688e-01 0.00000000000000e+00
960 -2.60424629190126e+00 -6.39102182079614e-01 0.00000000000000e+00
961 -2.40238410090680e+00 -6.35872006356943e-01 0.00000000000000e+00
962 -2.19991686908161e+00 -6.33677329739802e-01 0.00000000000000e+00
963 -1.99737235083905e+00 -6.33746191962439e-01 0.00000000000000e+00
964 -1.79501139494985e+00 -6.35907485868853e-01 0.00000000000000e+00
965 -1.59319272173796e+00 -6.38564803036844e-01 0.00000000000000e+00
966 -1.39227280239244e+00 -6.40586769523292e-01 0.00000000000000e+00
967 -1.19229917464474e+00 -6.42079284518452e-01 0.00000000000000e+00
968 -9.93233643294841e-01 -6.43684718069304e-01 0.00000000000000e+00
969 -7.95058311148587e-01 -6.46072485055267e-01 0.00000000000000e+00
970 -5.97601807689366e-01 -6.49372841684802e-01 0.00000000000000e+00
971 -4.00095721360051e-01 -6.51945252952875e-01 0.00000000000000e+00
972 -2.02272220658902e-01 -6.51602145615565e-01 0.00000000000000e+00
973 -4.59884432888913e-03 -6.48496176087071e-01 0.00000000000000e+00
974 1.93181901703428e-01 -6.45037374736083e-01 0.00000000000000e+00
975 3.91740429864238e-01 -6.42912544030395e-01 0.00000000000000e+00
976 5.91039353295383e-01 -6.41996328756274e-01 0.00000000000000e+00
977 7.90810915655920e-01 -6.41769261946908e-01 0.00000000000000e+00
978 9.90812630187545e-01 -6.41809298769847e-01 0.00000000000000e+00
979 1.19088342235420e+00 -6.41865099846230e-01 0.00000000000000e+00
980 1.39094213417408e+00 -6.41819198240770e-01 0.00000000000000e+00
981 1.59096918625310e+00 -6.41628869499510e-01 0.00000000000000e+00
982 1.79099873500362e+00 -6.41294688706214e-01 0.00000000000000e+00
983 1.99112763350009e+00 -6.40819509928191e-01 0.00000000000000e+00
984 2.19150147942645e+00 -6.40127180253038e-01 0.00000000000000e+00
985 2.39227646439008e+00 -6.39028563925174e-01 0.00000000000000e+00
986 2.59355430204555e+00 -6.37319847974162e-01 0.00000000000000e+00
987 2.79520446915338e+00 -6.35162994387866e-01 0.00000000000000e+00
988 2.99661979572399e+00 -6.33811913391695e-01 0.00000000000000e+00
989 3.19710871214922e+00 -6.34908529727075e-01 0.00000000000000e+00
990 3.39616474508146e+00 -6.38673910110540e-01 0.00000000000000e+00
991 3.59331089858063e+00 -6.43990292516220e-01 0.00000000000000e+00
992 3.78887461458181e+00 -6.49935499372482e-01 0.00000000000000e+00
993 3.98557007830866e+00 -6.55043718937966e-01 0.00000000000000e+00
994 4.18998524641549e+00 -6.55392645409786e-01 0.00000000000000e+00
995 4.42300903279157e+00 -6.54558084890711e-01 0.00000000000000e+00
996 -2.99689829810338e+00 6.37171170292463e-01 0.00000000000000e+00
997 -3.40189675171472e+00 6.38776254851417e-01 0.00000000000000e+00
998 -3.80683506405343e+00 6.53609204964026e-01 0.00000000000000e+00
999 -2.59549124527565e+00 6.43618522987593e-01 0.00000000000000e+00
1000 -2.19895546722644e+00 6.51198791568850e-01 0.00000000000000e+00
1001 -1.80344213993849e+00 6.48513739371649e-01 0.00000000000000e+00
1002 -1.40736631038498e+00 6.42427997707882e-01 0.00000000000000e+00
1003 -1.00826869064726e+00 6.38654045551168e-01 0.00000000000000e+00
1004 -6.04464713649596e-01 6.34381207251801e-01 0.00000000000000e+00
1005 -1.98640409497093e-01 6.33190320069493e-01 0.00000000000000e+00
1006 2.06702982573848e-01 6.37374708192995e-01 0.00000000000000e+00
1007 6.09687107333096e-01 6.39409805272877e-01 0.00000000000000e+00
1008 1.01047791030199e+00 6.39704821021277e-01 0.00000000000000e+00
1009 1.41021250993238e+00 6.40134519911695e-01 0.00000000000000e+00
1010 1.81001867867147e+00 6.40546642041113e-01 0.00000000000000e+00
1011 2.20879213251199e+00 6.41932966640656e-01 0.00000000000000e+00
1012 2.60579059231933e+00 6.45597057020816e-01 0.00000000000000e+00
1013 3.00037756994695e+00 6.52007385327812e-01 0.00000000000000e+00
1014 3.39510476205120e+00 6.49247504048255e-01 0.00000000000000e+00
1015 3.79225292864974e+00 6.43124217693686e-01 0.00000000000000e+00
1016 4.19198825499260e+00 6.45773957568379e-01 0.00000000000000e+00
1017 -1.70987029297715e+00 4.68516675278413e-01 0.00000000000000e+00
1018 -4.44608391759780e+00 6.48295243646519e-02 0.00000000000000e+00
1019 -9.14352496558744e-01 4.56421655023656e-01 0.00000000000000e+00
1020 -3.91313301129684e+00 4.90500976777902e-01 0.00000000000000e+00
1021 -3.50794433607188e+00 4.59968192326623e-01 0.00000000000000e+00
1022 -4.36513034893566e+00 4.78084648614238e-01 0.00000000000000e+00
1023 -4.36987497241807e+00 -4.85620675267611e-01 0.00000000000000e+00
1024 -5.06130554938143e-01 4.48572538096518e-01 0.00000000000000e+00
1025 -2.49071502472411e+00 4.67154697963768e-01 0.00000000000000e+00
1026 -2.09978233380923e+00 4.79341456670596e-01 0.00000000000000e+00
1027 -1.90446719105149e+00 4.75723773920171e-01 0.00000000000000e+00
1028 -2.68939554884739e+00 4.61444993078836e-01 0.00000000000000e+00
1029 -3.71306873951052e+00 4.73431155729373e-01 0.00000000000000e+00
1030 -1.11612853845050e+00 4.58157853818383e-01 0.00000000000000e+00
1031 -1.31556267312395e+00 4.60477745080536e-01 0.00000000000000e+00
1032 -7.11468155849833e-01 4.52638043698746e-01 0.00000000000000e+00
1033 4.28046960280203e+00 4.81370487450837e-01 0.00000000000000e+00
1034 1.11271771091462e-01 4.53285580386826e-01 0.00000000000000e+00
1035 5.16328873283419e-01 4.58262221977081e-01 0.00000000000000e+00
1036 9.17671723053208e-01 4.58759270223990e-01 0.00000000000000e+00
1037 1.31780608786010e+00 4.58879966190163e-01 0.00000000000000e+00
1038 1.71737748969724e+00 4.59644108705288e-01 0.00000000000000e+00
1039 2.11658311078542e+00 4.60856731528519e-01 0.00000000000000e+00
1040 2.51356596389971e+00 4.64548400636885e-01 0.00000000000000e+00
1041 2.90398881054642e+00 4.76467172964340e-01 0.00000000000000e+00
1042 3.29282422448830e+00 4.76631122255193e-01 0.00000000000000e+00
1043 3.68474650633307e+00 4.64279941339766e-01 0.00000000000000e+00
1044 4.47224080314313e+00 4.06272279112541e-01 0.00000000000000e+00
1045 4.46291027407559e+00 -4.39792369867227e-01 0.00000000000000e+00
1046 4.48526509524453e+00 -2.36192715535183e-01 0.00000000000000e+00
1047 4.48150047458613e+00 -3.14723111913447e-02 0.00000000000000e+00
1048 4.46069333097187e+00 1.76848191648997e-01 0.00000000000000e+00
1049 -4.48780215958410e+00 -1.05095457612398e-01 0.00000000000000e+00
1050 -3.09559105922876e+00 4.52064720371922e-01 0.00000000000000e+00
1051 -4.41022024268825e+00 2.59808107930102e-01 0.00000000000000e+00
1052 -4.14718292754976e+00 -5.00038883882044e-01 0.00000000000000e+00
1053 -3.95285778936494e+00 -4.51653298836818e-01 0.00000000000000e+00
1054 -3.73356963691822e+00 -4.47463241065998e-01 0.00000000000000e+00
1055 -3.51795307883561e+00 -4.62657172040282e-01 0.00000000000000e+00
1056 -3.31103830549449e+00 -4.72500434403635e-01 0.00000000000000e+00
1057 -3.10951423906440e+00 -4.71780945163750e-01 0.00000000000000e+00
1058 -2.91082169496835e+00 -4.65696669565179e-01 0.00000000000000e+00
1059 -2.71081911020894e+00 -4.60286471897654e-01 0.00000000000000e+00
1060 -2.50847097618663e+00 -4.55159414334956e-01 0.00000000000000e+00
1061 -2.30379516875997e+00 -4.49684026984503e-01 0.00000000000000e+00
1062 -2.09819338658845e+00 -4.47019345827983e-01 0.00000000000000e+00
1063 -1.89273734237355e+00 -4.49809597695718e-01 0.00000000000000e+00
1064 -1.68831764007013e+00 -4.54953553761341e-01 0.00000000000000e+00
1065 -1.48589284359752e+00 -4.58657602608499e-01 0.00000000000000e+00
1066 -1.28515627772955e+00 -4.60884076598747e-01 0.00000000000000e+00
1067 -1.08574961522920e+00 -4.62683102423166e-01 0.00000000000000e+00
1068 -8.87654654870253e-01 -4.65301991110121e-01 0.00000000000000e+00
1069 -6.91250348369062e-01 -4.69877727100123e-01 0.00000000000000e+00
1070 -4.96699467370322e-01 -4.76643915923269e-01 0.00000000000000e+00
1071 -3.01662602356824e-01 -4.79961539018481e-01 0.00000000000000e+00
1072 -1.06473177460132e-01 -4.75746427480475e-01 0.00000000000000e+00
1073 8.85212389106247e-02 -4.68494075302044e-01 0.00000000000000e+00
1074 2.85550636153117e-01 -4.64036960835673e-01 0.00000000000000e+00
1075 4.84213134874578e-01 -4.62043479801117e-01 0.00000000000000e+00
1076 6.83787582222216e-01 -4.61459221998604e-01 0.00000000000000e+00
1077 8.83782014685959e-01 -4.61497729182986e-01 0.00000000000000e+00
1078 1.08390306073910e+00 -4.61652607735959e-01 0.00000000000000e+00
1079 1.28400015871877e+00 -4.61684111572997e-01 0.00000000000000e+00
1080 1.48401455145157e+00 -4.61507841501387e-01 0.00000000000000e+00
1081 1.68394943374994e+00 -4.61097834189319e-01 0.00000000000000e+00
1082 1.88390987433609e+00 -4.60517600392056e-01 0.00000000000000e+00
1083 2.08409289836255e+00 -4.59777960365855e-01 0.00000000000000e+00
1084 2.28474993818068e+00 -4.58656019671036e-01 0.00000000000000e+00
1085 2.48620496815328e+00 -4.56712712348584e-01 0.00000000000000e+00
1086 2.68884626238690e+00 -4.53423141399214e-01 0.00000000000000e+00
1087 2.89268491439765e+00 -4.49007437814478e-01 0.00000000000000e+00
1088 3.09619717174411e+00 -4.47313998996846e-01 0.00000000000000e+00
1089 3.29790171139615e+00 -4.51461882522152e-01 0.00000000000000e+00
1090 3.49622166502269e+00 -4.59052263199941e-01 0.00000000000000e+00
1091 3.68956709901247e+00 -4.67562326559825e-01 0.00000000000000e+00
1092 3.87869065708820e+00 -4.77853123925906e-01 0.00000000000000e+00
1093 4.06851104381338e+00 -4.87197871832291e-01 0.00000000000000e+00
1094 4.26789935208224e+00 -4.81518625404286e-01 0.00000000000000e+00
1095 -9.42192890346307e-02 4.49032374505076e-01 0.00000000000000e+00
1096 4.09157344046722e+00 4.60564955835555e-01 0.00000000000000e+00
1097 -4.12253831880731e+00 4.88943853757556e-01 0.00000000000000e+00
1098 -2.89091533326121e+00 4.56588697231998e-01 0.00000000000000e+00
1099 -2.29511578005790e+00 4.75091593702334e-01 0.00000000000000e+00
1100 -4.42320467843870e+00 -2.76693428859522e-01 0.00000000000000e+00
1101 -3.30162848134106e+00 4.52375627712539e-01 0.00000000000000e+00
1102 -3.00162182089419e-01 4.45750857769154e-01 0.00000000000000e+00
1103 -1.51350723615267e+00 4.63572945304963e-01 0.00000000000000e+00
1104 3.14215122256556e-01 4.57033172608158e-01 0.00000000000000e+00
1105 7.17778457621580e-01 4.58351183528561e-01 0.00000000000000e+00
1106 1.11840195705999e+00 4.58385023914667e-01 0.00000000000000e+00
1107 1.51706025357694e+00 4.59423335382691e-01 0.00000000000000e+00
1108 1.91757483769677e+00 4.59884113384499e-01 0.00000000000000e+00
1109 2.31516556557957e+00 4.62300095396569e-01 0.00000000000000e+00
1110 2.70999709287481e+00 4.69246932896648e-01 0.00000000000000e+00
1111 3.09839511189507e+00 4.80311456012277e-01 0.00000000000000e+00
1112 3.48698208735843e+00 4.69379842778065e-01 0.00000000000000e+00
1113 3.88673279077358e+00 4.60903643995727e-01 0.00000000000000e+00
1114 8.29118419650002e-01 2.75444164837349e-01 0.00000000000000e+00
1115 -2.19470215340829e+00 3.08043721567995e-01 0.00000000000000e+00
1116 1.22942480932330e+00 2.75335790007577e-01 0.00000000000000e+00
1117 -4.16248699662082e+00 -2.94216509055856e-01 0.00000000000000e+00
1118 3.19216124836494e+00 3.09439988976187e-01 0.00000000000000e+00
1119 2.02787079590297e+00 2.77790652627370e-01 0.00000000000000e+00
1120 -2.38289084032655e+00 2.91893466005658e-01 0.00000000000000e+00
1121 -2.57836398070018e+00 2.81986756120915e-01 0.00000000000000e+00
1122 -3.62397942078135e+00 2.87048498218220e-01 0.00000000000000e+00
1123 2.81623830509674e+00 2.93885792455237e-01 0.00000000000000e+00
1124 -1.02660782836754e+00 2.74524330231638e-01 0.00000000000000e+00
1125 -1.22751597969973e+00 2.76341159558939e-01 0.00000000000000e+00
1126 -6.17963733925223e-01 2.65409738710211e-01 0.00000000000000e+00
1127 3.57164875422792e+00 2.85124482980307e-01 0.00000000000000e+00
1128 -3.83090361533233e+00 3.07531809070825e-01 0.00000000000000e+00
1129 -1.42609018829080e+00 2.79070565498218e-01 0.00000000000000e+00
1130 2.23724422964304e-01 2.72145694945920e-01 0.00000000000000e+00
1131 6.27801430419510e-01 2.75880650421080e-01 0.00000000000000e+00
1132 -3.19639404325627e+00 2.61083522645566e-01 0.00000000000000e+00
1133 1.02895855754223e+00 2.75568168189848e-01 0.00000000000000e+00
1134 -4.29858367117666e+00 -9.83084013382545e-02 0.00000000000000e+00
1135 1.62829617214838e+00 2.76659832724887e-01 0.00000000000000e+00
1136 1.82819150314995e+00 2.77187126914291e-01 0.00000000000000e+00
1137 -1.93984274782021e-01 2.55515131691152e-01 0.00000000000000e+00
1138 -1.62270273847193e+00 2.83895273973509e-01 0.00000000000000e+00
1139 2.62276065506630e+00 2.85162455382218e-01 0.00000000000000e+00
1140 3.00306144632850e+00 3.09360354439145e-01 0.00000000000000e+00
1141 2.42529672962433e+00 2.81181288686285e-01 0.00000000000000e+00
1142 3.37856907721569e+00 2.94082863555204e-01 0.00000000000000e+00
1143 1.73351599636655e-02 2.66635132937928e-01 0.00000000000000e+00
1144 4.31959095192841e+00 -3.03930815759563e-01 0.00000000000000e+00
1145 4.33507290660981e+00 -1.17437590432995e-01 0.00000000000000e+00
1146 4.29179070304026e+00 7.53365134397557e-02 0.00000000000000e+00
1147 -8.23904565604838e-01 2.71407725660143e-01 0.00000000000000e+00
1148 -3.87151137253644e+00 -2.37701809362028e-01 0.00000000000000e+00
1149 -3.62014435723441e+00 -2.71220694755541e-01 0.00000000000000e+00
1150 -3.41225460578740e+00 -2.97739554526504e-01 0.00000000000000e+00
1151 -3.21262832041393e+00 -3.02968102987489e-01 0.00000000000000e+00
1152 -3.01969163350260e+00 -2.89725904041576e-01 0.00000000000000e+00
1153 -2.82218597701310e+00 -2.81342582923764e-01 0.00000000000000e+00
1154 -2.62071941426763e+00 -2.75140246834806e-01 0.00000000000000e+00
1155 -2.41522030439230e+00 -2.67609076479556e-01 0.00000000000000e+00
1156 -2.20427705035716e+00 -2.56762111597665e-01 0.00000000000000e+00
1157 -1.99199098113228e+00 -2.56840594777106e-01 0.00000000000000e+00
1158 -1.78149310116068e+00 -2.67545020457938e-01 0.00000000000000e+00
1159 -1.57652990212365e+00 -2.74215812607404e-01 0.00000000000000e+00
1160 -1.37471168814929e+00 -2.77595094939090e-01 0.00000000000000e+00
1161 -1.17457591871865e+00 -2.79479744793999e-01 0.00000000000000e+00
1162 -9.75660616296580e-01 -2.81721060975675e-01 0.00000000000000e+00
1163 -7.78464379648283e-01 -2.85976170899980e-01 0.00000000000000e+00
1164 -5.84755313929184e-01 -2.94399599268530e-01 0.00000000000000e+00
1165 -3.97030343201545e-01 -3.09263279646397e-01 0.00000000000000e+00
1166 -2.06678204203746e-01 -3.08710191014324e-01 0.00000000000000e+00
1167 -1.85080507509996e-02 -2.92954890694331e-01 0.00000000000000e+00
1168 1.75981472268051e-01 -2.84413504312332e-01 0.00000000000000e+00
1169 3.73940702532810e-01 -2.80671946251332e-01 0.00000000000000e+00
1170 5.73398729619403e-01 -2.79364823301292e-01 0.00000000000000e+00
1171 7.73491909026064e-01 -2.79291917883343e-01 0.00000000000000e+00
1172 9.73725037977009e-01 -2.79591658966630e-01 0.00000000000000e+00
1173 1.17388523474332e+00 -2.79739289391467e-01 0.00000000000000e+00
1174 1.37395443983583e+00 -2.79664540345298e-01 0.00000000000000e+00
1175 1.57379435794467e+00 -2.79238656988447e-01 0.00000000000000e+00
1176 1.77350441546977e+00 -2.78509970653229e-01 0.00000000000000e+00
1177 1.97335694967147e+00 -2.77728494625089e-01 0.00000000000000e+00
1178 2.17357737207854e+00 -2.76791581177637e-01 0.00000000000000e+00
1179 2.37448977480276e+00 -2.75153817872376e-01 0.00000000000000e+00
1180 2.57676621053435e+00 -2.72037173225393e-01 0.00000000000000e+00
1181 2.78179858245049e+00 -2.65989505318865e-01 0.00000000000000e+00
1182 2.99109207784175e+00 -2.56006714116505e-01 0.00000000000000e+00
1183 3.20006029217814e+00 -2.56941995646914e-01 0.00000000000000e+00
1184 3.40480458477159e+00 -2.69042100093063e-01 0.00000000000000e+00
1185 3.60027717730045e+00 -2.78983387624379e-01 0.00000000000000e+00
1186 3.78656192653284e+00 -2.90314124045190e-01 0.00000000000000e+00
1187 3.96283653631331e+00 -3.08476887526518e-01 0.00000000000000e+00
1188 4.23324345900283e+00 2.78016586412750e-01 0.00000000000000e+00
1189 -4.01157782314610e+00 3.42394644649989e-01 0.00000000000000e+00
1190 -4.06784503501425e-01 2.55686079740004e-01 0.00000000000000e+00
1191 -1.81666017067745e+00 2.93007734578881e-01 0.00000000000000e+00
1192 3.98256233887224e+00 2.73845885165479e-01 0.00000000000000e+00
1193 2.22726120504371e+00 2.78846508621059e-01 0.00000000000000e+00
1194 1.42836735040892e+00 2.76111910902621e-01 0.00000000000000e+00
1195 -2.00419242814059e+00 3.08386635251330e-01 0.00000000000000e+00
1196 -3.41140569781280e+00 2.66186964516979e-01 0.00000000000000e+00
1197 4.26523145415767e-01 2.75077550358156e-01 0.00000000000000e+00
1198 -2.98443146416737e+00 2.69685366862856e-01 0.00000000000000e+00
1199 -4.23537556211089e+00 1.00981487790935e-01 0.00000000000000e+00
1200 3.77108321926440e+00 2.79621896064069e-01 0.00000000000000e+00
1201 -4.19604362292353e+00 2.99913733573298e-01 0.00000000000000e+00
1202 4.13894230799134e+00 -3.27956122592367e-01 0.00000000000000e+00
1203 -2.77902451460205e+00 2.75737727183687e-01 0.00000000000000e+00
1204 3.64623373480879e+00 9.68193304782972e-02 0.00000000000000e+00
1205 -1.14252551924984e+00 9.09933839106536e-02 0.00000000000000e+00
1206 1.34382407339320e+00 9.03235668943023e-02 0.00000000000000e+00
1207 -4.07813244085032e+00 -7.18642984188489e-02 0.00000000000000e+00
1208 3.40787509662203e-01 8.95359931022504e-02 0.00000000000000e+00
1209 -2.26710858922001e+00 1.18658587880617e-01 0.00000000000000e+00
1210 2.93015258080255e+00 1.20326567282244e-01 0.00000000000000e+00
1211 2.34156778825333e+00 9.53520532331498e-02 0.00000000000000e+00
1212 -2.46013600188095e+00 1.01973596762281e-01 0.00000000000000e+00
1213 -1.93100227641622e+00 1.19210902108992e-01 0.00000000000000e+00
1214 2.14193865957361e+00 9.36038273961537e-02 0.00000000000000e+00
1215 -7.10383123282030e-02 7.48071401561503e-02 0.00000000000000e+00
1216 -1.34253989798421e+00 9.24363902369416e-02 0.00000000000000e+00
1217 -3.30594679546264e+00 5.31492515797480e-02 0.00000000000000e+00
1218 -3.54212655802174e+00 9.27672315791932e-02 0.00000000000000e+00
1219 1.94234993957837e+00 9.29273899377423e-02 0.00000000000000e+00
1220 9.43903948146120e-01 9.02997471908418e-02 0.00000000000000e+00
1221 3.26318446092761e+00 1.20188470815802e-01 0.00000000000000e+00
1222 1.74294287794336e+00 9.20376542185288e-02 0.00000000000000e+00
1223 2.73844859044422e+00 1.04721414070784e-01 0.00000000000000e+00
1224 3.09702156965649e+00 1.59198717536958e-01 0.00000000000000e+00
1225 2.54056732188232e+00 9.85333797982619e-02 0.00000000000000e+00
1226 3.45218063696646e+00 1.04889694941187e-01 0.00000000000000e+00
1227 1.37549132578653e-01 8.57615051109488e-02 0.00000000000000e+00
1228 4.20216014262858e+00 -1.90752671636825e-01 0.00000000000000e+00
1229 -7.38718763884189e-01 8.42464829001324e-02 0.00000000000000e+00
1230 -3.68823427824183e+00 -7.30747764189208e-02 0.00000000000000e+00
1231 -3.48483178688060e+00 -1.04759546903555e-01 0.00000000000000e+00
1232 -3.30921861054812e+00 -1.50263630717802e-01 0.00000000000000e+00
1233 -3.13602634693978e+00 -1.14953258090236e-01 0.00000000000000e+00
1234 -2.94037381635322e+00 -1.01053615583570e-01 0.00000000000000e+00
1235 -2.73958939407315e+00 -9.44655258270349e-02 0.00000000000000e+00
1236 -2.53615323126896e+00 -8.76437250495441e-02 0.00000000000000e+00
1237 -2.32783236347780e+00 -7.56377735268191e-02 0.00000000000000e+00
1238 -2.09843933483014e+00 -4.57179562382295e-02 0.00000000000000e+00
1239 -1.86939254803500e+00 -7.54681754008404e-02 0.00000000000000e+00
1240 -1.66216583938671e+00 -8.68517419450858e-02 0.00000000000000e+00
1241 -1.46039742180623e+00 -9.21243051013757e-02 0.00000000000000e+00
1242 -1.25987045270421e+00 -9.41267753694739e-02 0.00000000000000e+00
1243 -1.05983949174188e+00 -9.57858852998623e-02 0.00000000000000e+00
1244 -8.60225382468244e-01 -9.90947066145960e-02 0.00000000000000e+00
1245 -6.62287407302698e-01 -1.05458999124434e-01 0.00000000000000e+00
1246 -4.69765184499749e-01 -1.20646779452423e-01 0.00000000000000e+00
1247 -3.01838576690120e-01 -1.58550069581645e-01 0.00000000000000e+00
1248 -1.33355032440344e-01 -1.19308628834550e-01 0.00000000000000e+00
1249 5.99771303756116e-02 -1.03854955777711e-01 0.00000000000000e+00
1250 2.58788904393040e-01 -9.79112981859387e-02 0.00000000000000e+00
1251 4.58691830864383e-01 -9.53673974504012e-02 0.00000000000000e+00
1252 6.59269856264669e-01 -9.48135007344086e-02 0.00000000000000e+00
1253 8.60065108311824e-01 -9.53738525688640e-02 0.00000000000000e+00
1254 1.06003952939892e+00 -9.55491615222988e-02 0.00000000000000e+00
1255 1.26031877163944e+00 -9.57027276601429e-02 0.00000000000000e+00
1256 1.46032198670539e+00 -9.54035098461115e-02 0.00000000000000e+00
1257 1.65951015226265e+00 -9.44362461578118e-02 0.00000000000000e+00
1258 1.85905832538738e+00 -9.34868014833095e-02 0.00000000000000e+00
1259 2.05885712119073e+00 -9.27041794476228e-02 0.00000000000000e+00
1260 2.25898635033546e+00 -9.17173095447690e-02 0.00000000000000e+00
1261 2.45943970435037e+00 -8.92255932416213e-02 0.00000000000000e+00
1262 2.66191993794612e+00 -8.50346988945578e-02 0.00000000000000e+00
1263 2.86922502514736e+00 -7.41318661396250e-02 0.00000000000000e+00
1264 3.09630402641350e+00 -4.42531249191351e-02 0.00000000000000e+00
1265 3.32090722535121e+00 -7.49766914935093e-02 0.00000000000000e+00
1266 3.52141682441588e+00 -8.72533554791062e-02 0.00000000000000e+00
1267 3.71257645422088e+00 -9.60766701182344e-02 0.00000000000000e+00
1268 3.89324196678394e+00 -1.09897019962641e-01 0.00000000000000e+00
1269 1.54337835718457e+00 9.11360450333576e-02 0.00000000000000e+00
1270 -3.01182023298930e-01 4.46550801555707e-02 0.00000000000000e+00
1271 -3.99873737554465e+00 1.48661806026586e-01 0.00000000000000e+00
1272 -1.54123818231256e+00 9.57294446599444e-02 0.00000000000000e+00
1273 1.14415307926588e+00 9.01067678393357e-02 0.00000000000000e+00
1274 7.43195029815507e-01 9.08437687514214e-02 0.00000000000000e+00
1275 -3.75630118367034e+00 1.24638088705315e-01 0.00000000000000e+00
1276 4.05385688050398e+00 7.63845245197403e-02 0.00000000000000e+00
1277 -2.09905594981094e+00 1.57905640182994e-01 0.00000000000000e+00
1278 -9.41504701494669e-01 8.88439735959403e-02 0.00000000000000e+00
1279 5.42157472348347e-01 9.08973694514761e-02 0.00000000000000e+00
1280 -1.73884652063899e+00 1.03714383836222e-01 0.00000000000000e+00
1281 -3.07286517965744e+00 7.86455241455897e-02 0.00000000000000e+00
1282 3.84440679579016e+00 8.90388992714550e-02 0.00000000000000e+00
1283 -2.66016671656817e+00 9.38079570126971e-02 0.00000000000000e+00
1284 -5.30530873071754e-01 7.34979595242755e-02 0.00000000000000e+00
1285 4.17960512119420e+00 -4.64876622093877e-02 0.00000000000000e+00
1286 4.05198467074056e+00 -1.49344125204744e-01 0.00000000000000e+00
1287 -3.87873803007395e+00 -2.41696333851440e-02 0.00000000000000e+00
1288 -2.86369259228432e+00 8.79373073517824e-02 0.00000000000000e+00
1289 -4.68062737680678e+00 1.00000000000000e+00 1.99707597327250e-01
1290 -4.49031418192304e+00 1.00000000000000e+00 1.87878262378029e-01
1291 -4.29382684597856e+00 1.00000000000000e+00 1.73897196803732e-01
1292 -4.09524256138619e+00 1.00000000000000e+00 1.66584129833881e-01
1293 -3.89740768537405e+00 1.00000000000000e+00 1.66138231890448e-01
1294 -3.69893574029993e+00 1.00000000000000e+00 1.66616943548598e-01
1295 -3.49965277771421e+00 1.00000000000000e+00 1.66926901085718e-01
1296 -3.29994003598257e+00 1.00000000000000e+00 1.67093455984902e-01
1297 -3.10004130470820e+00 1.00000000000000e+00 1.67142314381444e-01
1298 -2.90008464324994e+00 1.00000000000000e+00 1.67143495359689e-01
1299 -2.70010516212809e+00 1.00000000000000e+00 1.67119128223356e-01
1300 -2.50010584085372e+00 1.00000000000000e+00 1.67082802908432e-01
1301 -2.30010470496940e+00 1.00000000000000e+00 1.67042840235253e-01
1302 -2.10009373706982e+00 1.00000000000000e+00 1.66995036730639e-01
1303 -1.90008435906632e+00 1.00000000000000e+00 1.66949302861234e-01
1304 -1.70006173266715e+00 1.00000000000000e+00 1.66907846941832e-01
1305 -1.50003050795566e+00 1.00000000000000e+00 1.66912464502452e-01
1306 -1.30000152662325e+00 1.00000000000000e+00 1.66972884173445e-01
1307 -1.09998179577832e+00 1.00000000000000e+00 1.67065868857395e-01
1308 -8.99982790296996e-01 1.00000000000000e+00 1.67142050844555e-01
1309 -6.99999172703761e-01 1.00000000000000e+00 1.67158753444537e-01
1310 -5.00013944654049e-01 1.00000000000000e+00 1.67134041427380e-01
1311 -3.00026684723115e-01 1.00000000000000e+00 1.67095751715925e-01
1312 -1.00040684063187e-01 1.00000000000000e+00 1.67022509002399e-01
1313 9.99691118286403e-02 1.00000000000000e+00 1.66942893244256e-01
1314 2.99974723409849e-01 1.00000000000000e+00 1.66893997172248e-01
1315 4.99982853056460e-01 1.00000000000000e+00 1.66858751607115e-01
1316 6.99986983245127e-01 1.00000000000000e+00 1.66826768283811e-01
1317 9.00003286037721e-01 1.00000000000000e+00 1.66805460592000e-01
1318 1.10001931568596e+00 1.00000000000000e+00 1.66819795923379e-01
1319 1.30003740331612e+00 1.00000000000000e+00 1.66879705595886e-01
1320 1.50003831469127e+00 1.00000000000000e+00 1.66964335940566e-01
1321 1.70003305372485e+00 1.00000000000000e+00 1.67060977189312e-01
1322 1.90000522121994e+00 1.00000000000000e+00 1.67123222739641e-01
1323 2.09998215716483e+00 1.00000000000000e+00 1.67138754713063e-01
1324 2.29995310232560e+00 1.00000000000000e+00 1.67116735866521e-01
1325 2.49994126393832e+00 1.00000000000000e+00 1.67048815503440e-01
1326 2.69992764578604e+00 1.00000000000000e+00 1.66954244924117e-01
1327 2.89991316981187e+00 1.00000000000000e+00 1.66839758603323e-01
1328 3.09984359352570e+00 1.00000000000000e+00 1.66731545635479e-01
1329 3.29963928538421e+00 1.00000000000000e+00 1.66647570377571e-01
1330 3.49908281951330e+00 1.00000000000000e+00 1.66566935312666e-01
1331 3.69798658191214e+00 1.00000000000000e+00 1.66648197908104e-01
1332 3.89617219169787e+00 1.00000000000000e+00 1.67147876925251e-01
1333 4.09418073329624e+00 1.00000000000000e+00 1.70097829989480e-01
1334 4.29262663192382e+00 1.00000000000000e+00 1.80560309508247e-01
1335 4.48176091410316e+00 1.00000000000000e+00 1.77408942068844e-01
1336 4.66427151602271e+00 1.00000000000000e+00 1.55802293121869e-01
1337 4.84370091192475e+00 1.00000000000000e+00 1.61712408257555e-01
1338 4.86278947839514e+00 1.00000000000000e+00 3.42523413410895e-01
1339 4.86047495635667e+00 1.00000000000000e+00 5.26144148312246e-01
1340 4.84586122370166e+00 1.00000000000000e+00 7.27670176683967e-01
1341 -4.75913597947383e+00 1.00000000000000e+00 7.93778573696648e-01
1342 -4.31340694439514e+00 1.00000000000000e+00 8.13078289916362e-01
1343 -3.90060967722491e+00 1.00000000000000e+00 8.32565910124474e-01
1344 -3.50006977695350e+00 1.00000000000000e+00 8.33716725411316e-01
1345 -3.10011445664113e+00 1.00000000000000e+00 8.33849014484071e-01
1346 -2.70010350443178e+00 1.00000000000000e+00 8.33795250448423e-01
1347 -2.30007284759109e+00 1.00000000000000e+00 8.33690872270667e-01
1348 -1.90004916397337e+00 1.00000000000000e+00 8.33604199099700e-01
1349 -1.50006375216062e+00 1.00000000000000e+00 8.33559114467317e-01
1350 -1.10006602793092e+00 1.00000000000000e+00 8.33727215888998e-01
1351 -7.00007011959213e-01 1.00000000000000e+00 8.33908948783743e-01
1352 -2.99963787033378e-01 1.00000000000000e+00 8.33759525552313e-01
1353 1.00009262833212e-01 1.00000000000000e+00 8.33586671432088e-01
1354 5.00006698548713e-01 1.00000000000000e+00 8.33478831327761e-01
1355 8.99995687963817e-01 1.00000000000000e+00 8.33424928358884e-01
1356 1.29996096137916e+00 1.00000000000000e+00 8.33497114345046e-01
1357 1.69993304427707e+00 1.00000000000000e+00 8.33710649942430e-01
1358 2.09995061008435e+00 1.00000000000000e+00 8.33843092677170e-01
1359 2.49999528036910e+00 1.00000000000000e+00 8.33728767534438e-01
1360 2.89999803987131e+00 1.00000000000000e+00 8.33487266415574e-01
1361 3.29961808702244e+00 1.00000000000000e+00 8.33414699845599e-01
1362 3.69726735664389e+00 1.00000000000000e+00 8.34020458354774e-01
1363 4.09098196247266e+00 1.00000000000000e+00 8.33524692095657e-01
1364 4.47964522193962e+00 1.00000000000000e+00 8.06782946798912e-01
1365 -4.85561661171593e+00 1.00000000000000e+00 2.02420214102593e-01
1366 -4.67599685847251e+00 1.00000000000000e+00 5.98648869172238e-01
1367 -3.30010619842369e+00 1.00000000000000e+00 8.33817116727014e-01
1368 -4.10330245648942e+00 1.00000000000000e+00 8.28616775031942e-01
1369 -4.52948337211022e+00 1.00000000000000e+00 7.97113353533309e-01
1370 -3.70015524742747e+00 1.00000000000000e+00 8.33449801870398e-01
1371 -2.90010848708132e+00 1.00000000000000e+00 8.33845545621148e-01
1372 -2.50009416428837e+00 1.00000000000000e+00 8.33743118278939e-01
1373 -2.10006682848941e+00 1.00000000000000e+00 8.33659089384469e-01
1374 -1.70005018218392e+00 1.00000000000000e+00 8.33549422845985e-01
1375 -1.30007572985491e+00 1.00000000000000e+00 8.33633770468161e-01
1376 -9.00055265935995e-01 1.00000000000000e+00 8.33845947287968e-01
1377 -4.99982282589019e-01 1.00000000000000e+00 8.33829007923492e-01
1378 -9.99767914076592e-02 1.00000000000000e+00 8.33652463168537e-01
1379 3.00007219541629e-01 1.00000000000000e+00 8.33536383322138e-01
1380 7.00004699612537e-01 1.00000000000000e+00 8.33441985527515e-01
1381 1.09997970540926e+00 1.00000000000000e+00 8.33439192060864e-01
1382 1.49993676649101e+00 1.00000000000000e+00 8.33601691914503e-01
1383 1.89994179665265e+00 1.00000000000000e+00 8.33783567543250e-01
1384 2.29998109575191e+00 1.00000000000000e+00 8.33782525491565e-01
1385 2.70001580793498e+00 1.00000000000000e+00 8.33615343927023e-01
1386 3.09992144781913e+00 1.00000000000000e+00 8.33404627910017e-01
1387 3.49878816526261e+00 1.00000000000000e+00 8.33618183083032e-01
1388 3.89471771189222e+00 1.00000000000000e+00 8.34478798536901e-01
1389 4.28736906170161e+00 1.00000000000000e+00 8.24388263509999e-01
1390 4.66514225030605e+00 1.00000000000000e+00 7.95814816716673e-01
1391 -4.79078640585332e+00 1.00000000000000e+00 4.08190515380908e-01
1392 -4.38223896502841e+00 1.00000000000000e+00 3.59978172597869e-01
1393 -4.18546842728565e+00 1.00000000000000e+00 3.32823024185208e-01
1394 -3.99266998756796e+00 1.00000000000000e+00 3.32129895011635e-01
1395 -3.79734301474416e+00 1.00000000000000e+00 3.33158187208286e-01
1396 -3.59905981812219e+00 1.00000000000000e+00 3.33767504762724e-01
1397 -3.39983337984914e+00 1.00000000000000e+00 3.34134191943722e-01
1398 -3.20004270975398e+00 1.00000000000000e+00 3.34269815942644e-01
1399 -3.00013892624849e+00 1.00000000000000e+00 3.34269236000040e-01
1400 -2.80019010616638e+00 1.00000000000000e+00 3.34257983606590e-01
1401 -2.60018388709411e+00 1.00000000000000e+00 3.34155078566027e-01
1402 -2.40019027221455e+00 1.00000000000000e+00 3.34116510343655e-01
1403 -2.20016226645543e+00 1.00000000000000e+00 3.33991709917137e-01
1404 -2.00015619793084e+00 1.00000000000000e+00 3.33930242395161e-01
1405 -1.80012553954783e+00 1.00000000000000e+00 3.33807765805785e-01
1406 -1.60008395137567e+00 1.00000000000000e+00 3.33752457439959e-01
1407 -1.40004682743627e+00 1.00000000000000e+00 3.33835065078561e-01
1408 -1.20001139742128e+00 1.00000000000000e+00 3.34008329019088e-01
1409 -9.99986932241111e-01 1.00000000000000e+00 3.34220997500478e-01
1410 -7.99988192601288e-01 1.00000000000000e+00 3.34317249831825e-01
1411 -6.00013024373247e-01 1.00000000000000e+00 3.34267344332110e-01
1412 -4.00022572537705e-01 1.00000000000000e+00 3.34198137895508e-01
1413 -2.00047409829019e-01 1.00000000000000e+00 3.34136582552279e-01
1414 -3.67471069573355e-05 1.00000000000000e+00 3.33898873468939e-01
1415 1.99964237600160e-01 1.00000000000000e+00 3.33818149231925e-01
1416 3.99971799458648e-01 1.00000000000000e+00 3.33712791349029e-01
1417 5.99976149857566e-01 1.00000000000000e+00 3.33682557532908e-01
1418 7.99994888997523e-01 1.00000000000000e+00 3.33580667951023e-01
1419 1.00001508820388e+00 1.00000000000000e+00 3.33590714073536e-01
1420 1.20003034986884e+00 1.00000000000000e+00 3.33637938381456e-01
1421 1.40004986059050e+00 1.00000000000000e+00 3.33838433609730e-01
1422 1.60002881877914e+00 1.00000000000000e+00 3.33988279634665e-01
1423 1.80001083055804e+00 1.00000000000000e+00 3.34232294058374e-01
1424 1.99997772611187e+00 1.00000000000000e+00 3.34226682202181e-01
1425 2.19992994481424e+00 1.00000000000000e+00 3.34282930164942e-01
1426 2.39992364432139e+00 1.00000000000000e+00 3.34131032827135e-01
1427 2.59991505995831e+00 1.00000000000000e+00 3.34007813881574e-01
1428 2.79991932287051e+00 1.00000000000000e+00 3.33756536877388e-01
1429 2.99991701889259e+00 1.00000000000000e+00 3.33554187796224e-01
1430 3.19971928655192e+00 1.00000000000000e+00 3.33384860008664e-01
1431 3.39934201838451e+00 1.00000000000000e+00 3.33286064411855e-01
1432 3.59760134885296e+00 1.00000000000000e+00 3.33355693431111e-01
1433 3.79492578269848e+00 1.00000000000000e+00 3.33737867588327e-01
1434 3.98867358891671e+00 1.00000000000000e+00 3.35310016230443e-01
1435 4.18274715422451e+00 1.00000000000000e+00 3.42540415007172e-01
1436 4.39031340083818e+00 1.00000000000000e+00 3.92991242260705e-01
1437 4.57449621390355e+00 1.00000000000000e+00 3.44433191202513e-01
1438 4.72963389947000e+00 1.00000000000000e+00 2.92666568368874e-01
1439 4.71268269588830e+00 1.00000000000000e+00 4.56426336342992e-01
1440 4.72248135290724e+00 1.00000000000000e+00 6.21927444619845e-01
1441 -1.60009977954099e+00 1.00000000000000e+00 6.67052009089040e-01
1442 -3.99820075214596e+00 1.00000000000000e+00 6.64586803018753e-01
1443 -4.42891212427597e+00 1.00000000000000e+00 5.92306995411511e-01
1444 -2.80022365377009e+00 1.00000000000000e+00 6.67623987145102e-01
1445 -3.20015939974041e+00 1.00000000000000e+00 6.67616105077482e-01
1446 -4.20016386343540e+00 1.00000000000000e+00 6.55454739931419e-01
1447 -4.57772188182933e+00 1.00000000000000e+00 3.94844714395365e-01
1448 -2.20014230182381e+00 1.00000000000000e+00 6.67305157584589e-01
1449 -3.59977983409981e+00 1.00000000000000e+00 6.67214361627389e-01
1450 -1.80010893399423e+00 1.00000000000000e+00 6.67119269020822e-01
1451 -1.20010949679002e+00 1.00000000000000e+00 6.67379663983181e-01
1452 -1.40011326881064e+00 1.00000000000000e+00 6.67146181326222e-01
1453 -2.40019018151658e+00 1.00000000000000e+00 6.67461851494138e-01
1454 -8.00033939466111e-01 1.00000000000000e+00 6.67864052943368e-01
1455 -3.99961258091766e-01 1.00000000000000e+00 6.67603460288224e-01
1456 4.88472455195677e-06 1.00000000000000e+00 6.67202686750427e-01
1457 3.99994303246247e-01 1.00000000000000e+00 6.66996596977829e-01
1458 7.99999096752416e-01 1.00000000000000e+00 6.66846924852973e-01
1459 1.19997115653465e+00 1.00000000000000e+00 6.66901331006777e-01
1460 1.59991792186946e+00 1.00000000000000e+00 6.67298119188502e-01
1461 1.99991663938018e+00 1.00000000000000e+00 6.67640269592610e-01
1462 2.39995309541832e+00 1.00000000000000e+00 6.67463201173193e-01
1463 2.79999685153410e+00 1.00000000000000e+00 6.67062524751822e-01
1464 3.19970294297188e+00 1.00000000000000e+00 6.66713590234245e-01
1465 3.59730657635203e+00 1.00000000000000e+00 6.67135844586206e-01
1466 3.98585173963357e+00 1.00000000000000e+00 6.68563030797306e-01
1467 4.36609810996685e+00 1.00000000000000e+00 6.33970027540904e-01
1468 4.55108621692301e+00 1.00000000000000e+00 5.81540000569774e-01
1469 -2.00012694293014e+00 1.00000000000000e+00 6.67296591719191e-01
1470 -3.40013130487058e+00 1.00000000000000e+00 6.67634461800244e-01
1471 -3.79928542825495e+00 1.00000000000000e+00 6.66652362403480e-01
1472 -3.00022236403467e+00 1.00000000000000e+00 6.67722425062182e-01
1473 -2.60018985283913e+00 1.00000000000000e+00 6.67476177055235e-01
1474 -1.00006355439997e+00 1.00000000000000e+00 6.67516715301941e-01
1475 -6.00006604564106e-01 1.00000000000000e+00 6.67719807500438e-01
1476 -1.99969834365000e-01 1.00000000000000e+00 6.67365322295949e-01
1477 1.99984118857105e-01 1.00000000000000e+00 6.67131628967390e-01
1478 5.99999051148156e-01 1.00000000000000e+00 6.66910680721809e-01
1479 9.99990131118089e-01 1.00000000000000e+00 6.66836341291839e-01
1480 1.39994728360718e+00 1.00000000000000e+00 6.67059841965418e-01
1481 1.79990810000255e+00 1.00000000000000e+00 6.67502139314515e-01
1482 2.19990801630963e+00 1.00000000000000e+00 6.67675649726118e-01
1483 2.59998252378792e+00 1.00000000000000e+00 6.67408912064163e-01
1484 2.99996633495053e+00 1.00000000000000e+00 6.66832698960482e-01
1485 3.39913363269940e+00 1.00000000000000e+00 6.66755521674780e-01
1486 3.79334019316064e+00 1.00000000000000e+00 6.67885072685900e-01
1487 4.17540194188207e+00 1.00000000000000e+00 6.66356511338089e-01
1488 -1.70012186610492e+00 1.00000000000000e+00 5.00501301440321e-01
1489 -4.26144674610340e+00 1.00000000000000e+00 4.90221168713826e-01
1490 -3.89578054371520e+00 1.00000000000000e+00 4.99498380318084e-01
1491 -3.49974228998715e+00 1.00000000000000e+00 5.00890578927086e-01
1492 -3.10018822348718e+00 1.00000000000000e+00 5.01296049484074e-01
1493 -2.70022984852156e+00 1.00000000000000e+00 5.01087882483810e-01
1494 -2.30018998756555e+00 1.00000000000000e+00 5.00877014564354e-01
1495 -1.50010615120923e+00 1.00000000000000e+00 5.00519344774562e-01
1496 -1.30007924627908e+00 1.00000000000000e+00 5.00732183547048e-01
1497 -9.00014628717430e-01 1.00000000000000e+00 5.01193724886797e-01
1498 -4.99998440717605e-01 1.00000000000000e+00 5.01113626163507e-01
1499 -1.00020054559478e-01 1.00000000000000e+00 5.00747397044663e-01
1500 2.99978943266833e-01 1.00000000000000e+00 5.00508380689466e-01
1501 6.99990014070659e-01 1.00000000000000e+00 5.00286584084882e-01
1502 1.09999987902108e+00 1.00000000000000e+00 5.00257218794663e-01
1503 1.49997932651291e+00 1.00000000000000e+00 5.00670852450748e-01
1504 1.89993344689064e+00 1.00000000000000e+00 5.01007745339434e-01
1505 2.29992595132798e+00 1.00000000000000e+00 5.01095499448101e-01
1506 2.69995392858126e+00 1.00000000000000e+00 5.00696533716555e-01
1507 3.09986566651568e+00 1.00000000000000e+00 5.00099065736814e-01
1508 3.49850559602843e+00 1.00000000000000e+00 5.00053699426330e-01
1509 3.88840735519411e+00 1.00000000000000e+00 5.01335325225354e-01
1510 4.24329624170539e+00 1.00000000000000e+00 5.06788076551661e-01
1511 9.00002015797017e-01 1.00000000000000e+00 5.00234234011206e-01
1512 1.30000304247518e+00 1.00000000000000e+00 5.00405325479962e-01
1513 -1.10003919372107e+00 1.00000000000000e+00 5.00993042804269e-01
1514 -6.99987281283286e-01 1.00000000000000e+00 5.01338493385828e-01
1515 -4.08669351111028e+00 1.00000000000000e+00 4.97094933996998e-01
1516 -3.69897950791643e+00 1.00000000000000e+00 5.00470267289207e-01
1517 -3.30007868100839e+00 1.00000000000000e+00 5.01161153012689e-01
1518 -2.50022804022986e+00 1.00000000000000e+00 5.01032186307705e-01
1519 -2.90022580299795e+00 1.00000000000000e+00 5.01193473222810e-01
1520 -2.10018226452105e+00 1.00000000000000e+00 5.00792919472707e-01
1521 -1.90015664110608e+00 1.00000000000000e+00 5.00657423366265e-01
1522 -3.00002311315735e-01 1.00000000000000e+00 5.01018773702054e-01
1523 9.99704654746596e-02 1.00000000000000e+00 5.00648368159587e-01
1524 4.99982504345533e-01 1.00000000000000e+00 5.00399535501731e-01
1525 1.69995443944883e+00 1.00000000000000e+00 5.00982626418145e-01
1526 2.09990770760763e+00 1.00000000000000e+00 5.01276563200252e-01
1527 2.49992152426364e+00 1.00000000000000e+00 5.00958489672673e-01
1528 2.89996818764349e+00 1.00000000000000e+00 5.00346528243082e-01
1529 3.29961411004581e+00 1.00000000000000e+00 4.99990916733644e-01
1530 3.69546902293905e+00 1.00000000000000e+00 5.00488870024895e-01
1531 4.07442184461360e+00 1.00000000000000e+00 5.03025411223572e-01
1532 -4.72891943397378e+00 -1.00000000000000e+00 1.62226410685239e-01
1533 -4.31114884096606e+00 -1.00000000000000e+00 1.69632317214348e-01
1534 -3.90273883973557e+00 -1.00000000000000e+00 1.66648726910016e-01
1535 -3.50033907162439e+00 -1.00000000000000e+00 1.66227966292115e-01
1536 -3.09998724541483e+00 -1.00000000000000e+00 1.66588967548294e-01
1537 -2.69993852525511e+00 -1.00000000000000e+00 1.67057179678635e-01
1538 -2.29993803715498e+00 -1.00000000000000e+00 1.67289320722553e-01
1539 -1.89993134128590e+00 -1.00000000000000e+00 1.67314951896972e-01
1540 -1.49990840319144e+00 -1.00000000000000e+00 1.67414576609580e-01
1541 -1.09993667280399e+00 -1.00000000000000e+00 1.67430564175554e-01
1542 -6.99945556009077e-01 -1.00000000000000e+00 1.67419480174020e-01
1543 -2.99957842146211e-01 -1.00000000000000e+00 1.67308291853217e-01
1544 1.00023288105485e-01 -1.00000000000000e+00 1.67247301149777e-01
1545 4.99998294631915e-01 -1.00000000000000e+00 1.67168303461720e-01
1546 8.99989325121902e-01 -1.00000000000000e+00 1.67121856161119e-01
1547 1.29995606905731e+00 -1.00000000000000e+00 1.67107734450059e-01
1548 1.69991238265209e+00 -1.00000000000000e+00 1.66956820804185e-01
1549 2.09990924206245e+00 -1.00000000000000e+00 1.66746802686534e-01
1550 2.49994496925285e+00 -1.00000000000000e+00 1.66680660080782e-01
1551 2.89995388246911e+00 -1.00000000000000e+00 1.66738979275306e-01
1552 3.29969819679244e+00 -1.00000000000000e+00 1.66732881241454e-01
1553 3.69838277194516e+00 -1.00000000000000e+00 1.66425800955572e-01
1554 4.09515824296821e+00 -1.00000000000000e+00 1.66893477837355e-01
1555 4.48928146992590e+00 -1.00000000000000e+00 1.84665116451711e-01
1556 4.82119979610862e+00 -1.00000000000000e+00 2.82610415358143e-01
1557 4.83501283984125e+00 -1.00000000000000e+00 6.96218082116513e-01
1558 4.86603338630749e+00 -1.00000000000000e+00 8.65170078161836e-01
1559 -4.71469231109755e+00 -1.00000000000000e+00 8.37794824172772e-01
1560 -4.50291225253092e+00 -1.00000000000000e+00 8.44729654133679e-01
1561 -4.30417182548755e+00 -1.00000000000000e+00 8.36035903877391e-01
1562 -4.10306375827544e+00 -1.00000000000000e+00 8.33431007709566e-01
1563 -3.90172860130438e+00 -1.00000000000000e+00 8.32738969094600e-01
1564 -3.70084178067542e+00 -1.00000000000000e+00 8.32654286703032e-01
1565 -3.50040847612217e+00 -1.00000000000000e+00 8.32784386270311e-01
1566 -3.30024536033139e+00 -1.00000000000000e+00 8.32991584113315e-01
1567 -3.10018966173746e+00 -1.00000000000000e+00 8.33233300344098e-01
1568 -2.90016447145435e+00 -1.00000000000000e+00 8.33504570068756e-01
1569 -2.70011998676669e+00 -1.00000000000000e+00 8.33737376216904e-01
1570 -2.50006824849833e+00 -1.00000000000000e+00 8.33905694147697e-01
1571 -2.30000902927983e+00 -1.00000000000000e+00 8.34041865803628e-01
1572 -2.09994084315036e+00 -1.00000000000000e+00 8.34057600127885e-01
1573 -1.89992728184589e+00 -1.00000000000000e+00 8.34032750255750e-01
1574 -1.69991451259970e+00 -1.00000000000000e+00 8.34088627053479e-01
1575 -1.49991345361096e+00 -1.00000000000000e+00 8.34171043841386e-01
1576 -1.29990023272748e+00 -1.00000000000000e+00 8.34183707422982e-01
1577 -1.09992256494757e+00 -1.00000000000000e+00 8.34185619575339e-01
1578 -8.99908064566126e-01 -1.00000000000000e+00 8.34213970069134e-01
1579 -6.99900859383675e-01 -1.00000000000000e+00 8.34203364406456e-01
1580 -4.99877003383815e-01 -1.00000000000000e+00 8.34122543649898e-01
1581 -2.99893459249903e-01 -1.00000000000000e+00 8.34030582688075e-01
1582 -9.98962103992707e-02 -1.00000000000000e+00 8.34019552592429e-01
1583 1.00097241640663e-01 -1.00000000000000e+00 8.34005833465432e-01
1584 3.00092736502064e-01 -1.00000000000000e+00 8.33916751333175e-01
1585 5.00054640312261e-01 -1.00000000000000e+00 8.33803061286130e-01
1586 7.00020146224908e-01 -1.00000000000000e+00 8.33763422578158e-01
1587 8.99990254594002e-01 -1.00000000000000e+00 8.33792042300819e-01
1588 1.09999703325362e+00 -1.00000000000000e+00 8.33806820115916e-01
1589 1.30000893061729e+00 -1.00000000000000e+00 8.33749381592793e-01
1590 1.50001686695360e+00 -1.00000000000000e+00 8.33687161683160e-01
1591 1.70003154284225e+00 -1.00000000000000e+00 8.33600229962052e-01
1592 1.90002028134102e+00 -1.00000000000000e+00 8.33479418323424e-01
1593 2.10000028717282e+00 -1.00000000000000e+00 8.33387152897664e-01
1594 2.29997769816738e+00 -1.00000000000000e+00 8.33329801688040e-01
1595 2.49995632174398e+00 -1.00000000000000e+00 8.33309199362083e-01
1596 2.69993768065940e+00 -1.00000000000000e+00 8.33322960720642e-01
1597 2.89991187151118e+00 -1.00000000000000e+00 8.33360477215102e-01
1598 3.09985311122819e+00 -1.00000000000000e+00 8.33403071681411e-01
1599 3.29970808471067e+00 -1.00000000000000e+00 8.33443181063183e-01
1600 3.49943404317422e+00 -1.00000000000000e+00 8.33450058135399e-01
1601 3.69904519820414e+00 -1.00000000000000e+00 8.33329774279221e-01
1602 3.89889609714360e+00 -1.00000000000000e+00 8.32566341195051e-01
1603 4.10033230585340e+00 -1.00000000000000e+00 8.29141797584355e-01
1604 4.30599768938249e+00 -1.00000000000000e+00 8.16133208641398e-01
1605 4.50805292734359e+00 -1.00000000000000e+00 8.10990192150613e-01
1606 4.69963484637698e+00 -1.00000000000000e+00 8.32822019846650e-01
1607 -4.83588014201887e+00 -1.00000000000000e+00 3.12111662459290e-01
1608 -4.80431585038911e+00 -1.00000000000000e+00 4.78070377797098e-01
1609 -4.78440226415514e+00 -1.00000000000000e+00 6.57682304915565e-01
1610 -4.51842845119905e+00 -1.00000000000000e+00 1.69212263081249e-01
1611 -4.10578272428378e+00 -1.00000000000000e+00 1.67657604348879e-01
1612 -3.70104192622558e+00 -1.00000000000000e+00 1.66237105775932e-01
1613 -3.30009038106874e+00 -1.00000000000000e+00 1.66385782523389e-01
1614 -2.89994923397812e+00 -1.00000000000000e+00 1.66834178207100e-01
1615 -2.49994370891503e+00 -1.00000000000000e+00 1.67175086209071e-01
1616 -2.09994303031259e+00 -1.00000000000000e+00 1.67343726525025e-01
1617 -1.69991403690859e+00 -1.00000000000000e+00 1.67364476336251e-01
1618 -1.29991471556018e+00 -1.00000000000000e+00 1.67468953761768e-01
1619 -8.99942716991061e-01 -1.00000000000000e+00 1.67425120776126e-01
1620 -4.99959198336401e-01 -1.00000000000000e+00 1.67395150467345e-01
1621 -9.99594120674736e-02 -1.00000000000000e+00 1.67309370486861e-01
1622 3.00004984711317e-01 -1.00000000000000e+00 1.67220463343144e-01
1623 6.99986486465418e-01 -1.00000000000000e+00 1.67122389480114e-01
1624 1.09997518830906e+00 -1.00000000000000e+00 1.67097913084039e-01
1625 1.49993184697049e+00 -1.00000000000000e+00 1.67034875595104e-01
1626 1.89990900675187e+00 -1.00000000000000e+00 1.66841990904445e-01
1627 2.29993078440396e+00 -1.00000000000000e+00 1.66690574256306e-01
1628 2.69995850053542e+00 -1.00000000000000e+00 1.66695175808248e-01
1629 3.09986736546778e+00 -1.00000000000000e+00 1.66740912535450e-01
1630 3.49919786033930e+00 -1.00000000000000e+00 1.66607802095135e-01
1631 3.89678737310262e+00 -1.00000000000000e+00 1.66106442176440e-01
1632 4.29416653424348e+00 -1.00000000000000e+00 1.74196443314598e-01
1633 4.66758229374681e+00 -1.00000000000000e+00 1.75540881090027e-01
1634 4.81357682613880e+00 -1.00000000000000e+00 4.97275325677804e-01
1635 -2.39992575179546e+00 -1.00000000000000e+00 3.34449964495877e-01
1636 -3.80245173579875e+00 -1.00000000000000e+00 3.32292520460380e-01
1637 -3.40038569654351e+00 -1.00000000000000e+00 3.32592457072983e-01
1638 -4.00620992039443e+00 -1.00000000000000e+00 3.33100162930857e-01
1639 -3.00002806292473e+00 -1.00000000000000e+00 3.33427122163034e-01
1640 -3.60088028595376e+00 -1.00000000000000e+00 3.32224983592273e-01
1641 -2.59995103640991e+00 -1.00000000000000e+00 3.34245495808056e-01
1642 -3.20011746292367e+00 -1.00000000000000e+00 3.32929304419163e-01
1643 -1.99989298200260e+00 -1.00000000000000e+00 3.34583482035395e-01
1644 -1.59983847191584e+00 -1.00000000000000e+00 3.34738098250959e-01
1645 -1.19985694808833e+00 -1.00000000000000e+00 3.34893888509629e-01
1646 -7.99886091556852e-01 -1.00000000000000e+00 3.34779767663162e-01
1647 -3.99904142895200e-01 -1.00000000000000e+00 3.34620941466083e-01
1648 8.72938838343273e-05 -1.00000000000000e+00 3.34538897746102e-01
1649 4.00018635991787e-01 -1.00000000000000e+00 3.34320867825458e-01
1650 7.99988266975888e-01 -1.00000000000000e+00 3.34164418535022e-01
1651 1.19994935946935e+00 -1.00000000000000e+00 3.34165622102746e-01
1652 1.59989989737995e+00 -1.00000000000000e+00 3.33959627713265e-01
1653 1.99987451220412e+00 -1.00000000000000e+00 3.33547485152322e-01
1654 2.39989374421282e+00 -1.00000000000000e+00 3.33340265306571e-01
1655 2.79992361110182e+00 -1.00000000000000e+00 3.33418447004662e-01
1656 3.19969868416704e+00 -1.00000000000000e+00 3.33507751745633e-01
1657 3.59809804840265e+00 -1.00000000000000e+00 3.33270166670424e-01
1658 3.99159136860146e+00 -1.00000000000000e+00 3.32191825743089e-01
1659 4.38706834421300e+00 -1.00000000000000e+00 3.61621497791602e-01
1660 4.60637642396167e+00 -1.00000000000000e+00 3.92394786079905e-01
1661 -4.42933192497988e+00 -1.00000000000000e+00 3.40982943011532e-01
1662 -4.64325928750982e+00 -1.00000000000000e+00 3.34512108653232e-01
1663 -2.79997157884514e+00 -1.00000000000000e+00 3.33916755160516e-01
1664 4.64152563679758e+00 -1.00000000000000e+00 6.33083920491116e-01
1665 -4.41349986956072e+00 -1.00000000000000e+00 6.74827284418533e-01
1666 -4.20935653269921e+00 -1.00000000000000e+00 6.68089678206233e-01
1667 -4.00507252502120e+00 -1.00000000000000e+00 6.66106824088020e-01
1668 -3.80225237165549e+00 -1.00000000000000e+00 6.65461566659765e-01
1669 -3.60094961033592e+00 -1.00000000000000e+00 6.65514279046352e-01
1670 -3.40045366238997e+00 -1.00000000000000e+00 6.65805981798534e-01
1671 -3.20030869712867e+00 -1.00000000000000e+00 6.66251698095797e-01
1672 -3.00022556575618e+00 -1.00000000000000e+00 6.66742634912323e-01
1673 -2.80018853312463e+00 -1.00000000000000e+00 6.67327985158374e-01
1674 -2.60010593629946e+00 -1.00000000000000e+00 6.67659851384803e-01
1675 -2.40000122548514e+00 -1.00000000000000e+00 6.67955979519805e-01
1676 -2.19991485944537e+00 -1.00000000000000e+00 6.68213348625709e-01
1677 -1.99987674204445e+00 -1.00000000000000e+00 6.67958489596589e-01
1678 -1.79982164199249e+00 -1.00000000000000e+00 6.68071339345594e-01
1679 -1.59980120635414e+00 -1.00000000000000e+00 6.68207605565165e-01
1680 -1.39981592508985e+00 -1.00000000000000e+00 6.68431960697390e-01
1681 -1.19984628473823e+00 -1.00000000000000e+00 6.68217851015904e-01
1682 -9.99837811915397e-01 -1.00000000000000e+00 6.68428036850705e-01
1683 -7.99822911358969e-01 -1.00000000000000e+00 6.68356755133377e-01
1684 -5.99809768045353e-01 -1.00000000000000e+00 6.68394185598955e-01
1685 -3.99827989883800e-01 -1.00000000000000e+00 6.68002597463252e-01
1686 -1.99808539298437e-01 -1.00000000000000e+00 6.68008517285200e-01
1687 1.86967429801399e-04 -1.00000000000000e+00 6.68001015496055e-01
1688 2.00150850086503e-01 -1.00000000000000e+00 6.67977352360926e-01
1689 4.00085600415154e-01 -1.00000000000000e+00 6.67612885143791e-01
1690 6.00042437483340e-01 -1.00000000000000e+00 6.67498032706158e-01
1691 8.00004137596583e-01 -1.00000000000000e+00 6.67479546369618e-01
1692 9.99977228271867e-01 -1.00000000000000e+00 6.67660215969155e-01
1693 1.19998159638158e+00 -1.00000000000000e+00 6.67563055102306e-01
1694 1.39999776105736e+00 -1.00000000000000e+00 6.67391580105828e-01
1695 1.60002643984196e+00 -1.00000000000000e+00 6.67328266695682e-01
1696 1.80000056423113e+00 -1.00000000000000e+00 6.67042893954529e-01
1697 1.99997508761712e+00 -1.00000000000000e+00 6.66833816136590e-01
1698 2.19994838310329e+00 -1.00000000000000e+00 6.66690407850913e-01
1699 2.39992280515819e+00 -1.00000000000000e+00 6.66617397972830e-01
1700 2.59990547256032e+00 -1.00000000000000e+00 6.66618955811910e-01
1701 2.79989517599313e+00 -1.00000000000000e+00 6.66680568584804e-01
1702 2.99984785548077e+00 -1.00000000000000e+00 6.66763507775044e-01
1703 3.19971630808120e+00 -1.00000000000000e+00 6.66824888877270e-01
1704 3.39928432766753e+00 -1.00000000000000e+00 6.66853388365238e-01
1705 3.59851731337412e+00 -1.00000000000000e+00 6.66803981168266e-01
1706 3.79695933417025e+00 -1.00000000000000e+00 6.66397456701119e-01
1707 3.99514074223759e+00 -1.00000000000000e+00 6.64607923265214e-01
1708 4.19589281083687e+00 -1.00000000000000e+00 6.56600431241080e-01
1709 4.42136846504765e+00 -1.00000000000000e+00 5.98759287907713e-01
1710 -4.21356867999354e+00 -1.00000000000000e+00 3.35524959821502e-01
1711 -4.59743488238036e+00 -1.00000000000000e+00 7.02167765002437e-01
1712 -1.79986144322536e+00 -1.00000000000000e+00 3.34632218068494e-01
1713 -9.99885263725388e-01 -1.00000000000000e+00 3.34820726090489e-01
1714 -2.19991162566545e+00 -1.00000000000000e+00 3.34650160635628e-01
1715 -1.39984416197101e+00 -1.00000000000000e+00 3.34834404456677e-01
1716 -5.99898531923194e-01 -1.00000000000000e+00 3.34809345305661e-01
1717 -1.99902529975553e-01 -1.00000000000000e+00 3.34571582165084e-01
1718 2.00046237236121e-01 -1.00000000000000e+00 3.34445053365178e-01
1719 5.99993206146629e-01 -1.00000000000000e+00 3.34305849468224e-01
1720 9.99981693063601e-01 -1.00000000000000e+00 3.34219216311821e-01
1721 1.39991403139154e+00 -1.00000000000000e+00 3.34186197213435e-01
1722 1.79986452297364e+00 -1.00000000000000e+00 3.33809290750314e-01
1723 2.19986343779991e+00 -1.00000000000000e+00 3.33393459060308e-01
1724 2.59990841763608e+00 -1.00000000000000e+00 3.33345066345803e-01
1725 2.99990496809385e+00 -1.00000000000000e+00 3.33514893353286e-01
1726 3.39930354301305e+00 -1.00000000000000e+00 3.33508237968038e-01
1727 3.79602549625749e+00 -1.00000000000000e+00 3.32935081188109e-01
1728 4.18593273187251e+00 -1.00000000000000e+00 3.33688035853033e-01
1729 -4.56927305791364e+00 -1.00000000000000e+00 5.20291888369026e-01
1730 -2.49998739678382e+00 -1.00000000000000e+00 5.01275915671084e-01
1731 -1.29981395205303e+00 -1.00000000000000e+00 5.01957439251536e-01
1732 -1.69982252912276e+00 -1.00000000000000e+00 5.01714809848819e-01
1733 -9.98588598887995e-02 -1.00000000000000e+00 5.01568145072690e-01
1734 -8.99850983602571e-01 -1.00000000000000e+00 5.01836035315211e-01
1735 3.00078273089493e-01 -1.00000000000000e+00 5.01293694246302e-01
1736 -4.99830890345872e-01 -1.00000000000000e+00 5.01770383285901e-01
1737 -2.99856649208315e-01 -1.00000000000000e+00 5.01570847624620e-01
1738 -2.09986974614892e+00 -1.00000000000000e+00 5.01658791182012e-01
1739 1.00119524338036e-01 -1.00000000000000e+00 5.01546749707098e-01
1740 8.99985166977721e-01 -1.00000000000000e+00 5.01046019441577e-01
1741 1.29998270501649e+00 -1.00000000000000e+00 5.00965857786829e-01
1742 1.69994135799057e+00 -1.00000000000000e+00 5.00662623286805e-01
1743 2.09990302893893e+00 -1.00000000000000e+00 5.00115585621907e-01
1744 2.49988400755558e+00 -1.00000000000000e+00 4.99944238488539e-01
1745 2.89989976605324e+00 -1.00000000000000e+00 5.00128942741392e-01
1746 3.29955222320771e+00 -1.00000000000000e+00 5.00241584006937e-01
1747 3.69704377333877e+00 -1.00000000000000e+00 4.99971366773826e-01
1748 4.08401959783033e+00 -1.00000000000000e+00 4.97252658462660e-01
1749 -1.89985668385502e+00 -1.00000000000000e+00 5.01582959881236e-01
1750 -4.32355516175767e+00 -1.00000000000000e+00 5.04693102312288e-01
1751 -3.90454341882403e+00 -1.00000000000000e+00 4.98989295956615e-01
1752 -3.50070946697201e+00 -1.00000000000000e+00 4.98777634582221e-01
1753 -3.10018901350511e+00 -1.00000000000000e+00 4.99800782676268e-01
1754 -1.09983965009768e+00 -1.00000000000000e+00 5.01950439891346e-01
1755 5.00042302032903e-01 -1.00000000000000e+00 5.01122058214849e-01
1756 7.00000923066531e-01 -1.00000000000000e+00 5.01036761949486e-01
1757 1.49995791345092e+00 -1.00000000000000e+00 5.00913353139752e-01
1758 3.09982683450878e+00 -1.00000000000000e+00 5.00193447862108e-01
1759 3.49878193165145e+00 -1.00000000000000e+00 5.00175083680606e-01
1760 3.89298957546664e+00 -1.00000000000000e+00 4.99201372608264e-01
1761 -6.99855101235360e-01 -1.00000000000000e+00 5.01970760538253e-01
1762 -1.49980354440091e+00 -1.00000000000000e+00 5.01914679206267e-01
1763 4.25988851125441e+00 -1.00000000000000e+00 4.91693581723698e-01
1764 -4.10993772376738e+00 -1.00000000000000e+00 5.00330303115534e-01
1765 -2.29994275182999e+00 -1.00000000000000e+00 5.01669959125821e-01
1766 -2.70003986298464e+00 -1.00000000000000e+00 5.01018263855784e-01
1767 1.09998760931766e+00 -1.00000000000000e+00 5.01143404355513e-01
1768 1.89991286755644e+00 -1.00000000000000e+00 5.00351428467571e-01
1769 2.29988471753001e+00 -1.00000000000000e+00 4.99981444182546e-01
1770 2.69989082722872e+00 -1.00000000000000e+00 5.00003117614428e-01
1771 -2.90011231204927e+00 -1.00000000000000e+00 5.00440226177553e-01
1772 -3.70159105039213e+00 -1.00000000000000e+00 4.98431393500094e-01
1773 -3.30033320498614e+00 -1.00000000000000e+00 4.99186697482243e-01
1774 5.00000000000000e+00 -8.20974809492763e-01 3.39160004450559e-01
1775 5.00000000000000e+00 -8.76286297979273e-01 4.97270701009706e-01
1776 5.00000000000000e+00 -8.45595078016818e-01 6.53956117501006e-01
1777 5.00000000000000e+00 -8.23785317366371e-01 8.26626459076429e-01
1778 5.00000000000000e+00 -6.35492097665332e-01 8.34596650877209e-01
1779 5.00000000000000e+00 -4.41366903519070e-01 8.37256381239967e-01
1780 5.00000000000000e+00 -2.44029999381979e-01 8.38649861210241e-01
1781 5.00000000000000e+00 -4.59692406876286e-02 8.39817150095670e-01
1782 5.00000000000000e+00 1.50373421918547e-01 8.41183162999340e-01
1783 5.00000000000000e+00 3.43925060342143e-01 8.45641634551846e-01
1784 5.00000000000000e+00 5.33629420942373e-01 8.56382370624885e-01
1785 5.00000000000000e+00 7.36056837385768e-01 8.48689756150673e-01
1786 5.00000000000000e+00 8.21835486155903e-01 2.71958137099316e-01
1787 5.00000000000000e+00 8.11730862952433e-01 6.69540324606059e-01
1788 5.00000000000000e+00 -7.24740969203210e-01 1.70312609025041e-01
1789 5.00000000000000e+00 -3.11105028865704e-01 1.71279097520790e-01
1790 5.00000000000000e+00 8.85903573004283e-02 1.73182834343471e-01
1791 5.00000000000000e+00 4.87756718918666e-01 1.78066859967056e-01
1792 5.00000000000000e+00 6.68770552689256e-01 1.66386179312490e-01
1793 5.00000000000000e+00 2.88278367614374e-01 1.74826180472035e-01
1794 5.00000000000000e+00 -1.11068096663492e-01 1.72480216818235e-01
1795 5.00000000000000e+00 8.13779774227025e-01 4.75150294301694e-01
1796 5.00000000000000e+00 -5.13743225759230e-01 1.69471719573021e-01
1797 5.00000000000000e+00 -7.19778091731908e-01 5.00332669840929e-01
1798 5.00000000000000e+00 -6.71425315454731e-01 6.67414999828999e-01
1799 5.00000000000000e+00 -4.84766398126840e-01 6.72959394928332e-01
1800 5.00000000000000e+00 -2.90090268307890e-01 6.76196519947401e-01
1801 5.00000000000000e+00 -9.17801074396871e-02 6.78243576220351e-01
1802 5.00000000000000e+00 1.02495085356430e-01 6.78908533664854e-01
1803 5.00000000000000e+00 2.94698255044665e-01 6.83151187405730e-01
1804 5.00000000000000e+00 4.81642199559472e-01 6.97613685425399e-01
1805 5.00000000000000e+00 6.43381208680262e-01 7.25948811136190e-01
1806 5.00000000000000e+00 -4.24165998594991e-01 3.40390937286597e-01
1807 5.00000000000000e+00 3.77287573520380e-01 3.50626769802787e-01
1808 5.00000000000000e+00 1.74242318468649e-01 3.46568124742031e-01
1809 5.00000000000000e+00 6.36510105945845e-01 5.64984841276765e-01
1810 5.00000000000000e+00 -6.22504067263246e-01 3.36104615097804e-01
1811 5.00000000000000e+00 -2.39976442391331e-02 3.45633970002189e-01
1812 5.00000000000000e+00 -2.24960407680285e-01 3.43454618871759e-01
1813 5.00000000000000e+00 6.08567741077811e-01 3.63006721034743e-01
1814 5.00000000000000e+00 2.44240003057532e-01 5.16234831363895e-01
1815 5.00000000000000e+00 4.44213481137310e-01 5.26623682399296e-01
1816 5.00000000000000e+00 -5.39741190907668e-01 5.06172485695226e-01
1817 5.00000000000000e+00 -3.46553262856537e-01 5.11362462247596e-01
1818 5.00000000000000e+00 -1.47731845256566e-01 5.14270363872615e-01
1819 5.00000000000000e+00 4.74245724297324e-02 5.13885186319350e-01
1820 -5.00000000000000e+00 -8.25681393785994e-01 2.71004449563295e-01
1821 -5.00000000000000e+00 -8.28048195886016e-01 6.76665011445806e-01
1822 -5.00000000000000e+00 -8.14675844034704e-01 8.55042525824061e-01
1823 -5.00000000000000e+00 -4.75245711665258e-01 8.31434212485156e-01
1824 -5.00000000000000e+00 -8.99061238483865e-02 8.32728134428721e-01
1825 -5.00000000000000e+00 3.12831878870090e-01 8.26245036531270e-01
1826 -5.00000000000000e+00 7.02195449358727e-01 8.40552552796423e-01
1827 -5.00000000000000e+00 8.67339778319719e-01 8.68009278465345e-01
1828 -5.00000000000000e+00 8.06532818256890e-01 2.95623572926411e-01
1829 -5.00000000000000e+00 8.08207081213433e-01 5.10529331949655e-01
1830 -5.00000000000000e+00 8.35420173902152e-01 7.03247757685259e-01
1831 -5.00000000000000e+00 -6.72856785795695e-01 1.63842595705856e-01
1832 -5.00000000000000e+00 -4.95002149694152e-01 1.73637103837125e-01
1833 -5.00000000000000e+00 -2.97117020972790e-01 1.69180308372367e-01
1834 -5.00000000000000e+00 -9.68924901996158e-02 1.66583548245679e-01
1835 -5.00000000000000e+00 1.02921961653997e-01 1.63922422543869e-01
1836 -5.00000000000000e+00 2.98266642249005e-01 1.56938475235831e-01
1837 -5.00000000000000e+00 4.73372351414594e-01 1.37071089857686e-01
1838 -5.00000000000000e+00 6.28012072325060e-01 2.09243655967504e-01
1839 -5.00000000000000e+00 -8.24045817289290e-01 4.77016495264751e-01
1840 -5.00000000000000e+00 5.12854684030567e-01 8.26872003030334e-01
1841 -5.00000000000000e+00 -6.58582937493271e-01 7.72862821694700e-01
1842 -5.00000000000000e+00 -2.84892001286189e-01 8.34531216312780e-01
1843 -5.00000000000000e+00 1.10179003920566e-01 8.29808758008255e-01
1844 -5.00000000000000e+00 -6.64217906873419e-01 5.72365445079711e-01
1845 -5.00000000000000e+00 4.33068482786323e-01 6.47619945080988e-01
1846 -5.00000000000000e+00 2.20659009686142e-01 6.57108649563743e-01
1847 -5.00000000000000e+00 -1.81989544672830e-01 6.66810578161967e-01
1848 -5.00000000000000e+00 -6.23228430830848e-01 3.59517245170004e-01
1849 -5.00000000000000e+00 6.42353377464272e-01 6.56229855810342e-01
1850 -5.00000000000000e+00 1.48604766603164e-02 6.63371581575980e-01
1851 -5.00000000000000e+00 -3.96909818235379e-01 3.40286724383205e-01
1852 -5.00000000000000e+00 -1.93141910755849e-01 3.34479762856764e-01
1853 -5.00000000000000e+00 8.50621323702816e-03 3.31289243835875e-01
1854 -5.00000000000000e+00 2.14015545990335e-01 3.24379924174903e-01
1855 -5.00000000000000e+00 4.24912587947625e-01 3.04152361807596e-01
1856 -5.00000000000000e+00 -3.67951314208582e-01 6.69520822323819e-01
1857 -5.00000000000000e+00 5.82892206762423e-01 4.45470091300990e-01
1858 -5.00000000000000e+00 -5.30924641922154e-01 6.71646079822808e-01
1859 -5.00000000000000e+00 3.32341509986756e-01 4.81980899026646e-01
1860 -5.00000000000000e+00 -2.84861538932825e-01 5.02285956417892e-01
1861 -5.00000000000000e+00 1.17347221819814e-01 4.93842762820324e-01
1862 -5.00000000000000e+00 -4.79186706739770e-01 5.11140134050262e-01
1863 -5.00000000000000e+00 -8.70108228394594e-02 4.98755422927353e-01
1864 -4.37031300882861e+00 7.52119481193596e-01 7.57075300920124e-01
1865 -3.87875353614820e+00 7.47155542459673e-01 7.95835189121571e-01
1866 -4.14428963558676e+00 7.84193072305283e-01 7.34494346578884e-01
1867 -3.58533602595986e+00 7.55460989706415e-01 7.14082812965602e-01
1868 -3.33630765053683e+00 7.61363462089437e-01 7.24733845683392e-01
1869 -2.81611741666236e+00 7.78697288107989e-01 7.74298633566910e-01
1870 -3.10666438728174e+00 7.44182231380413e-01 7.98396756903276e-01
1871 -2.57704736110907e+00 7.69309328827710e-01 7.52645376023069e-01
1872 -1.99698096274405e+00 7.51758817418952e-01 7.85963019083563e-01
1873 -2.33983492446705e+00 7.31695403837036e-01 8.07815984223296e-01
1874 -1.64333187352436e+00 7.60457813465741e-01 7.80470104574919e-01
1875 -1.02059920298283e+00 7.74860190270952e-01 7.66244601063901e-01
1876 -1.32604868584835e+00 7.64731988250173e-01 7.32367169990379e-01
1877 -7.74696561495901e-01 7.77836309618553e-01 7.20276892145782e-01
1878 -2.62616787024577e-01 7.12904379156511e-01 8.24459550199536e-01
1879 -5.34005168394602e-01 7.09016437614287e-01 8.07561802973717e-01
1880 -2.35251749009553e-03 7.81193845259789e-01 7.91846984316786e-01
1881 2.28443476114674e-01 7.47003366365898e-01 7.42934381158063e-01
1882 7.87840523084701e-01 7.71789495439097e-01 7.62265358638456e-01
1883 4.98310653318900e-01 7.52004256352582e-01 7.23850956232691e-01
1884 1.17100396790670e+00 7.70428083635542e-01 7.29880372859192e-01
1885 1.50316435376653e+00 7.28492983834685e-01 7.88878092445855e-01
1886 1.80812045643265e+00 7.96069681610790e-01 7.74090880929313e-01
1887 2.05245660009020e+00 7.30449445563249e-01 7.33833605556360e-01
1888 2.57116921098305e+00 7.49786327931277e-01 8.28724960341435e-01
1889 2.30913644191695e+00 7.65134635939495e-01 8.01613403366416e-01
1890 2.80168940205890e+00 8.19249865907129e-01 7.56947289071296e-01
1891 3.28212628716939e+00 7.41725739336974e-01 7.37228589210594e-01
1892 3.01913790891436e+00 7.56093658425748e-01 7.37243589261794e-01
1893 3.57122324727129e+00 7.82388557023410e-01 7.59008363514132e-01
1894 3.85810969141559e+00 7.24611522337130e-01 7.16177962827595e-01
1895 4.39473479707301e+00 7.56367207514144e-01 7.31168614359367e-01
1896 4.12960983646287e+00 7.57191543995061e-01 8.13241646735826e-01
1897 4.68865532076171e+00 7.51471294068659e-01 7.63502856120897e-01
1898 -4.70609911088332e+00 7.59614316385498e-01 3.01456301676978e-01
1899 -4.36046971065828e+00 7.91516236673052e-01 3.46019326220503e-01
1900 -3.92406386261920e+00 7.85474721628630e-01 1.74813441399058e-01
1901 -4.14875846513605e+00 6.65499992907971e-01 2.72028327540301e-01
1902 -3.86903004486850e+00 7.93621481634357e-01 3.72779162832379e-01
1903 -3.58795740637056e+00 8.27191611044634e-01 3.58273195270473e-01
1904 -3.34662850102432e+00 7.77462592610257e-01 3.20026177293862e-01
1905 -3.11679915818936e+00 8.24359449730306e-01 4.94458308709271e-01
1906 -2.37030057145864e+00 7.11397939259270e-01 1.96190900625826e-01
1907 -2.32520085023938e+00 4.16579814855688e-01 2.45590644408279e-01
1908 -2.57863733329012e+00 8.10425308383745e-01 3.82609906884234e-01
1909 -2.86686531976120e+00 7.67369208657113e-01 3.14856619176774e-01
1910 -2.08523201059377e+00 7.83343622855727e-01 1.86599393487396e-01
1911 -2.30570803145839e+00 7.49562827379095e-01 4.73707169660198e-01
1912 -1.80240683703070e+00 7.63998880333128e-01 1.98636977951267e-01
1913 -2.08223469697084e+00 5.01445541712235e-01 1.77455794321713e-01
1914 -2.04484317939607e+00 7.29605158936696e-01 4.17645909209821e-01
1915 -1.56231898113871e+00 6.92932858251277e-01 2.10440394924536e-01
1916 -1.85421875835250e+00 4.85539849982045e-01 2.12103828848501e-01
1917 -1.73454805701308e+00 8.21284567771678e-01 4.76373806859166e-01
1918 -1.27367622135247e+00 7.86978049852351e-01 1.68808734459093e-01
1919 -1.47924060413702e+00 4.24236182850069e-01 3.16355910889631e-01
1920 -1.31261444565796e+00 4.80080353752943e-01 1.52814580925949e-01
1921 -1.36236014943856e+00 7.98865805886272e-01 3.70296945684589e-01
1922 -1.03546467792097e+00 8.09055202304436e-01 2.78534393418451e-01
1923 -5.94400616953478e-01 7.74002422788890e-01 3.23222975995801e-01
1924 -3.07606741715011e-01 7.75847949487531e-01 2.82684523888607e-01
1925 1.87280392055208e-02 8.24665469668516e-01 2.85008944218010e-01
1926 4.90176653438511e-01 7.41153701226913e-01 2.00730694249589e-01
1927 2.35928913522234e-01 6.93806721686860e-01 3.62760352596093e-01
1928 7.62503303957325e-01 6.28416003846573e-01 1.64255075177602e-01
1929 4.93714331383792e-01 8.20423622009042e-01 4.29124808751080e-01
1930 1.02399442575568e+00 7.25004574460996e-01 2.75888346728209e-01
1931 1.29811514971751e+00 7.72980757584175e-01 2.11369097576826e-01
1932 1.33361426133253e+00 4.79176111327607e-01 1.69373306387998e-01
1933 1.06091392713079e+00 4.50785872597598e-01 1.88187612693128e-01
1934 9.76365940215072e-01 7.47075841744403e-01 4.93750209925870e-01
1935 7.78048263135785e-01 4.37908088869525e-01 2.74462986591787e-01
1936 7.24447402108661e-01 7.68866485015812e-01 4.04219207119159e-01
1937 1.54009761837105e+00 7.32141264957389e-01 2.46300153208296e-01
1938 1.45553375907518e+00 8.24191820133552e-01 4.85984029031518e-01
1939 1.80930265846939e+00 7.14679852643065e-01 2.03241012696996e-01
1940 1.58956152193329e+00 4.80549066321341e-01 1.69592188963463e-01
1941 2.01686367186908e+00 7.90195675664833e-01 2.97068797288614e-01
1942 1.79668118196237e+00 4.18701020474332e-01 1.57901614057814e-01
1943 1.74213968061970e+00 7.87759860106295e-01 5.07967193264096e-01
1944 2.27942184366766e+00 7.96349527679153e-01 1.88118880249474e-01
1945 2.10826353008843e+00 4.95748705753992e-01 2.13842444212564e-01
1946 2.56251689675347e+00 7.44218726757449e-01 1.91531087825095e-01
1947 2.25807217517149e+00 7.76379834537539e-01 4.70114491864024e-01
1948 2.81437642071581e+00 7.67764836240119e-01 2.19074534529834e-01
1949 3.08063995026299e+00 7.97866499877976e-01 1.78649480102563e-01
1950 2.80168336733571e+00 5.08897873004113e-01 1.65016268506310e-01
1951 2.82569914555091e+00 8.08634820181854e-01 4.48299960261379e-01
1952 2.52767873433823e+00 4.63691005498743e-01 2.14234378611310e-01
1953 2.57244635025391e+00 7.45421212577417e-01 4.18346225461419e-01
1954 3.39414091694637e+00 7.48520347401520e-01 2.12756424478958e-01
1955 3.06540174504176e+00 5.04842602977376e-01 1.65530974600418e-01
1956 3.07049317957706e+00 7.14241604751548e-01 3.97897772719309e-01
1957 3.35217311705194e+00 3.21895801307589e-01 1.65557930969910e-01
1958 3.35726871380913e+00 7.83718697575991e-01 4.53197215376239e-01
1959 3.60938049216690e+00 7.66230772946941e-01 5.16647729391956e-01
1960 3.81811273449911e+00 7.76766259591343e-01 3.90716796497166e-01
1961 4.06007401246599e+00 8.24259183571926e-01 4.57490147588171e-01
1962 4.76348016621336e+00 7.36120029667997e-01 3.42933693728615e-01
1963 4.39092098282080e+00 8.14055950839359e-01 4.00007842472890e-01
1964 -4.40661215345158e+00 -8.18971610569296e-01 7.28913988439517e-01
1965 -4.41566255553444e+00 -8.04176894040433e-01 2.82212918343783e-01
1966 -4.68222599428673e+00 -7.70224407890512e-01 7.64947543444951e-01
1967 -4.12067744681025e+00 -7.97816476230856e-01 7.08964245572555e-01
1968 -4.44973282109326e+00 -5.66276066470900e-01 7.74271896931270e-01
1969 -3.86349169923587e+00 -7.55369932785760e-01 7.30465315948183e-01
1970 -4.13717898332337e+00 -5.14357316171767e-01 7.18362348398828e-01
1971 -4.09414831613271e+00 -8.12439370493682e-01 3.09946622038907e-01
1972 -3.59887858236563e+00 -8.00982811743389e-01 7.17130160168105e-01
1973 -3.80850446735503e+00 -3.63803441078464e-01 7.83118151259474e-01
1974 -3.87054522209480e+00 -7.86235686050915e-01 2.90981748058547e-01
1975 -3.31703455491525e+00 -7.67310859670806e-01 6.79490817407767e-01
1976 -3.42938389255292e+00 -8.11025179205630e-01 3.29023151032864e-01
1977 -3.61688129381162e+00 -5.31215122045708e-01 7.79985879705999e-01
1978 -3.09792316745819e+00 -8.13900708312112e-01 7.69735162161376e-01
1979 -3.36312332425112e+00 -4.17245258498765e-01 7.00066781913218e-01
1980 -2.86355555146694e+00 -7.92704119481156e-01 7.47265969998919e-01
1981 -2.97401278960959e+00 -5.57860539992255e-01 7.58826631361703e-01
1982 -3.05594281138085e+00 -7.75721640965909e-01 4.45782569200718e-01
1983 -2.61116247298086e+00 -8.34063952558834e-01 6.77263223315303e-01
1984 -2.37053615643188e+00 -7.91966987957513e-01 6.47453702898895e-01
1985 -2.38815398789695e+00 -8.06428220930471e-01 3.13665368298879e-01
1986 -2.62845975570295e+00 -6.08835473099851e-01 7.86761087283041e-01
1987 -2.62964840745631e+00 -8.23430462272597e-01 3.82059115662218e-01
1988 -2.78469552217142e+00 -7.24207795166435e-01 5.03991291831887e-01
1989 -2.08730663483165e+00 -8.32319049871022e-01 6.75810513328229e-01
1990 -2.38798936628081e+00 -5.27411896562300e-01 6.71153010103257e-01
1991 -1.81989131370404e+00 -7.84854073158568e-01 7.24656052069335e-01
1992 -1.99680269162040e+00 -5.26843709412040e-01 8.02696833526751e-01
1993 -2.10152523106399e+00 -8.19836149485462e-01 3.17119120403478e-01
1994 -1.55825968397232e+00 -7.94636301048064e-01 7.21340510396767e-01
1995 -1.73824709445823e+00 -5.58528533263904e-01 7.76668238297575e-01
1996 -1.78996889895242e+00 -7.76048193722068e-01 2.94030095422129e-01
1997 -5.56808712032184e-01 -7.02342254626214e-01 2.28446525375276e-01
1998 -1.31028386701832e+00 -8.14823743716776e-01 7.57057434453796e-01
1999 -1.47101459389811e+00 -5.55031119614293e-01 7.21324734789885e-01
2000 -1.44299824858183e+00 -8.08795590172917e-01 4.67148413360550e-01
2001 -1.63459422408206e-01 -7.17550694581862e-01 3.40533743928252e-01
2002 -1.06068828696767e+00 -7.83200595802840e-01 7.51472197874817e-01
2003 -1.25272844435690e+00 -6.04078015130472e-01 6.55211249215975e-01
2004 -8.08709097440524e-01 -8.03543832095696e-01 7.22926770322191e-01
2005 -5.49407647854645e-01 -7.92839346252948e-01 6.95448367252426e-01
2006 -7.64356564322628e-01 -5.33883036427156e-01 7.30456314023874e-01
2007 -7.76902685593412e-01 -7.76790069778864e-01 4.60992774354448e-01
2008 -1.05019177654727e+00 -3.74750998497427e-01 7.37866171878725e-01
2009 -1.09533418339693e+00 -8.17828125483780e-01 4.91451174478465e-01
2010 3.18433929657516e-01 -8.37578143973005e-01 3.31853288415175e-01
2011 -2.63877355324411e-01 -8.02637104963530e-01 7.40700390403735e-01
2012 -5.22722401825625e-01 -4.44076929964611e-01 7.81947054764579e-01
2013 -5.17391018902611e-01 -8.13394656860303e-01 4.46473540657055e-01
2014 -5.97734667068828e-03 -8.13358663275495e-01 7.38894211044990e-01
2015 -2.88520304331312e-01 -3.67602940531090e-01 7.04542937576463e-01
2016 -3.06200412139556e-01 -8.49943124898877e-01 5.02308861926169e-01
2017 8.18622660734524e-01 -6.07791952464964e-01 2.20283651136852e-01
2018 2.35807069299086e-01 -8.02911787685459e-01 7.13762836663147e-01
2019 1.53600929254339e-01 -7.98831460373407e-01 4.20201389414958e-01
2020 -1.27173810838280e-01 -5.79256130672257e-01 6.70518605733668e-01
2021 -3.76032658896379e-02 -7.97734913854490e-01 4.97661292571100e-01
2022 5.07921185432821e-01 -8.10482405627422e-01 7.07779836402551e-01
2023 1.59316945332484e-01 -5.43246185869011e-01 6.76706408683635e-01
2024 1.26850831479996e+00 -7.49627573718251e-01 2.34228409459513e-01
2025 7.58323644987050e-01 -7.72392110538968e-01 7.37610226498103e-01
2026 4.81838583119968e-01 -5.65689793294719e-01 7.48770380149890e-01
2027 5.16822680721456e-01 -7.53700209129406e-01 4.19552896550899e-01
2028 1.04151752264679e+00 -7.81876285152820e-01 7.48277426960691e-01
2029 1.84553682876724e+00 -7.66700262763923e-01 2.20113219035507e-01
2030 1.26966716033763e+00 -7.95090159021200e-01 7.34596767958238e-01
2031 1.22032867868900e+00 -7.96601183999000e-01 4.71323992103091e-01
2032 1.00802808824611e+00 -5.41495212326843e-01 8.01674870095896e-01
2033 1.01680383582875e+00 -8.09987814450036e-01 4.62511101959554e-01
2034 7.44349842926425e-01 -5.18892925297086e-01 7.76304159944292e-01
2035 8.03301838743222e-01 -7.94371514364211e-01 4.24890489199453e-01
2036 1.49354490946664e+00 -8.03520707130432e-01 7.40058308997560e-01
2037 1.29535491922027e+00 -5.26580004328187e-01 7.98617169878761e-01
2038 1.77746132207960e+00 -8.00207504246884e-01 7.23598060369080e-01
2039 1.59045195686996e+00 -5.48143765972148e-01 7.80180502434445e-01
2040 1.52382912385922e+00 -8.04167024187589e-01 4.64642749358372e-01
2041 2.08464564665274e+00 -7.77334539490214e-01 7.21775427693447e-01
2042 1.88253067430825e+00 -5.45576007172261e-01 6.98739576802427e-01
2043 1.80205084528055e+00 -7.96779883408781e-01 4.44998619260587e-01
2044 2.42857064389696e+00 -7.89373837034388e-01 7.65459773920322e-01
2045 2.09195209820629e+00 -8.30800068094414e-01 3.85418135937791e-01
2046 2.29557823126415e+00 -5.21310961578585e-01 6.78163088786549e-01
2047 2.31188579891457e+00 -8.07897314274865e-01 4.82818206939903e-01
2048 2.76162905608471e+00 -8.08140749864720e-01 7.23568340350275e-01
2049 3.03608196248125e+00 -7.86907753445636e-01 7.26692112661526e-01
2050 2.80726466924221e+00 -5.46839441764897e-01 7.62140943329862e-01
2051 2.78536394788182e+00 -7.95242034673851e-01 3.17609106543972e-01
2052 2.58477149436886e+00 -5.84887004880461e-01 6.49287888936211e-01
2053 2.55651528478449e+00 -8.27931286334507e-01 4.97376988189166e-01
2054 3.28287145544051e+00 -8.09234703115893e-01 7.30896853474451e-01
2055 3.02356945253049e+00 -4.82051077387332e-01 6.64587589028453e-01
2056 3.06965415525913e+00 -8.23943278235740e-01 3.11928324747955e-01
2057 3.52991833397780e+00 -7.99903528248343e-01 7.32380677741577e-01
2058 3.29072727405997e+00 -5.41646510862398e-01 7.52888857907875e-01
2059 3.34563773353998e+00 -8.15496853248045e-01 4.44451017637159e-01
2060 3.83001937640965e+00 -7.75777429798674e-01 7.57579641732186e-01
2061 3.82708667827073e+00 -7.77333134418322e-01 4.29762416635465e-01
2062 3.61996773125256e+00 -5.77350859947557e-01 7.15657392758942e-01
2063 3.58828403487196e+00 -8.06400872608707e-01 4.43708370365663e-01
2064 4.08657498972898e+00 -8.00983778972782e-01 7.12291400834046e-01
2065 3.81970442259444e+00 -3.86629014734950e-01 7.03288519720021e-01
2066 4.37050552755591e+00 -7.92286857173229e-01 7.47357319538088e-01
2067 4.02299275699929e+00 -5.31468557350806e-01 8.12462597491412e-01
2068 4.06910672089554e+00 -8.11914293818316e-01 4.04999763414241e-01
2069 4.67192485323738e+00 -7.98058862571321e-01 7.47771230003290e-01
2070 4.54293830279247e+00 -5.22876581223669e-01 7.29789053835579e-01
2071 4.68931874984570e+00 -7.95711507030244e-01 3.60636053512937e-01
2072 4.39558022513855e+00 -7.92610485651535e-01 3.57002105626939e-01
2073 -3.92615885059705e+00 -5.67912769736720e-01 2.19598215412699e-01
2074 -3.09781547516908e+00 -8.31309810255024e-01 1.61756289507260e-01
2075 -2.84136356753100e+00 -7.89789915853426e-01 2.02292586218815e-01
2076 -3.15232377835600e+00 -5.72006081945315e-01 1.91768359023376e-01
2077 -2.55410561640025e+00 -7.94863600255456e-01 1.62113145379503e-01
2078 -2.87350570529550e+00 -4.65758241544090e-01 2.24964979048547e-01
2079 -1.54819286550968e+00 -8.09274304631663e-01 1.95024092995159e-01
2080 -2.17070025207858e+00 -6.00567082434253e-01 3.18889746325981e-01
2081 -1.26671293344373e+00 -7.41530031503127e-01 2.27728975307474e-01
2082 -1.03754681948394e+00 -7.90400399001480e-01 1.91276211150850e-01
2083 -8.24272793624181e-01 -7.13573016325740e-01 2.13422152385039e-01
2084 -1.07659417962732e+00 -4.82644742016692e-01 1.72509954036290e-01
2085 -1.04246955530268e+00 -5.79971496221675e-01 3.95322571895140e-01
2086 -3.05545161299244e-01 -8.18069567759471e-01 1.93586543362158e-01
2087 1.05238521377804e-03 -7.96762725462020e-01 2.05076702543792e-01
2088 -2.66687944773186e-01 -5.32954711819256e-01 2.68213769111673e-01
2089 2.20114951215473e-01 -8.16681962804783e-01 1.68049055927309e-01
2090 -1.96170634437563e-02 -5.34855394859462e-01 1.76045758727429e-01
2091 -2.50819220917354e-01 -3.20651999050613e-01 1.69634011883459e-01
2092 4.84254740844906e-01 -8.23253490160988e-01 1.67752750768452e-01
2093 2.44851782392874e-01 -5.93987755583904e-01 2.80498176324935e-01
2094 7.35190176656673e-01 -8.10979542333847e-01 1.85348977425157e-01
2095 5.11366036622664e-01 -4.46933202247196e-01 2.32986447546999e-01
2096 1.00419666854019e+00 -7.98256436699780e-01 2.16445022381969e-01
2097 1.03195401729083e+00 -4.95062772124436e-01 1.70220448612618e-01
2098 6.80402221440006e-01 -5.55243506430274e-01 5.04848087721597e-01
2099 1.51675311716064e+00 -8.19287837545583e-01 1.79735622838307e-01
2100 1.30530929432292e+00 -4.94495833175881e-01 1.91397738585835e-01
2101 1.49124457177751e+00 -5.72335326086556e-01 2.03205880837729e-01
2102 2.04167248768919e+00 -7.88047432546181e-01 1.72183322413427e-01
2103 1.70073380234059e+00 -5.74189164442368e-01 2.74718394752385e-01
2104 1.55520826954692e+00 -3.02244382466854e-01 1.64981492909750e-01
2105 1.42503992316320e+00 -5.81628097786880e-01 5.25583792297736e-01
2106 2.29405952552293e+00 -8.26942424198096e-01 1.73232675537528e-01
2107 2.55273198969497e+00 -8.10940688304258e-01 1.97048857886241e-01
2108 2.47789030457807e+00 -5.93350611569546e-01 2.77245432256273e-01
2109 3.30038451884749e+00 -7.96446099222735e-01 2.03421711676573e-01
2110 3.60192718170328e+00 -8.18510507927235e-01 2.15758136598707e-01
2111 3.87433763955953e+00 -8.07128600067256e-01 1.87075372669124e-01
2112 3.27067421413424e+00 -5.68243025172513e-01 3.51975242870522e-01
2113 3.75540274174676e+00 -6.04678134269301e-01 1.70400629939075e-01
2114 4.42289953004203e+00 -5.08759485448700e-01 2.54835833797074e-01
2115 4.68142152604796e+00 -3.04427219663005e-01 4.75382958926517e-01
2116 4.63160575435743e+00 5.36243585916566e-01 3.18094428726319e-01
2117 4.75835359832483e+00 -3.01375176452095e-01 7.46610244216260e-01
2118 4.74138551666301e+00 -2.03192083054405e-02 7.63185974289906e-01
2119 4.72422249194260e+00 2.15500205287242e-01 6.99126510093932e-01
2120 4.74676789707631e+00 4.70733849172543e-01 6.96540736516864e-01
2121 -4.78954926755885e+00 -3.06939283976258e-01 3.10070751836486e-01
2122 -4.70191692100546e+00 -7.03391270626050e-02 3.40367992691810e-01
2123 -4.69175297685357e+00 1.88080315195709e-01 7.25693133483164e-01
2124 -4.76981009280157e+00 4.58042168602364e-01 2.77772486461999e-01
2125 -4.66207616292406e+00 7.41635095738397e-01 8.12188227886611e-01
2126 -4.72566142818460e+00 4.48990123008660e-01 7.59730164490708e-01
2127 -4.44465066653913e+00 -3.23128788448812e-01 8.08724008041282e-01
2128 -4.80778256633345e+00 -1.18006312567767e-01 6.96786162897127e-01
2129 -4.76229358020680e+00 -4.42928344305831e-01 7.15127635038831e-01
2130 -4.38864644603809e+00 4.22986579121506e-01 7.79526339603206e-01
2131 -4.71602126984619e+00 -7.81671682480186e-01 2.90092083119966e-01
2132 4.65383785844725e+00 -5.77551904894262e-01 2.18252162718469e-01
2133 -4.50542794404789e+00 -1.03834418001659e-01 7.21336486493138e-01
2134 -4.34735704316164e+00 1.44366496181540e-01 7.18645975653841e-01
2135 4.38573654016742e+00 -3.17590708385630e-01 7.21935478574188e-01
2136 4.37482334392957e+00 -9.81908439230284e-02 8.00697183148201e-01
2137 4.72134462893740e+00 -7.87983254180705e-02 3.22021754110278e-01
2138 -3.92881565252779e+00 4.40610250804820e-01 7.29813664148776e-01
2139 -4.15770351645935e+00 4.81940147903977e-01 8.14992120095522e-01
2140 -3.64280153334392e+00 4.30843262259930e-01 6.75318197265889e-01
2141 -3.12814412471058e+00 4.51251697588731e-01 8.31558500520275e-01
2142 -3.38034134349050e+00 4.55933779278905e-01 7.94160974796666e-01
2143 -2.87766114405818e+00 4.52891413826689e-01 6.89176548555119e-01
2144 -2.61436048921638e+00 4.62141420360921e-01 6.96596359341195e-01
2145 -2.14528021770011e+00 5.31620808451601e-01 7.34092071065588e-01
2146 -2.32618277064091e+00 3.67000824484623e-01 8.10610363049660e-01
2147 -1.83657672700757e+00 5.04473751711776e-01 7.88048630393655e-01
2148 -1.33033609107954e+00 3.92182896496435e-01 7.10602001032713e-01
2149 -1.58031624649004e+00 3.96777939707602e-01 8.23602353443928e-01
2150 -1.08047870301960e+00 5.17314172942074e-01 7.71534908558375e-01
2151 -7.90996928296766e-01 5.46460677707069e-01 8.14399252926970e-01
2152 -3.20295855788849e-01 4.43353721919547e-01 8.23358010896133e-01
2153 -5.70142189500960e-01 4.16566808605136e-01 8.35884282872609e-01
2154 -3.56628435855443e-02 4.86266404710740e-01 6.76948595610158e-01
2155 4.35294298052207e-01 4.35945135289835e-01 7.60065816338545e-01
2156 1.99929909864547e-01 3.76184576330788e-01 7.66684237034630e-01
2157 6.73160433071331e-01 4.66672759286112e-01 7.06882349935728e-01
2158 9.75840799313542e-01 5.18772129064840e-01 7.63702902448230e-01
2159 1.49165372104033e+00 4.31162232769599e-01 7.85125505951644e-01
2160 1.24644396292902e+00 4.29887044824584e-01 8.22744207065451e-01
2161 1.76744280033770e+00 5.33478741018115e-01 7.64722269080013e-01
2162 2.26283300047269e+00 4.62831480669422e-01 8.29409885005502e-01
2163 2.00254310467455e+00 4.29014157456955e-01 8.02072527667903e-01
2164 2.57146968400499e+00 4.55459201303462e-01 7.53978549086963e-01
2165 2.80363162469368e+00 5.10436393565978e-01 7.60743674388488e-01
2166 3.29231087688642e+00 4.38016894929870e-01 7.91368579317920e-01
2167 3.06212281026743e+00 4.42566372335440e-01 8.39161927868624e-01
2168 3.57810675955261e+00 5.16581526167562e-01 8.04917967591672e-01
2169 4.08539972444290e+00 4.60497380980872e-01 8.12484313072643e-01
2170 3.83908691467427e+00 3.66284860416674e-01 7.90314367776158e-01
2171 4.35383664412436e+00 4.71519710890178e-01 7.52812351531567e-01
2172 4.41228124924428e+00 1.75416495237290e-01 7.36092539020482e-01
2173 4.66326367267318e+00 3.18403772549059e-01 3.25259416559808e-01
2174 -3.11517637107455e+00 -3.16854258230405e-01 7.93078971651420e-01
2175 -3.37028348215098e+00 -5.69033451203108e-01 3.25572780543494e-01
2176 -1.25441355843947e+00 -3.39366829939719e-01 8.28029290311365e-01
2177 -1.55328227072301e+00 -2.79043647462669e-01 7.37527001456778e-01
2178 -1.48001468984340e+00 -5.84733527903074e-01 2.75357722687993e-01
2179 -3.57469782160166e+00 -2.46809870256565e-01 7.70279724018255e-01
2180 -3.62478974110138e+00 -4.13723812594260e-01 3.73459422280122e-01
2181 -1.79077608633259e+00 -3.40258476806076e-01 7.14159680766442e-01
2182 -2.01417783616859e+00 -2.91354918256332e-01 7.73178394968797e-01
2183 -4.03014873662493e+00 -2.87446987547144e-01 7.48312397171002e-01
2184 -4.21910756202208e+00 -6.45973164302592e-01 1.80615106323560e-01
2185 -4.46659541860652e+00 -4.44489609047229e-01 3.36461484918175e-01
2186 -2.30316775166970e+00 -3.09314604023311e-01 7.65507864815004e-01
2187 -2.37641948952240e+00 -5.11039620057793e-01 2.56027777863591e-01
2188 -2.55363034303610e+00 -2.72442813696158e-01 8.17093271780728e-01
2189 -2.62375815719199e+00 -5.89968478833860e-01 2.22659583152540e-01
2190 -2.82059106954375e+00 -2.94550439309231e-01 8.14046971098220e-01
2191 -7.94717180304321e-01 -2.88641333689874e-01 8.14499503807855e-01
2192 -7.19279474398355e-01 -5.32194812086367e-01 3.88299467709496e-01
2193 -4.49061779324181e-01 -4.40144831072646e-01 3.83763688617838e-01
2194 -4.40318023112476e-02 -3.05574603680883e-01 8.01876878444955e-01
2195 5.13010269884857e-03 -6.00365030196317e-01 3.98940024672597e-01
2196 4.76642103076864e-01 -3.58921632907141e-01 7.96004462818833e-01
2197 2.09104822398581e-01 -2.73446406310107e-01 7.83036898336104e-01
2198 9.44550031292262e-01 -3.11457612586139e-01 7.99220332584360e-01
2199 1.05625961079807e+00 -5.92132112536641e-01 3.70031037675518e-01
2200 7.62551662904280e-01 -2.22744628711359e-01 6.71890307473679e-01
2201 1.23002823549348e+00 -1.10291747869657e-01 6.84020095076161e-01
2202 1.20575820693536e+00 -4.54120929270038e-01 5.23377736705232e-01
2203 1.96480024384463e+00 -2.90551926034484e-01 7.72173738555989e-01
2204 1.44842139529995e+00 -2.96114113044077e-01 6.78134850385746e-01
2205 2.02901178305531e+00 -6.27726948221146e-01 4.46454143395798e-01
2206 2.57023793633581e+00 -3.28593491786012e-01 7.22884408999022e-01
2207 2.31337568496564e+00 -2.96896536881422e-01 8.06460704992459e-01
2208 2.20566467778547e+00 -5.94011864281993e-01 2.41579343231119e-01
2209 2.78278714781847e+00 -2.56079676235164e-01 8.16074554149425e-01
2210 2.81491719510827e+00 -5.08599792967985e-01 3.92322446168445e-01
2211 3.23240172893568e+00 -2.98584867115839e-01 6.50528536287330e-01
2212 3.02875521506142e+00 -5.02378171868266e-02 6.72710742687469e-01
2213 3.02631088731928e+00 -6.00830096665620e-01 2.11975647433655e-01
2214 3.62849255723598e+00 -2.91925008326341e-01 8.23093627266119e-01
2215 3.70932872227880e+00 -5.55087358622781e-01 4.15168294387252e-01
2216 4.13355710268882e+00 -2.92162100214824e-01 7.62901587038092e-01
2217 3.98466272723495e+00 -5.65699000726995e-01 5.33526622702410e-01
2218 1.51565605186899e+00 -5.89476305994286e-02 8.09452910669513e-01
2219 1.45836205207177e+00 -3.32230390921771e-01 3.84978039930420e-01
2220 1.23882819340657e+00 -2.45690853380210e-01 4.29368285664036e-01
2221 -1.02715160867557e+00 -5.88495918200853e-02 6.47427721565031e-01
2222 -1.34493394763224e+00 -1.01929778396196e-01 7.06936006047823e-01
2223 -1.29488673956421e+00 -3.25261615718405e-01 3.67676924556540e-01
2224 4.40312050510211e+00 4.72877036320695e-01 4.29693127826375e-01
2225 -4.16561349263391e+00 -9.65532749137014e-02 8.05168259137021e-01
2226 -4.14921647979055e+00 -3.73107132062160e-01 2.49208751128769e-01
2227 4.26310600387507e+00 -3.51675891492148e-01 3.79561870871375e-01
2228 4.02971506146311e+00 -1.99008713836139e-02 7.87297925756429e-01
2229 4.34458354348890e+00 -8.93118800226614e-02 2.59642309611712e-01
2230 -1.56997954940997e+00 8.88000576027541e-02 7.85627306363429e-01
2231 -1.50454456538502e+00 -6.26180648394266e-02 2.20709707261774e-01
2232 -5.43585452044502e-01 -1.32299674786941e-01 8.34891125049242e-01
2233 -5.68248744645421e-01 -2.36506916516071e-01 5.24893976602691e-01
2234 -7.55105237710114e-01 -3.34594587746009e-02 7.29622016797594e-01
2235 -8.77529910250153e-01 -3.47117873218631e-01 3.54846667854209e-01
2236 -3.11854013290487e-01 -8.10654784974705e-02 7.90445773474751e-01
2237 -2.93816591736872e-01 -2.35631976169635e-01 4.27879106042079e-01
2238 -9.70523598771190e-02 -6.85758323390312e-02 6.75409694396432e-01
2239 -6.32033097118826e-02 -3.55646781052034e-01 4.13033763429634e-01
2240 -1.88658340717571e+00 -4.46251430850618e-02 7.36986679261338e-01
2241 -1.90444497549189e+00 -2.57905493404631e-01 3.80571930951244e-01
2242 -2.13732179995645e+00 -8.85750875614074e-02 8.29005516964519e-01
2243 -2.04542654525016e+00 -3.93134125385140e-01 2.35405373371799e-01
2244 -2.87254888863630e+00 -6.38208482768343e-02 6.51851099810238e-01
2245 -3.10726537768080e+00 2.96413130252848e-02 7.23866002069667e-01
2246 -3.07603198316382e+00 -4.00927635914321e-01 4.53876001819598e-01
2247 -4.30903049883749e+00 -1.15743254252815e-01 2.59910420334773e-01
2248 4.88417731453883e-01 -9.64990618037205e-02 6.68976403092752e-01
2249 2.10814072671219e-01 -3.11819083726261e-03 7.08262873825114e-01
2250 1.97429974335445e-01 -3.33506115991052e-01 3.03105527500080e-01
2251 9.96380398332329e-01 -1.49965513123859e-02 7.20370674690529e-01
2252 1.02118181058807e+00 -3.23459236796277e-01 4.70743189962942e-01
2253 7.69916559063249e-01 1.69346971568833e-01 7.88233803892488e-01
2254 7.20728188065240e-01 -2.07049061381966e-01 2.60491181595152e-01
2255 1.79121834737002e+00 -7.79340167007689e-02 8.23269617442545e-01
2256 1.79502549315371e+00 -2.81524187360784e-01 1.91748063873823e-01
2257 2.09105539388458e+00 -4.53132216465381e-02 7.43684170084808e-01
2258 2.33504674922917e+00 -3.52547242012385e-01 2.31311664898223e-01
2259 1.98173856542989e+00 -4.16187728431375e-01 2.77162060180527e-01
2260 2.48912569009698e+00 -5.88749462828260e-02 8.18201275503282e-01
2261 2.64893446570673e+00 -3.26192267624401e-01 2.73623864310685e-01
2262 3.02191899681054e+00 -3.06663805080801e-01 2.73834755589581e-01
2263 2.80484000767897e+00 1.52013273200867e-01 8.01558068471333e-01
2264 2.80998531273847e+00 -3.06575975223881e-01 5.48920659924146e-01
2265 3.28984934550731e+00 -7.51581456901832e-02 8.29676384115125e-01
2266 3.29772022700658e+00 -3.52114694476586e-01 2.35839904546860e-01
2267 3.78698254760052e+00 -7.96750551016476e-02 7.47620190618078e-01
2268 3.80028551984074e+00 -3.02302443602951e-01 4.21972224657280e-01
2269 3.62224819959542e+00 1.61884586767113e-01 7.87164579350489e-01
2270 3.55465080595891e+00 -3.56539742917435e-01 2.94911973017447e-01
2271 -3.84568576723327e+00 2.21143946117149e-01 8.22991297825145e-01
2272 -4.11069656308256e+00 1.77280476529866e-01 8.15931290999882e-01
2273 -4.14438402142138e+00 1.30534218386044e-01 2.26623250803345e-01
2274 -3.93167015184618e+00 5.04795254807619e-01 2.52857970461609e-01
2275 -4.47044894137223e+00 4.34494493922476e-01 3.15445004640517e-01
2276 -3.34617197865290e+00 2.03803889008863e-01 6.97794534776102e-01
2277 -3.37845095919363e+00 4.65211078382329e-01 3.91930938142522e-01
2278 -3.60776087499736e+00 1.54015614273987e-01 8.15724866630496e-01
2279 -3.60748444240945e+00 5.23437475899896e-01 2.33312977036080e-01
2280 -3.01688407891014e+00 2.26634939562805e-01 7.73609970624086e-01
2281 -3.12438590116316e+00 5.43683277816710e-01 2.70905095563728e-01
2282 -2.78176394369093e+00 2.31332571323716e-01 8.35288759040797e-01
2283 -2.83431163425437e+00 4.48729539544185e-01 2.80160055823368e-01
2284 -2.33829702315548e+00 3.01517023250226e-01 4.88230691013258e-01
2285 -2.52130344340493e+00 2.18301612183570e-01 7.86196442811187e-01
2286 -2.58676505185122e+00 5.12824696492862e-01 2.61416955868331e-01
2287 -2.04493792481324e+00 2.24929059093284e-01 8.00069875364085e-01
2288 -2.02715230846735e+00 4.05244265975368e-01 4.76330255836654e-01
2289 -1.51965814137477e+00 6.01340769065002e-01 5.92223563889447e-01
2290 -1.78440452702693e+00 2.15168968501392e-01 8.33750952727383e-01
2291 -1.80749692075609e+00 5.91614153380119e-01 4.91558616359755e-01
2292 -1.26243063328992e+00 1.04211016982168e-01 8.04546003584694e-01
2293 -1.09704431981482e+00 5.65266813808325e-01 3.06093929882235e-01
2294 -1.04503576881297e+00 2.08721367715714e-01 7.15790604363521e-01
2295 -4.97662301209202e-01 1.54008530888404e-01 8.11516205716647e-01
2296 -5.16181742647543e-01 4.27092318670496e-01 2.13170417807773e-01
2297 -7.49316756621811e-01 2.27910084240896e-01 7.89407634507202e-01
2298 -7.73221774092491e-01 4.54046348523494e-01 2.69741072110363e-01
2299 -2.17308573594244e-01 2.20820305290796e-01 7.36858625635222e-01
2300 -2.30396249071871e-01 3.47475074879593e-01 2.49348885670032e-01
2301 1.32374051668326e-02 2.07637147324511e-01 8.18286764099776e-01
2302 -9.21433558697825e-02 6.09201847567947e-01 2.71492043493842e-01
2303 4.46003077331838e-01 1.73827733452928e-01 7.79455583018997e-01
2304 5.43743920254767e-01 5.72333467435746e-01 3.77968762253857e-01
2305 1.28806124819178e+00 1.50448440889295e-01 7.86915179763796e-01
2306 1.26960022158935e+00 6.00106073920751e-01 4.77544151276725e-01
2307 1.04943744910501e+00 2.44475727159857e-01 7.63582895798187e-01
2308 1.05490720463025e+00 3.91350143969803e-01 4.41736707477730e-01
2309 1.52530734904553e+00 1.80730061587931e-01 8.15152558740942e-01
2310 1.57059409929303e+00 5.97752966897257e-01 5.45722561922883e-01
2311 2.02545915655651e+00 2.05934038465725e-01 8.14508791045450e-01
2312 1.99660853040351e+00 5.17256229802996e-01 5.06927460675600e-01
2313 1.78790685505536e+00 1.81867506206078e-01 7.58542768013535e-01
2314 1.75941717965327e+00 5.22060532614631e-01 3.80158462473570e-01
2315 2.26445655526470e+00 1.51644032717206e-01 7.93026640307282e-01
2316 2.31016912172031e+00 4.24530020266737e-01 4.08294209748195e-01
2317 2.53988875588204e+00 1.91558683092961e-01 7.90443372729740e-01
2318 2.56943974571362e+00 4.91803516681489e-01 4.94664528204266e-01
2319 3.09521067640578e+00 1.91022068845915e-01 8.25212197050478e-01
2320 3.03665884613172e+00 5.60303181172983e-01 5.92097843513690e-01
2321 2.83541825506254e+00 5.31652053386581e-01 4.53687445084678e-01
2322 3.30390998079327e+00 1.57792156224421e-01 7.23739518349009e-01
2323 3.25807265868020e+00 4.58060781419880e-01 4.42283215641513e-01
2324 3.78750253645321e+00 4.51094842027648e-01 2.94621164493849e-01
2325 4.14099251796527e+00 2.00869294222067e-01 7.73502808430267e-01
2326 4.04204957308831e+00 5.19776472117978e-01 3.25609562949598e-01
2327 4.46955235241740e+00 1.58905326351193e-01 2.70697215472899e-01
2328 -3.37897248791625e+00 -7.52306573384052e-02 7.45080076315493e-01
2329 -3.35448642232245e+00 -3.69876452189512e-01 2.76220281656051e-01
2330 -2.35626805208003e+00 -2.49761120443340e-03 7.30489602621181e-01
2331 -2.38158067206644e+00 -2.84733040964333e-01 4.51647920601148e-01
2332 -2.65118890610410e+00 -2.30913240575827e-02 7.91926128286174e-01
2333 -2.56463706490579e+00 -3.22595985472181e-01 2.24919432717406e-01
2334 4.01454706472502e+00 -3.45993658318584e-01 4.27837643788827e-01
2335 -3.88795787559522e+00 -1.34999441217590e-02 7.95982550989595e-01
2336 -3.89151465569831e+00 -3.43053511231778e-01 3.63256413204090e-01
2337 -4.01251480057943e+00 -8.85877718756463e-02 4.02672528589922e-01
2338 2.48419400503496e-01 -1.89186460430726e-02 3.91399671128904e-01
2339 -1.64285227655197e-01 -5.54241652888107e-02 2.55240638954172e-01
2340 1.37166544595256e+00 -5.41290150500934e-02 2.76248864810334e-01
2341 1.03666932832421e+00 -1.12601162199380e-01 2.80678401269120e-01
2342 -2.38794492518580e+00 -6.21381120234359e-02 2.90651095561336e-01
2343 -2.72579448047225e+00 -1.05769502194514e-01 2.09377095742215e-01
2344 6.57550992869476e-01 1.39286805299926e-01 2.57647383482816e-01
2345 5.11782741487276e-01 -4.42778769433522e-02 2.59509465118433e-01
2346 3.31725970064031e+00 -9.46800474620607e-02 2.22030491061176e-01
2347 3.12997647700328e+00 1.68287009540992e-01 2.41260481096597e-01
2348 -2.09543033031887e+00 -1.20570795988000e-01 2.35697912202603e-01
2349 4.00084129645306e+00 -1.14987144537442e-01 4.04495276597314e-01
2350 -4.32852178741978e-01 -1.14336018773236e-01 2.05379194831599e-01
2351 -4.87206322027300e-01 1.08520895686148e-01 2.73974132890813e-01
2352 -1.26419496479095e+00 1.17547058548524e-01 3.07726100897043e-01
2353 3.74186892898217e+00 -4.00386649800273e-02 2.74090889033514e-01
2354 2.87775815937789e+00 -5.83265473461419e-02 2.28198844988992e-01
2355 2.52210073740514e+00 -6.51434417815027e-02 2.25797794929384e-01
2356 -7.67268439223419e-01 -8.41593142036299e-02 2.70168665378429e-01
2357 2.09354398038540e+00 2.25841903306914e-01 4.70452280035647e-01
2358 1.94662700673181e+00 -5.96227333488994e-02 2.90814949599401e-01
2359 -1.05980102393883e+00 -1.09531075120014e-01 1.96806986088191e-01
2360 -1.82644627265147e+00 -5.31558034344742e-02 2.44453662814668e-01
2361 1.60791065719713e+00 1.29884201302870e-02 4.81102180878540e-01
2362 2.22457205249242e+00 -1.04559971856675e-01 2.22957223941683e-01
2363 -3.71571399973696e+00 -7.64436986317497e-02 2.09600151632792e-01
2364 3.52025794967698e+00 9.42389403496980e-02 2.60933491483786e-01
2365 -2.97348070694074e+00 -1.43673324588068e-01 2.39808695052507e-01
2366 -3.07257865790086e+00 4.34638822230906e-02 3.63493524439755e-01
2367 3.92714659866037e+00 1.90272535455481e-01 3.77503120461660e-01
2368 -3.52004152696959e+00 1.45982277697179e-01 2.96868259143049e-01
2369 -3.86465124834841e+00 2.22131160801718e-01 2.68369499122301e-01
2370 -3.27003579806762e+00 1.75628804627690e-01 2.85207210454257e-01
2371 -2.87080348833814e+00 1.61515754338234e-01 3.37056060089441e-01
2372 -3.09817578411574e+00 3.27786767163026e-01 2.01931363195472e-01
2373 -2.55648346131077e+00 1.88883026851905e-01 2.71468165735268e-01
2374 -2.01140652137012e+00 2.15338656319867e-01 2.43335381000094e-01
2375 -1.74162290719716e+00 2.38915260059367e-01 4.38334357234784e-01
2376 -1.51146240971939e+00 1.68443348284683e-01 2.02955842621875e-01
2377 -1.08918656888247e+00 3.24263475761479e-01 3.13483002707567e-01
2378 -7.43831930142452e-01 2.20703154415359e-01 4.73978184845925e-01
2379 -1.92118675134163e-03 1.44187538912042e-01 4.11445900489971e-01
2380 2.13833798502094e-01 2.76582830981384e-01 3.32596056934953e-01
2381 5.08145485662872e-01 2.88549261717352e-01 4.21258552254843e-01
2382 1.60104682488703e+00 2.19943218501218e-01 2.52982225284024e-01
2383 1.37596186534908e+00 2.20888820715611e-01 2.46831978435014e-01
2384 1.85258863838531e+00 2.04642699223874e-01 2.52888558738641e-01
2385 2.54313592266228e+00 2.15204233298588e-01 3.79900068808878e-01
2386 2.78841895118697e+00 1.99841712507753e-01 4.86642277107286e-01
2387 -3.21636629508503e+00 -1.21609254225825e-01 4.97196571899805e-01
2388 -4.17386890657306e+00 8.15620358099953e-01 1.54112758855030e-01
2389 -2.66767158492537e+00 8.10704787397691e-01 1.85761047832629e-01
2390 9.15265197106683e-01 8.20501902297470e-01 1.63622445251767e-01
2391 3.69525107547414e+00 7.51492681963975e-01 1.82303396447378e-01
2392 -4.77818746407943e+00 -5.43909584761079e-01 2.99719746116227e-01
2393 4.09776976040315e+00 -3.38309626061801e-01 1.59945982456087e-01
2394 4.81143704840779e+00 1.36213610459356e-01 2.66617723336157e-01
2395 -4.22019671438471e+00 -8.68515173348956e-01 1.64944185653488e-01
2396 -1.39749465057340e+00 -8.62783944009246e-01 1.29635276318719e-01
2397 -5.78557926676363e-01 -3.09219065477748e-01 1.94411681710213e-01
2398 1.19974124254532e+00 -3.02789080106849e-01 1.99162596518647e-01
2399 3.84832804681089e+00 -2.96526418154312e-01 1.79548739286542e-01
2400 3.27113925621208e+00 5.57350366074374e-01 1.55425757843646e-01
2401 2.38237516266316e+00 5.33631083311077e-01 1.51567429419130e-01
2402 2.32796982241490e+00 2.32089142646531e-01 2.07779269314191e-01
2403 -2.18633733064449e+00 3.07627227463446e-01 1.19654758044494e-01
2404 -3.21221565955965e+00 -2.98289825406085e-01 1.40704123583028e-01
2405 4.13971230465368e+00 -9.23221208141355e-02 1.71460132763155e-01
2406 9.01037243765658e-01 -8.59973736751726e-01 6.09785289299362e-01
2407 3.69403017041759e+00 -8.58307565914337e-01 6.11426248622111e-01
2408 -3.69187813316642e+00 -8.33890716149704e-01 2.34822036094704e-01
2409 -4.55106228047675e+00 7.03302383015358e-01 5.58850256498309e-01
2410 -4.02056875413801e+00 7.23587825024936e-01 5.54618816391888e-01
2411 -3.78321712432022e+00 7.12558946933455e-01 5.46349045918306e-01
2412 -2.96979130722096e+00 6.92031925007620e-01 5.99939719448146e-01
2413 -2.73650491630216e+00 6.86214530550140e-01 5.30974417265690e-01
2414 -2.16965312866528e+00 8.41864287429599e-01 6.56517259152971e-01
2415 -2.45297638948975e+00 6.34390869930383e-01 6.09910040058167e-01
2416 -1.20566121588551e+00 6.82738741392884e-01 5.36339149001506e-01
2417 -8.91654543478305e-01 7.09626616052865e-01 4.91271293661137e-01
2418 -3.67457640941900e-01 5.60128014846956e-01 5.55573819333892e-01
2419 -1.05702007344231e-01 7.83875752552138e-01 5.27712034116178e-01
2420 -3.45831217523714e-01 8.13022340999559e-01 6.25936360524856e-01
2421 -5.82195572000688e-01 8.46576155330286e-01 6.44489206208313e-01
2422 -6.46423231217998e-01 5.24889273142723e-01 5.74655184834405e-01
2423 2.40422779913197e+00 6.00675389284695e-01 6.36991281779456e-01
2424 2.69173914558995e+00 6.94559845222647e-01 6.12843787840323e-01
2425 2.45138520440796e+00 8.33055332322628e-01 6.19886587721369e-01
2426 3.45544270087008e+00 5.89830250970964e-01 5.95500905040784e-01
2427 3.65797306149675e+00 5.70826818495407e-01 5.79856760732971e-01
2428 4.20254818223422e+00 6.53749563649657e-01 5.71270795801795e-01
2429 -3.69532382598605e+00 8.21273585100482e-01 1.93237486944643e-01
2430 -3.10179676764315e+00 8.02247829856453e-01 2.13230696214589e-01
2431 -8.25221823928094e-01 6.93360677257433e-01 1.85301555566443e-01
2432 2.39501424533899e+00 6.44473606224273e-01 3.33559112504696e-01
2433 3.54102167233827e+00 5.39293069782110e-01 2.96691165760774e-01
2434 3.58568534299663e+00 8.49603575151946e-01 3.39609129489709e-01
2435 3.95305664157574e+00 7.04315536693170e-01 1.93045067891130e-01
2436 4.20087329021612e+00 6.90495078551148e-01 1.96154067642657e-01
2437 4.48370968026707e+00 7.24030545238035e-01 1.90286820100666e-01
2438 -4.81819253824583e+00 -8.14887467735951e-01 5.42705316583662e-01
2439 -4.56381896993391e+00 -6.99733238064644e-01 5.29402108981016e-01
2440 -4.28233594516358e+00 -6.79311195905379e-01 4.82665967937769e-01
2441 -4.00049510001922e+00 -6.36811286880050e-01 4.72177922288277e-01
2442 -3.74555174429939e+00 -6.76848692250746e-01 4.76476368588300e-01
2443 -3.51759516161284e+00 -6.17927856124182e-01 5.13145388229732e-01
2444 -2.52786381357712e+00 -6.16198122212780e-01 4.69906944396679e-01
2445 -2.69734397686099e+00 -3.56662768131512e-01 5.31669970761963e-01
2446 -2.15925212596265e+00 -6.57226434908474e-01 5.75422397535753e-01
2447 -1.94873715061779e+00 -5.78628837832669e-01 5.42654972730495e-01
2448 -2.16330685921348e+00 -4.02129543357928e-01 5.19482991458699e-01
2449 -2.16340542188988e+00 -6.52719532246179e-01 8.04678644918192e-01
2450 -1.67017626319255e+00 -5.93980020500534e-01 5.31073877683458e-01
2451 -9.32365970334420e-01 -6.13344113998714e-01 6.06698507680853e-01
2452 -3.81166532182287e-01 -6.39617676620721e-01 5.21339956767717e-01
2453 -3.72433714129910e-01 -6.17331699105652e-01 8.31554369106034e-01
2454 3.29490959346067e-01 -7.07420353308665e-01 5.37005540469789e-01
2455 9.12809109479427e-01 -5.70370324934518e-01 5.64634814963560e-01
2456 1.14304690575734e+00 -6.40613715839612e-01 6.16650367640923e-01
2457 1.64646061653452e+00 -6.40802874759124e-01 5.75652675084277e-01
2458 2.93131650726684e+00 -7.16237254745252e-01 5.19362283642286e-01
2459 3.15807663349998e+00 -7.09078181063407e-01 5.33570112343837e-01
2460 3.44137830419125e+00 -6.31112975391669e-01 5.18769765667243e-01
2461 4.81388555916010e+00 -6.11271731223894e-01 6.44738800061084e-01
2462 4.24649025727345e+00 -5.91697484245977e-01 6.38038530250395e-01
2463 4.51284399507095e+00 -2.58404271045134e-01 1.88739829865760e-01
2464 4.80501330721194e+00 -3.60927975298845e-01 2.72389016820660e-01
2465 4.49514117145898e+00 -1.03761677996384e-01 5.42076791778635e-01
2466 -4.80570987034232e+00 1.51184202247824e-01 3.03667340260941e-01
2467 -4.47088084593826e+00 1.29569479077823e-01 2.67793565320812e-01
2468 -4.82486504998051e+00 6.25862453091205e-01 6.27781855150331e-01
2469 4.24018591318428e+00 -5.64688011893522e-02 5.52003722551142e-01
2470 -4.17037810910500e+00 3.28404402399626e-01 5.15627468515305e-01
2471 -4.22900207585764e+00 5.57605591997847e-01 5.17289386686535e-01
2472 -3.12535492676317e+00 3.24529690958965e-01 5.08221732196886e-01
2473 -3.18401499420238e+00 5.73100002745267e-01 5.70141068406714e-01
2474 -2.72710058918565e+00 1.99734132600466e-01 5.88416292090242e-01
2475 -1.47777398084020e+00 1.32429002278101e-01 5.04823170107519e-01
2476 -8.84423555763783e-01 4.06212908910085e-01 6.29827144535769e-01
2477 8.40220980997461e-01 3.53783397301411e-01 5.32323066225087e-01
2478 1.69685474964408e+00 3.48688168880072e-01 5.62324668833955e-01
2479 2.19208661533397e+00 4.32048139590200e-01 6.36318573485009e-01
2480 2.38159140689544e+00 3.27791297525967e-01 6.66240564868682e-01
2481 3.50884625650978e+00 3.46536616745255e-01 6.16670166356540e-01
2482 4.00091151338632e+00 4.29979125119615e-01 5.80048641297223e-01
2483 4.21121886075599e+00 3.63345499217082e-01 5.15899299317310e-01
2484 -4.82957729329539e+00 -6.31668842859189e-01 5.86882134188622e-01
2485 -3.75515194511807e+00 -1.44654200428750e-01 5.73011844893903e-01
2486 -3.62625733274230e+00 -6.30084120875659e-01 1.94134850231766e-01
2487 -4.23305077345687e+00 -2.46469650587091e-01 5.66774390843459e-01
2488 -4.22114309913509e+00 -3.15120132965942e-01 8.60126298974332e-01
2489 -5.94349615891555e-01 -6.00309197274119e-01 5.28731516900928e-01
2490 3.79559455631324e-01 -3.96444486787693e-01 5.25410452832913e-01
2491 5.90139642221635e-01 -3.61023517000644e-01 5.91890412417768e-01
2492 1.17621471160363e+00 -3.10902756852223e-01 8.40587392413951e-01
2493 1.69277719622135e+00 -3.16348836285126e-01 8.07263818221958e-01
2494 1.74969344325425e+00 -1.53852790074135e-01 5.60486132426472e-01
2495 1.68674881989541e+00 -3.91156801913184e-01 4.83603274831021e-01
2496 2.15860097357399e+00 -3.41112922580594e-01 5.06475669118780e-01
2497 3.04855569595206e+00 -2.94326858249490e-01 8.32084261814108e-01
2498 3.47589425005051e+00 -4.02301828563886e-01 5.75345092639927e-01
2499 3.50119298598079e+00 -1.41067856822220e-01 5.81858189956701e-01
2500 3.41251845843678e+00 -3.14845894727000e-01 8.23458154663264e-01
2501 3.49511271229957e+00 -5.98633675858129e-01 2.12475881854361e-01
2502 3.95664935994530e+00 -5.48897286068329e-01 2.62421125780248e-01
2503 4.18172491804287e+00 -6.74968732539990e-01 2.11192715247855e-01
2504 4.25758775822476e+00 4.10152737574338e-01 2.03627399198653e-01
2505 -1.64374779019527e+00 -9.95724485997716e-02 5.11925126162009e-01
2506 -1.62202088885899e+00 -3.02414111111162e-01 2.81482926348210e-01
2507 -1.79709939955310e+00 -5.19845515242048e-01 2.45125888337300e-01
2508 4.43812960677280e-02 -1.61301755094070e-01 5.02317231657548e-01
2509 -2.16128134009959e+00 -1.51234737470287e-01 5.69663660702752e-01
2510 -2.11881158406939e+00 1.05781542758226e-01 5.22769228653262e-01
2511 -4.53538900437216e+00 -1.45639901915945e-01 1.56741827462445e-01
2512 8.50812140971568e-01 -4.01837981017342e-01 2.64959002047850e-01
2513 2.39683636379024e+00 -2.01027131397229e-01 5.27427630061854e-01
2514 2.65361504160576e+00 -5.71945639441980e-02 5.64471158351901e-01
2515 2.36124328663541e+00 8.00051968014408e-02 5.17656351631126e-01
2516 -4.01907795773804e+00 1.36132089289616e-01 5.95813506296694e-01
2517 -3.71637951816870e+00 1.13589372151105e-01 5.42352176921131e-01
2518 -4.19866102748028e+00 3.80932503295634e-01 2.15699807965833e-01
2519 -5.67183184250017e-01 4.81848728676001e-02 5.86349369453361e-01
2520 -3.21647225085934e-01 4.51849898196225e-02 5.07478593192853e-01
2521 -4.84414534199237e-01 2.90822630669600e-01 5.69756211575994e-01
2522 3.21477737448854e-01 1.45887132717354e-01 5.36669698858216e-01
2523 8.61595474728630e-02 4.47915138570305e-01 1.85789382719315e-01
2524 3.37047857796138e-01 4.60335062306870e-01 1.84908409192586e-01
2525 1.18637659532845e+00 1.23586353749726e-01 4.70949725045276e-01
2526 1.45666878166509e+00 1.64199695135980e-01 5.59799129831860e-01
2527 1.27252717931526e+00 3.31319047034067e-01 5.68756863001443e-01
2528 1.23315207986201e+00 3.54213149157562e-01 3.15413244618728e-01
2529 1.47631005113908e+00 4.23943872457119e-01 4.08480573373920e-01
2530 2.99518945923961e+00 3.05297881176934e-01 6.53656391648489e-01
2531 2.93657424998334e+00 3.29432883324731e-01 2.60827548306669e-01
2532 2.70064793160644e+00 4.22297505932279e-01 3.10032785508820e-01
2533 -2.56845641675871e+00 -6.66907967638318e-02 5.27179645715749e-01
2534 -2.27125715861096e+00 -3.43137380738397e-01 1.87542584277066e-01
2535 1.13162766877414e-01 -8.38577677912867e-02 1.89677496736856e-01
2536 3.41206998338755e-01 -1.64596887907852e-01 1.99166970353262e-01
2537 1.64891212450525e+00 -7.93118645720307e-02 2.33846500414016e-01
2538 4.20186276025822e+00 1.40073073038136e-01 3.03420238503867e-01
2539 -2.26531421932571e+00 1.20664069812528e-01 1.91719441670277e-01
2540 -9.24733603972138e-01 1.39281721591814e-01 2.23278228225364e-01
2541 -6.60480395875752e-01 1.92047951192154e-01 1.74251492344520e-01
2542 3.63066197355492e-01 1.28546232075395e-01 2.00807963370829e-01
2543 9.12767529360642e-01 1.36478526173637e-01 3.04636612101205e-01
2544 1.14634533625172e+00 1.22726530197978e-01 1.88268269551943e-01
2545 -3.46722533644501e+00 -1.46808916470701e-01 2.67861125030635e-01
2546 -3.22118807728742e+00 -9.44409661614991e-02 2.39596250824548e-01
2547 4.80905679177649e+00 3.52263836671957e-01 1.89061649469423e-01
2548 2.69462211138945e+00 -5.83740084889526e-01 1.68045137021315e-01
2549 1.64292746694156e+00 3.39170551223664e-01 7.94325649643937e-01
2550 -1.51572247994417e+00 -4.27188427212982e-01 4.67344200958490e-01
1 102 9 8 
2 102 10 9 
3 102 11 10 
4 102 12 11 
5 102 13 12 
6 102 14 13 
7 102 15 14 
8 102 16 15 
9 102 17 16 
10 102 6 17 
11 102 18 6 
12 102 19 18 
13 102 20 19 
14 102 21 20 
15 102 22 21 
16 102 23 22 
17 102 24 23 
18 102 25 24 
19 102 26 25 
20 102 27 26 
21 102 28 27 
22 102 29 28 
23 102 30 29 
24 102 31 30 
25 102 32 31 
26 102 33 32 
27 102 34 33 
28 102 35 34 
29 102 36 35 
30 102 37 36 
31 102 38 37 
32 102 39 38 
33 102 40 39 
34 102 41 40 
35 102 42 41 
36 102 43 42 
37 102 44 43 
38 102 45 44 
39 102 46 45 
40 102 47 46 
41 102 48 47 
42 102 49 48 
43 102 50 49 
44 102 51 50 
45 102 52 51 
46 102 53 52 
47 102 54 53 
48 102 55 54 
49 102 56 55 
50 102 57 56 
51 102 58 57 
52 102 59 58 
53 102 60 59 
54 102 61 60 
55 102 62 61 
56 102 63 62 
57 102 64 63 
58 102 65 64 
59 102 66 65 
60 102 2 66 
61 102 4 67 
62 102 67 68 
63 102 68 69 
64 102 69 70 
65 102 70 71 
66 102 71 72 
67 102 72 73 
68 102 73 74 
69 102 74 75 
70 102 75 2 
71 102 8 76 
72 102 76 77 
73 102 77 78 
74 102 78 79 
75 102 79 80 
76 102 80 81 
77 102 81 82 
78 102 82 83 
79 102 83 84 
80 102 84 85 
81 102 85 86 
82 102 86 87 
83 102 87 88 
84 102 88 89 
85 102 89 90 
86 102 90 91 
87 102 91 92 
88 102 92 93 
89 102 93 94 
90 102 94 95 
91 102 95 96 
92 102 96 97 
93 102 97 98 
94 102 98 99 
95 102 99 100 
96 102 100 101 
97 102 101 102 
98 102 102 103 
99 102 103 104 
100 102 104 105 
101 102 105 106 
102 102 106 107 
103 102 107 108 
104 102 108 109 
105 102 109 110 
106 102 110 111 
107 102 111 112 
108 102 112 113 
109 102 113 114 
110 102 114 115 
111 102 115 116 
112 102 116 117 
113 102 117 118 
114 102 118 119 
115 102 119 120 
116 102 120 121 
117 102 121 122 
118 102 122 123 
119 102 123 124 
120 102 124 4 
121 102 7 125 
122 102 125 126 
123 102 126 127 
124 102 127 128 
125 102 128 129 
126 102 129 130 
127 102 130 131 
128 102 131 132 
129 102 132 133 
130 102 133 5 
131 102 5 134 
132 102 134 135 
133 102 135 136 
134 102 136 137 
135 102 137 138 
136 102 138 139 
137 102 139 140 
138 102 140 141 
139 102 141 142 
140 102 142 143 
141 102 143 144 
142 102 144 145 
143 102 145 146 
144 102 146 147 
145 102 147 148 
146 102 148 149 
147 102 149 150 
148 102 150 151 
149 102 151 152 
150 102 152 153 
151 102 153 154 
152 102 154 155 
153 102 155 156 
154 102 156 157 
155 102 157 158 
156 102 158 159 
157 102 159 160 
158 102 160 161 
159 102 161 162 
160 102 162 163 
161 102 163 164 
162 102 164 165 
163 102 165 166 
164 102 166 167 
165 102 167 168 
166 102 168 169 
167 102 169 170 
168 102 170 171 
169 102 171 172 
170 102 172 173 
171 102 173 174 
172 102 174 175 
173 102 175 176 
174 102 176 177 
175 102 177 178 
176 102 178 179 
177 102 179 180 
178 102 180 181 
179 102 181 182 
180 102 182 1 
181 102 183 3 
182 102 184 183 
183 102 185 184 
184 102 186 185 
185 102 187 186 
186 102 188 187 
187 102 189 188 
188 102 190 189 
189 102 191 190 
190 102 1 191 
191 102 192 7 
192 102 193 192 
193 102 194 193 
194 102 195 194 
195 102 196 195 
196 102 197 196 
197 102 198 197 
198 102 199 198 
199 102 200 199 
200 102 201 200 
201 102 202 201 
202 102 203 202 
203 102 204 203 
204 102 205 204 
205 102 206 205 
206 102 207 206 
207 102 208 207 
208 102 209 208 
209 102 210 209 
210 102 211 210 
211 102 212 211 
212 102 213 212 
213 102 214 213 
214 102 215 214 
215 102 216 215 
216 102 217 216 
217 102 218 217 
218 102 219 218 
219 102 220 219 
220 102 221 220 
221 102 222 221 
222 102 223 222 
223 102 224 223 
224 102 225 224 
225 102 226 225 
226 102 227 226 
227 102 228 227 
228 102 229 228 
229 102 230 229 
230 102 231 230 
231 102 232 231 
232 102 233 232 
233 102 234 233 
234 102 235 234 
235 102 236 235 
236 102 237 236 
237 102 238 237 
238 102 239 238 
239 102 240 239 
240 102 3 240 
241 102 241 1 
242 102 242 241 
243 102 243 242 
244 102 244 243 
245 102 2 244 
246 102 5 245 
247 102 245 246 
248 102 246 247 
249 102 247 248 
250 102 248 6 
251 102 3 249 
252 102 249 250 
253 102 250 251 
254 102 251 252 
255 102 252 4 
256 102 253 7 
257 102 254 253 
258 102 255 254 
259 102 256 255 
260 102 8 256 
261 203 9 8 76 
262 203 10 9 257 
263 203 11 10 258 
264 203 10 257 258 
265 203 12 11 259 
266 203 11 258 259 
267 203 13 12 260 
268 203 12 259 260 
269 203 14 13 261 
270 203 13 260 261 
271 203 15 14 262 
272 203 14 261 262 
273 203 16 15 263 
274 203 15 262 263 
275 203 17 16 264 
276 203 16 263 264 
277 203 6 17 265 
278 203 18 6 265 
279 203 17 264 265 
280 203 19 18 266 
281 203 18 265 266 
282 203 20 19 267 
283 203 19 266 267 
284 203 21 20 268 
285 203 20 267 268 
286 203 22 21 269 
287 203 21 268 269 
288 203 23 22 270 
289 203 22 269 270 
290 203 24 23 271 
291 203 23 270 271 
292 203 25 24 272 
293 203 24 271 272 
294 203 26 25 273 
295 203 25 272 273 
296 203 27 26 274 
297 203 26 273 274 
298 203 28 27 275 
299 203 27 274 275 
300 203 29 28 276 
301 203 28 275 276 
302 203 30 29 277 
303 203 29 276 277 
304 203 31 30 278 
305 203 30 277 278 
306 203 32 31 279 
307 203 31 278 279 
308 203 33 32 280 
309 203 32 279 280 
310 203 34 33 281 
311 203 33 280 281 
312 203 35 34 282 
313 203 34 281 282 
314 203 36 35 283 
315 203 35 282 283 
316 203 37 36 284 
317 203 36 283 284 
318 203 38 37 285 
319 203 37 284 285 
320 203 39 38 286 
321 203 38 285 286 
322 203 40 39 287 
323 203 39 286 287 
324 203 41 40 288 
325 203 40 287 288 
326 203 42 41 289 
327 203 41 288 289 
328 203 43 42 290 
329 203 42 289 290 
330 203 44 43 291 
331 203 43 290 291 
332 203 45 44 292 
333 203 44 291 292 
334 203 46 45 293 
335 203 45 292 293 
336 203 47 46 294 
337 203 46 293 294 
338 203 48 47 295 
339 203 47 294 295 
340 203 49 48 296 
341 203 48 295 296 
342 203 50 49 297 
343 203 49 296 297 
344 203 51 50 298 
345 203 50 297 298 
346 203 52 51 299 
347 203 51 298 299 
348 203 53 52 300 
349 203 52 299 300 
350 203 54 53 301 
351 203 53 300 301 
352 203 55 54 302 
353 203 54 301 302 
354 203 56 55 303 
355 203 55 302 303 
356 203 57 56 304 
357 203 56 303 304 
358 203 58 57 305 
359 203 57 304 305 
360 203 59 58 306 
361 203 58 305 306 
362 203 60 59 307 
363 203 59 306 307 
364 203 61 60 308 
365 203 60 307 308 
366 203 62 61 309 
367 203 61 308 309 
368 203 63 62 310 
369 203 62 309 310 
370 203 64 63 311 
371 203 63 310 311 
372 203 65 64 312 
373 203 64 311 312 
374 203 66 65 313 
375 203 65 312 313 
376 203 2 66 75 
377 203 4 67 124 
378 203 67 68 314 
379 203 69 70 315 
380 203 71 72 316 
381 203 73 74 317 
382 203 124 67 314 
383 203 76 77 318 
384 203 78 79 319 
385 203 80 81 320 
386 203 82 83 321 
387 203 84 85 322 
388 203 86 87 323 
389 203 88 89 324 
390 203 90 91 325 
391 203 92 93 326 
392 203 94 95 327 
393 203 96 97 328 
394 203 98 99 329 
395 203 100 101 330 
396 203 102 103 331 
397 203 104 105 332 
398 203 106 107 333 
399 203 108 109 334 
400 203 110 111 335 
401 203 112 113 336 
402 203 114 115 337 
403 203 116 117 338 
404 203 118 119 339 
405 203 120 121 340 
406 203 122 123 341 
407 203 123 124 342 
408 203 341 123 342 
409 203 124 314 342 
410 203 75 66 313 
411 203 316 72 343 
412 203 72 73 343 
413 203 68 69 344 
414 203 70 71 345 
415 203 73 317 343 
416 203 68 344 314 
417 203 74 75 346 
418 203 77 78 347 
419 203 79 80 348 
420 203 81 82 349 
421 203 83 84 350 
422 203 85 86 351 
423 203 87 88 352 
424 203 89 90 353 
425 203 91 92 354 
426 203 93 94 355 
427 203 95 96 356 
428 203 97 98 357 
429 203 99 100 358 
430 203 101 102 359 
431 203 103 104 360 
432 203 105 106 361 
433 203 107 108 362 
434 203 109 110 363 
435 203 111 112 364 
436 203 113 114 365 
437 203 115 116 366 
438 203 117 118 367 
439 203 119 120 368 
440 203 121 122 369 
441 203 348 80 320 
442 203 9 76 318 
443 203 319 79 348 
444 203 320 81 349 
445 203 321 83 350 
446 203 322 85 351 
447 203 323 87 352 
448 203 324 89 353 
449 203 325 91 354 
450 203 326 93 355 
451 203 327 95 356 
452 203 328 97 357 
453 203 329 99 358 
454 203 330 101 359 
455 203 331 103 360 
456 203 332 105 361 
457 203 333 107 362 
458 203 334 109 363 
459 203 335 111 364 
460 203 336 113 365 
461 203 337 115 366 
462 203 338 117 367 
463 203 339 119 368 
464 203 340 121 369 
465 203 345 71 316 
466 203 349 82 321 
467 203 350 84 322 
468 203 351 86 323 
469 203 352 88 324 
470 203 353 90 325 
471 203 354 92 326 
472 203 355 94 327 
473 203 356 96 328 
474 203 357 98 329 
475 203 358 100 330 
476 203 359 102 331 
477 203 360 104 332 
478 203 361 106 333 
479 203 362 108 334 
480 203 363 110 335 
481 203 364 112 336 
482 203 365 114 337 
483 203 366 116 338 
484 203 367 118 339 
485 203 368 120 340 
486 203 369 122 341 
487 203 344 69 315 
488 203 74 346 317 
489 203 70 345 315 
490 203 347 78 319 
491 203 346 75 313 
492 203 77 347 318 
493 203 257 9 318 
494 203 259 258 370 
495 203 260 259 371 
496 203 259 370 371 
497 203 261 260 372 
498 203 260 371 372 
499 203 262 261 373 
500 203 261 372 373 
501 203 263 262 374 
502 203 262 373 374 
503 203 264 263 375 
504 203 263 374 375 
505 203 265 264 376 
506 203 266 265 376 
507 203 264 375 376 
508 203 315 345 377 
509 203 267 266 378 
510 203 266 376 378 
511 203 268 267 379 
512 203 267 378 379 
513 203 269 268 380 
514 203 268 379 380 
515 203 270 269 381 
516 203 269 380 381 
517 203 271 270 382 
518 203 270 381 382 
519 203 272 271 383 
520 203 271 382 383 
521 203 273 272 384 
522 203 272 383 384 
523 203 274 273 385 
524 203 273 384 385 
525 203 275 274 386 
526 203 274 385 386 
527 203 276 275 387 
528 203 275 386 387 
529 203 277 276 388 
530 203 276 387 388 
531 203 278 277 389 
532 203 277 388 389 
533 203 279 278 390 
534 203 278 389 390 
535 203 280 279 391 
536 203 279 390 391 
537 203 281 280 392 
538 203 280 391 392 
539 203 282 281 393 
540 203 281 392 393 
541 203 283 282 394 
542 203 282 393 394 
543 203 284 283 395 
544 203 283 394 395 
545 203 285 284 396 
546 203 284 395 396 
547 203 286 285 397 
548 203 285 396 397 
549 203 287 286 398 
550 203 286 397 398 
551 203 288 287 399 
552 203 287 398 399 
553 203 289 288 400 
554 203 288 399 400 
555 203 290 289 401 
556 203 289 400 401 
557 203 291 290 402 
558 203 290 401 402 
559 203 292 291 403 
560 203 291 402 403 
561 203 293 292 404 
562 203 292 403 404 
563 203 294 293 405 
564 203 293 404 405 
565 203 295 294 406 
566 203 294 405 406 
567 203 296 295 407 
568 203 295 406 407 
569 203 297 296 408 
570 203 296 407 408 
571 203 298 297 409 
572 203 297 408 409 
573 203 299 298 410 
574 203 298 409 410 
575 203 300 299 411 
576 203 299 410 411 
577 203 301 300 412 
578 203 300 411 412 
579 203 302 301 413 
580 203 301 412 413 
581 203 303 302 414 
582 203 302 413 414 
583 203 304 303 415 
584 203 303 414 415 
585 203 305 304 416 
586 203 304 415 416 
587 203 306 305 417 
588 203 305 416 417 
589 203 307 306 418 
590 203 306 417 418 
591 203 308 307 419 
592 203 307 418 419 
593 203 309 308 420 
594 203 308 419 420 
595 203 310 309 421 
596 203 309 420 421 
597 203 311 310 422 
598 203 310 421 422 
599 203 312 311 423 
600 203 311 422 423 
601 203 313 312 424 
602 203 346 313 424 
603 203 312 423 424 
604 203 347 319 425 
605 203 317 346 426 
606 203 346 424 426 
607 203 349 321 427 
608 203 343 317 428 
609 203 317 426 428 
610 203 318 347 429 
611 203 347 425 429 
612 203 257 318 429 
613 203 316 343 430 
614 203 343 428 430 
615 203 320 349 431 
616 203 349 427 431 
617 203 350 322 432 
618 203 351 323 433 
619 203 352 324 434 
620 203 353 325 435 
621 203 354 326 436 
622 203 355 327 437 
623 203 356 328 438 
624 203 357 329 439 
625 203 358 330 440 
626 203 359 331 441 
627 203 360 332 442 
628 203 361 333 443 
629 203 362 334 444 
630 203 363 335 445 
631 203 364 336 446 
632 203 365 337 447 
633 203 366 338 448 
634 203 367 339 449 
635 203 368 340 450 
636 203 369 341 451 
637 203 345 316 452 
638 203 377 345 452 
639 203 316 430 452 
640 203 344 315 453 
641 203 315 377 453 
642 203 348 320 454 
643 203 320 431 454 
644 203 319 348 455 
645 203 348 454 455 
646 203 258 257 429 
647 203 370 258 429 
648 203 314 344 456 
649 203 314 456 342 
650 203 437 327 457 
651 203 327 356 457 
652 203 344 453 456 
653 203 427 321 458 
654 203 321 350 458 
655 203 435 325 459 
656 203 325 354 459 
657 203 319 455 425 
658 203 432 322 460 
659 203 322 351 460 
660 203 351 433 460 
661 203 323 352 461 
662 203 324 353 462 
663 203 354 436 459 
664 203 326 355 463 
665 203 356 438 457 
666 203 328 357 464 
667 203 329 358 465 
668 203 330 359 466 
669 203 331 360 467 
670 203 332 361 468 
671 203 333 362 469 
672 203 334 363 470 
673 203 335 364 471 
674 203 336 365 472 
675 203 337 366 473 
676 203 338 367 474 
677 203 339 368 475 
678 203 340 369 476 
679 203 469 362 444 
680 203 341 342 477 
681 203 451 341 477 
682 203 342 456 477 
683 203 468 361 443 
684 203 467 360 442 
685 203 476 369 451 
686 203 475 368 450 
687 203 474 367 449 
688 203 473 366 448 
689 203 472 365 447 
690 203 471 364 446 
691 203 470 363 445 
692 203 450 340 476 
693 203 449 339 475 
694 203 448 338 474 
695 203 447 337 473 
696 203 446 336 472 
697 203 445 335 471 
698 203 444 334 470 
699 203 443 333 469 
700 203 442 332 468 
701 203 441 331 467 
702 203 440 330 466 
703 203 439 329 465 
704 203 438 328 464 
705 203 466 359 441 
706 203 458 350 432 
707 203 326 463 436 
708 203 465 358 440 
709 203 323 461 433 
710 203 462 353 435 
711 203 461 352 434 
712 203 324 462 434 
713 203 463 355 437 
714 203 464 357 439 
715 203 427 458 478 
716 203 468 443 479 
717 203 466 441 480 
718 203 372 371 481 
719 203 373 372 482 
720 203 372 481 482 
721 203 374 373 483 
722 203 373 482 483 
723 203 375 374 484 
724 203 374 483 484 
725 203 376 375 485 
726 203 378 376 485 
727 203 375 484 485 
728 203 436 463 486 
729 203 453 377 487 
730 203 379 378 488 
731 203 378 485 488 
732 203 380 379 489 
733 203 379 488 489 
734 203 381 380 490 
735 203 380 489 490 
736 203 382 381 491 
737 203 381 490 491 
738 203 383 382 492 
739 203 382 491 492 
740 203 384 383 493 
741 203 383 492 493 
742 203 385 384 494 
743 203 384 493 494 
744 203 386 385 495 
745 203 385 494 495 
746 203 387 386 496 
747 203 386 495 496 
748 203 388 387 497 
749 203 387 496 497 
750 203 389 388 498 
751 203 388 497 498 
752 203 390 389 499 
753 203 389 498 499 
754 203 391 390 500 
755 203 390 499 500 
756 203 392 391 501 
757 203 391 500 501 
758 203 393 392 502 
759 203 392 501 502 
760 203 394 393 503 
761 203 393 502 503 
762 203 395 394 504 
763 203 394 503 504 
764 203 396 395 505 
765 203 395 504 505 
766 203 397 396 506 
767 203 396 505 506 
768 203 398 397 507 
769 203 397 506 507 
770 203 399 398 508 
771 203 398 507 508 
772 203 400 399 509 
773 203 399 508 509 
774 203 401 400 510 
775 203 400 509 510 
776 203 402 401 511 
777 203 401 510 511 
778 203 403 402 512 
779 203 402 511 512 
780 203 404 403 513 
781 203 403 512 513 
782 203 405 404 514 
783 203 404 513 514 
784 203 406 405 515 
785 203 405 514 515 
786 203 407 406 516 
787 203 406 515 516 
788 203 408 407 517 
789 203 407 516 517 
790 203 409 408 518 
791 203 408 517 518 
792 203 410 409 519 
793 203 409 518 519 
794 203 411 410 520 
795 203 410 519 520 
796 203 412 411 521 
797 203 411 520 521 
798 203 413 412 522 
799 203 412 521 522 
800 203 414 413 523 
801 203 413 522 523 
802 203 415 414 524 
803 203 414 523 524 
804 203 416 415 525 
805 203 415 524 525 
806 203 417 416 526 
807 203 416 525 526 
808 203 418 417 527 
809 203 417 526 527 
810 203 419 418 528 
811 203 418 527 528 
812 203 420 419 529 
813 203 419 528 529 
814 203 421 420 530 
815 203 420 529 530 
816 203 422 421 531 
817 203 421 530 531 
818 203 426 424 532 
819 203 424 423 532 
820 203 465 440 533 
821 203 428 426 534 
822 203 426 532 534 
823 203 462 435 535 
824 203 430 428 536 
825 203 428 534 536 
826 203 431 427 537 
827 203 427 478 537 
828 203 432 460 538 
829 203 434 462 539 
830 203 462 535 539 
831 203 461 434 540 
832 203 434 539 540 
833 203 459 436 541 
834 203 436 486 541 
835 203 425 455 542 
836 203 464 439 543 
837 203 457 438 544 
838 203 456 453 545 
839 203 477 456 545 
840 203 453 487 545 
841 203 438 464 546 
842 203 464 543 546 
843 203 433 461 547 
844 203 461 540 547 
845 203 439 465 548 
846 203 465 533 548 
847 203 458 432 549 
848 203 478 458 549 
849 203 432 538 549 
850 203 440 466 550 
851 203 466 480 550 
852 203 476 451 551 
853 203 467 442 552 
854 203 442 468 553 
855 203 468 479 553 
856 203 450 476 554 
857 203 476 551 554 
858 203 444 470 555 
859 203 445 471 556 
860 203 446 472 557 
861 203 447 473 558 
862 203 448 474 559 
863 203 449 475 560 
864 203 475 450 561 
865 203 450 554 561 
866 203 469 444 562 
867 203 444 555 562 
868 203 454 431 563 
869 203 431 537 563 
870 203 455 454 564 
871 203 454 563 564 
872 203 437 457 565 
873 203 457 544 565 
874 203 487 377 566 
875 203 438 546 544 
876 203 439 548 543 
877 203 532 423 422 
878 203 533 440 550 
879 203 455 564 542 
880 203 429 425 567 
881 203 463 437 568 
882 203 535 435 569 
883 203 435 459 569 
884 203 430 536 452 
885 203 371 370 570 
886 203 538 460 571 
887 203 460 433 571 
888 203 459 541 569 
889 203 370 429 567 
890 203 481 371 570 
891 203 433 547 571 
892 203 552 442 553 
893 203 441 467 572 
894 203 441 572 480 
895 203 451 477 545 
896 203 443 469 573 
897 203 470 445 574 
898 203 471 446 575 
899 203 472 447 576 
900 203 473 448 577 
901 203 474 449 578 
902 203 475 561 560 
903 203 377 452 566 
904 203 559 474 578 
905 203 558 473 577 
906 203 557 472 576 
907 203 556 471 575 
908 203 370 567 570 
909 203 568 437 565 
910 203 567 425 542 
911 203 463 568 486 
912 203 578 449 560 
913 203 577 448 559 
914 203 576 447 558 
915 203 451 545 551 
916 203 575 446 557 
917 203 443 573 479 
918 203 572 467 552 
919 203 574 445 556 
920 203 573 469 562 
921 203 470 574 555 
922 203 555 574 579 
923 203 567 542 570 
924 203 486 568 580 
925 203 483 482 581 
926 203 484 483 582 
927 203 483 581 582 
928 203 485 484 583 
929 203 488 485 583 
930 203 484 582 583 
931 203 544 546 584 
932 203 578 560 585 
933 203 489 488 586 
934 203 488 583 586 
935 203 490 489 587 
936 203 489 586 587 
937 203 491 490 588 
938 203 490 587 588 
939 203 492 491 589 
940 203 491 588 589 
941 203 493 492 590 
942 203 492 589 590 
943 203 494 493 591 
944 203 493 590 591 
945 203 495 494 592 
946 203 494 591 592 
947 203 496 495 593 
948 203 495 592 593 
949 203 497 496 594 
950 203 496 593 594 
951 203 498 497 595 
952 203 497 594 595 
953 203 499 498 596 
954 203 498 595 596 
955 203 500 499 597 
956 203 499 596 597 
957 203 501 500 598 
958 203 500 597 598 
959 203 502 501 599 
960 203 501 598 599 
961 203 503 502 600 
962 203 502 599 600 
963 203 504 503 601 
964 203 503 600 601 
965 203 505 504 602 
966 203 504 601 602 
967 203 506 505 603 
968 203 505 602 603 
969 203 507 506 604 
970 203 506 603 604 
971 203 508 507 605 
972 203 507 604 605 
973 203 509 508 606 
974 203 508 605 606 
975 203 510 509 607 
976 203 509 606 607 
977 203 511 510 608 
978 203 510 607 608 
979 203 512 511 609 
980 203 511 608 609 
981 203 513 512 610 
982 203 512 609 610 
983 203 514 513 611 
984 203 513 610 611 
985 203 515 514 612 
986 203 514 611 612 
987 203 516 515 613 
988 203 515 612 613 
989 203 517 516 614 
990 203 516 613 614 
991 203 518 517 615 
992 203 517 614 615 
993 203 519 518 616 
994 203 518 615 616 
995 203 520 519 617 
996 203 519 616 617 
997 203 521 520 618 
998 203 520 617 618 
999 203 522 521 619 
1000 203 521 618 619 
1001 203 523 522 620 
1002 203 522 619 620 
1003 203 524 523 621 
1004 203 523 620 621 
1005 203 525 524 622 
1006 203 524 621 622 
1007 203 526 525 623 
1008 203 525 622 623 
1009 203 527 526 624 
1010 203 526 623 624 
1011 203 528 527 625 
1012 203 527 624 625 
1013 203 529 528 626 
1014 203 528 625 626 
1015 203 530 529 627 
1016 203 529 626 627 
1017 203 531 530 628 
1018 203 530 627 628 
1019 203 533 550 629 
1020 203 539 535 630 
1021 203 536 534 631 
1022 203 532 531 534 
1023 203 552 553 632 
1024 203 538 571 633 
1025 203 537 478 634 
1026 203 452 536 566 
1027 203 569 541 635 
1028 203 540 539 636 
1029 203 539 630 636 
1030 203 541 486 637 
1031 203 486 580 637 
1032 203 481 570 638 
1033 203 572 552 639 
1034 203 552 632 639 
1035 203 487 566 640 
1036 203 542 564 641 
1037 203 547 540 642 
1038 203 540 636 642 
1039 203 548 533 643 
1040 203 533 629 643 
1041 203 575 557 644 
1042 203 480 572 645 
1043 203 572 639 645 
1044 203 554 551 646 
1045 203 573 562 647 
1046 203 479 573 648 
1047 203 573 647 648 
1048 203 556 575 649 
1049 203 575 644 649 
1050 203 551 545 487 
1051 203 576 558 650 
1052 203 577 559 651 
1053 203 562 555 652 
1054 203 555 579 652 
1055 203 563 537 653 
1056 203 537 634 653 
1057 203 564 563 654 
1058 203 563 653 654 
1059 203 565 544 655 
1060 203 544 584 655 
1061 203 559 578 656 
1062 203 578 585 656 
1063 203 571 547 657 
1064 203 633 571 657 
1065 203 547 642 657 
1066 203 561 554 658 
1067 203 554 646 658 
1068 203 543 548 659 
1069 203 548 643 659 
1070 203 536 631 566 
1071 203 640 566 660 
1072 203 660 566 631 
1073 203 570 542 641 
1074 203 422 531 532 
1075 203 551 487 640 
1076 203 559 656 651 
1077 203 541 637 635 
1078 203 641 564 654 
1079 203 534 628 631 
1080 203 535 569 661 
1081 203 568 565 662 
1082 203 634 478 663 
1083 203 478 549 663 
1084 203 482 481 664 
1085 203 535 661 630 
1086 203 482 664 581 
1087 203 662 565 655 
1088 203 661 569 635 
1089 203 568 662 580 
1090 203 664 481 638 
1091 203 628 534 531 
1092 203 550 480 665 
1093 203 553 479 666 
1094 203 644 557 667 
1095 203 557 576 667 
1096 203 549 538 668 
1097 203 663 549 668 
1098 203 538 633 668 
1099 203 480 645 665 
1100 203 574 556 669 
1101 203 556 649 669 
1102 203 579 574 669 
1103 203 479 648 666 
1104 203 667 576 650 
1105 203 650 558 670 
1106 203 558 577 670 
1107 203 577 651 670 
1108 203 562 652 647 
1109 203 560 561 671 
1110 203 546 543 672 
1111 203 560 671 585 
1112 203 550 665 629 
1113 203 553 666 632 
1114 203 672 543 659 
1115 203 671 561 658 
1116 203 546 672 584 
1117 203 664 638 673 
1118 203 629 665 674 
1119 203 666 648 675 
1120 203 587 586 676 
1121 203 588 587 677 
1122 203 587 676 677 
1123 203 589 588 678 
1124 203 588 677 678 
1125 203 590 589 679 
1126 203 589 678 679 
1127 203 591 590 680 
1128 203 590 679 680 
1129 203 592 591 681 
1130 203 591 680 681 
1131 203 593 592 682 
1132 203 592 681 682 
1133 203 594 593 683 
1134 203 593 682 683 
1135 203 595 594 684 
1136 203 594 683 684 
1137 203 596 595 685 
1138 203 595 684 685 
1139 203 597 596 686 
1140 203 596 685 686 
1141 203 598 597 687 
1142 203 597 686 687 
1143 203 599 598 688 
1144 203 598 687 688 
1145 203 600 599 689 
1146 203 599 688 689 
1147 203 601 600 690 
1148 203 600 689 690 
1149 203 602 601 691 
1150 203 601 690 691 
1151 203 603 602 692 
1152 203 602 691 692 
1153 203 604 603 693 
1154 203 603 692 693 
1155 203 605 604 694 
1156 203 604 693 694 
1157 203 606 605 695 
1158 203 605 694 695 
1159 203 607 606 696 
1160 203 606 695 696 
1161 203 608 607 697 
1162 203 607 696 697 
1163 203 609 608 698 
1164 203 608 697 698 
1165 203 610 609 699 
1166 203 609 698 699 
1167 203 611 610 700 
1168 203 610 699 700 
1169 203 612 611 701 
1170 203 611 700 701 
1171 203 613 612 702 
1172 203 612 701 702 
1173 203 614 613 703 
1174 203 613 702 703 
1175 203 615 614 704 
1176 203 614 703 704 
1177 203 616 615 705 
1178 203 615 704 705 
1179 203 617 616 706 
1180 203 616 705 706 
1181 203 618 617 707 
1182 203 617 706 707 
1183 203 619 618 708 
1184 203 618 707 708 
1185 203 620 619 709 
1186 203 619 708 709 
1187 203 621 620 710 
1188 203 620 709 710 
1189 203 622 621 711 
1190 203 621 710 711 
1191 203 623 622 712 
1192 203 622 711 712 
1193 203 624 623 713 
1194 203 623 712 713 
1195 203 625 624 714 
1196 203 624 713 714 
1197 203 626 625 715 
1198 203 625 714 715 
1199 203 627 626 716 
1200 203 626 715 716 
1201 203 628 627 717 
1202 203 631 628 717 
1203 203 627 716 717 
1204 203 632 666 718 
1205 203 666 675 718 
1206 203 642 636 719 
1207 203 551 640 646 
1208 203 570 641 638 
1209 203 639 632 720 
1210 203 632 718 720 
1211 203 651 656 721 
1212 203 630 661 722 
1213 203 658 646 723 
1214 203 672 659 724 
1215 203 637 580 725 
1216 203 671 658 726 
1217 203 658 723 726 
1218 203 667 650 727 
1219 203 581 664 728 
1220 203 664 673 728 
1221 203 644 667 729 
1222 203 667 727 729 
1223 203 584 672 730 
1224 203 672 724 730 
1225 203 643 629 731 
1226 203 629 674 731 
1227 203 586 583 732 
1228 203 676 586 732 
1229 203 583 582 732 
1230 203 579 669 733 
1231 203 638 641 673 
1232 203 582 581 732 
1233 203 662 655 734 
1234 203 647 652 735 
1235 203 649 644 736 
1236 203 644 729 736 
1237 203 635 637 737 
1238 203 637 725 737 
1239 203 670 651 738 
1240 203 651 721 738 
1241 203 653 634 739 
1242 203 654 653 740 
1243 203 653 739 740 
1244 203 585 671 741 
1245 203 671 726 741 
1246 203 655 584 742 
1247 203 584 730 742 
1248 203 656 585 743 
1249 203 721 656 743 
1250 203 585 741 743 
1251 203 659 643 744 
1252 203 643 731 744 
1253 203 580 662 745 
1254 203 725 580 745 
1255 203 662 734 745 
1256 203 652 579 746 
1257 203 579 733 746 
1258 203 648 647 747 
1259 203 647 735 747 
1260 203 645 639 748 
1261 203 639 720 748 
1262 203 650 670 749 
1263 203 670 738 749 
1264 203 646 640 723 
1265 203 648 747 675 
1266 203 633 657 750 
1267 203 659 744 724 
1268 203 631 717 660 
1269 203 636 630 751 
1270 203 665 645 752 
1271 203 641 654 673 
1272 203 723 640 660 
1273 203 655 742 734 
1274 203 650 749 727 
1275 203 581 728 732 
1276 203 733 669 753 
1277 203 669 649 753 
1278 203 652 746 735 
1279 203 668 633 754 
1280 203 633 750 754 
1281 203 645 748 752 
1282 203 661 635 755 
1283 203 649 736 753 
1284 203 739 634 756 
1285 203 634 663 756 
1286 203 674 665 752 
1287 203 654 740 673 
1288 203 657 642 757 
1289 203 750 657 757 
1290 203 642 719 757 
1291 203 636 751 719 
1292 203 661 755 722 
1293 203 751 630 722 
1294 203 755 635 737 
1295 203 676 732 728 
1296 203 719 751 758 
1297 203 724 744 759 
1298 203 678 677 760 
1299 203 679 678 761 
1300 203 678 760 761 
1301 203 680 679 762 
1302 203 679 761 762 
1303 203 681 680 763 
1304 203 680 762 763 
1305 203 682 681 764 
1306 203 681 763 764 
1307 203 683 682 765 
1308 203 682 764 765 
1309 203 684 683 758 
1310 203 686 685 766 
1311 203 687 686 767 
1312 203 686 766 767 
1313 203 688 687 768 
1314 203 687 767 768 
1315 203 689 688 769 
1316 203 688 768 769 
1317 203 690 689 770 
1318 203 689 769 770 
1319 203 691 690 771 
1320 203 690 770 771 
1321 203 692 691 772 
1322 203 691 771 772 
1323 203 693 692 773 
1324 203 692 772 773 
1325 203 694 693 759 
1326 203 696 695 774 
1327 203 697 696 775 
1328 203 696 774 775 
1329 203 698 697 776 
1330 203 697 775 776 
1331 203 699 698 777 
1332 203 698 776 777 
1333 203 700 699 778 
1334 203 699 777 778 
1335 203 701 700 779 
1336 203 700 778 779 
1337 203 702 701 780 
1338 203 701 779 780 
1339 203 703 702 781 
1340 203 702 780 781 
1341 203 704 703 782 
1342 203 703 781 782 
1343 203 705 704 783 
1344 203 704 782 783 
1345 203 706 705 784 
1346 203 705 783 784 
1347 203 707 706 785 
1348 203 706 784 785 
1349 203 708 707 786 
1350 203 707 785 786 
1351 203 709 708 787 
1352 203 708 786 787 
1353 203 710 709 788 
1354 203 709 787 788 
1355 203 711 710 789 
1356 203 710 788 789 
1357 203 712 711 790 
1358 203 711 789 790 
1359 203 713 712 791 
1360 203 712 790 791 
1361 203 714 713 792 
1362 203 713 791 792 
1363 203 715 714 793 
1364 203 714 792 793 
1365 203 716 715 794 
1366 203 715 793 794 
1367 203 675 747 780 
1368 203 722 755 766 
1369 203 751 722 795 
1370 203 758 751 795 
1371 203 722 766 795 
1372 203 720 718 778 
1373 203 755 737 767 
1374 203 676 728 796 
1375 203 796 728 740 
1376 203 674 752 775 
1377 203 718 675 779 
1378 203 734 742 771 
1379 203 677 676 796 
1380 203 729 727 787 
1381 203 731 674 774 
1382 203 736 729 786 
1383 203 723 660 797 
1384 203 726 723 797 
1385 203 660 717 797 
1386 203 735 746 782 
1387 203 727 749 788 
1388 203 740 739 796 
1389 203 673 740 728 
1390 203 753 736 785 
1391 203 737 725 768 
1392 203 738 721 790 
1393 203 746 733 783 
1394 203 663 668 798 
1395 203 756 663 798 
1396 203 668 754 798 
1397 203 752 748 776 
1398 203 733 753 784 
1399 203 741 726 793 
1400 203 742 730 772 
1401 203 747 735 781 
1402 203 748 720 777 
1403 203 749 738 789 
1404 203 778 718 779 
1405 203 684 758 795 
1406 203 760 677 796 
1407 203 683 765 758 
1408 203 694 759 799 
1409 203 695 694 799 
1410 203 759 744 799 
1411 203 685 684 795 
1412 203 693 773 759 
1413 203 716 794 797 
1414 203 780 747 781 
1415 203 717 716 797 
1416 203 774 674 775 
1417 203 767 737 768 
1418 203 744 731 799 
1419 203 789 738 790 
1420 203 785 736 786 
1421 203 777 720 778 
1422 203 750 757 764 
1423 203 734 771 770 
1424 203 781 735 782 
1425 203 721 743 791 
1426 203 725 745 769 
1427 203 771 742 772 
1428 203 779 675 780 
1429 203 775 752 776 
1430 203 787 727 788 
1431 203 790 721 791 
1432 203 719 758 765 
1433 203 739 756 760 
1434 203 731 774 799 
1435 203 730 724 800 
1436 203 754 750 763 
1437 203 726 797 794 
1438 203 788 749 789 
1439 203 796 739 760 
1440 203 783 733 784 
1441 203 685 795 766 
1442 203 768 725 769 
1443 203 782 746 783 
1444 203 776 748 777 
1445 203 784 753 785 
1446 203 766 755 767 
1447 203 741 793 792 
1448 203 757 719 765 
1449 203 743 741 792 
1450 203 774 695 799 
1451 203 745 734 770 
1452 203 786 729 787 
1453 203 763 750 764 
1454 203 761 760 756 
1455 203 762 761 798 
1456 203 763 762 754 
1457 203 765 764 757 
1458 203 730 800 772 
1459 203 770 769 745 
1460 203 792 791 743 
1461 203 794 793 726 
1462 203 754 762 798 
1463 203 724 759 800 
1464 203 798 761 756 
1465 203 773 772 800 
1466 203 759 773 800 
1467 203 7 125 192 
1468 203 125 126 801 
1469 203 127 128 802 
1470 203 129 130 803 
1471 203 131 132 804 
1472 203 133 5 134 
1473 203 134 135 805 
1474 203 136 137 806 
1475 203 138 139 807 
1476 203 140 141 808 
1477 203 142 143 809 
1478 203 144 145 810 
1479 203 146 147 811 
1480 203 148 149 812 
1481 203 150 151 813 
1482 203 152 153 814 
1483 203 154 155 815 
1484 203 156 157 816 
1485 203 158 159 817 
1486 203 160 161 818 
1487 203 162 163 819 
1488 203 164 165 820 
1489 203 166 167 821 
1490 203 168 169 822 
1491 203 170 171 823 
1492 203 172 173 824 
1493 203 174 175 825 
1494 203 176 177 826 
1495 203 178 179 827 
1496 203 180 181 828 
1497 203 182 1 191 
1498 203 183 3 240 
1499 203 184 183 829 
1500 203 185 184 830 
1501 203 184 829 830 
1502 203 186 185 831 
1503 203 185 830 831 
1504 203 187 186 832 
1505 203 186 831 832 
1506 203 188 187 833 
1507 203 187 832 833 
1508 203 189 188 834 
1509 203 188 833 834 
1510 203 190 189 835 
1511 203 189 834 835 
1512 203 191 190 836 
1513 203 190 835 836 
1514 203 183 240 829 
1515 203 193 192 837 
1516 203 194 193 838 
1517 203 193 837 838 
1518 203 195 194 839 
1519 203 194 838 839 
1520 203 196 195 840 
1521 203 195 839 840 
1522 203 197 196 841 
1523 203 196 840 841 
1524 203 198 197 842 
1525 203 197 841 842 
1526 203 199 198 843 
1527 203 198 842 843 
1528 203 200 199 844 
1529 203 199 843 844 
1530 203 201 200 845 
1531 203 200 844 845 
1532 203 202 201 846 
1533 203 201 845 846 
1534 203 203 202 847 
1535 203 202 846 847 
1536 203 204 203 848 
1537 203 203 847 848 
1538 203 205 204 849 
1539 203 204 848 849 
1540 203 206 205 850 
1541 203 205 849 850 
1542 203 207 206 851 
1543 203 206 850 851 
1544 203 208 207 852 
1545 203 207 851 852 
1546 203 209 208 853 
1547 203 208 852 853 
1548 203 210 209 854 
1549 203 209 853 854 
1550 203 211 210 855 
1551 203 210 854 855 
1552 203 212 211 856 
1553 203 211 855 856 
1554 203 213 212 857 
1555 203 212 856 857 
1556 203 214 213 858 
1557 203 213 857 858 
1558 203 215 214 859 
1559 203 214 858 859 
1560 203 216 215 860 
1561 203 215 859 860 
1562 203 217 216 861 
1563 203 216 860 861 
1564 203 218 217 862 
1565 203 217 861 862 
1566 203 219 218 863 
1567 203 218 862 863 
1568 203 220 219 864 
1569 203 219 863 864 
1570 203 221 220 865 
1571 203 220 864 865 
1572 203 222 221 866 
1573 203 221 865 866 
1574 203 223 222 867 
1575 203 222 866 867 
1576 203 224 223 868 
1577 203 223 867 868 
1578 203 225 224 869 
1579 203 224 868 869 
1580 203 226 225 870 
1581 203 225 869 870 
1582 203 227 226 871 
1583 203 226 870 871 
1584 203 228 227 872 
1585 203 227 871 872 
1586 203 229 228 873 
1587 203 228 872 873 
1588 203 230 229 874 
1589 203 229 873 874 
1590 203 231 230 875 
1591 203 230 874 875 
1592 203 232 231 876 
1593 203 231 875 876 
1594 203 233 232 877 
1595 203 232 876 877 
1596 203 234 233 878 
1597 203 233 877 878 
1598 203 235 234 879 
1599 203 234 878 879 
1600 203 236 235 880 
1601 203 235 879 880 
1602 203 237 236 881 
1603 203 236 880 881 
1604 203 238 237 882 
1605 203 237 881 882 
1606 203 239 238 883 
1607 203 238 882 883 
1608 203 240 239 884 
1609 203 829 240 884 
1610 203 239 883 884 
1611 203 133 134 805 
1612 203 182 191 836 
1613 203 126 127 885 
1614 203 128 129 886 
1615 203 130 131 887 
1616 203 886 129 803 
1617 203 132 133 888 
1618 203 135 136 889 
1619 203 137 138 890 
1620 203 139 140 891 
1621 203 141 142 892 
1622 203 143 144 893 
1623 203 145 146 894 
1624 203 147 148 895 
1625 203 149 150 896 
1626 203 151 152 897 
1627 203 153 154 898 
1628 203 155 156 899 
1629 203 157 158 900 
1630 203 159 160 901 
1631 203 161 162 902 
1632 203 163 164 903 
1633 203 165 166 904 
1634 203 167 168 905 
1635 203 169 170 906 
1636 203 171 172 907 
1637 203 173 174 908 
1638 203 175 176 909 
1639 203 177 178 910 
1640 203 179 180 911 
1641 203 885 127 802 
1642 203 181 182 912 
1643 203 126 885 801 
1644 203 889 136 806 
1645 203 887 131 804 
1646 203 192 125 801 
1647 203 802 128 886 
1648 203 803 130 887 
1649 203 804 132 888 
1650 203 806 137 890 
1651 203 807 139 891 
1652 203 808 141 892 
1653 203 809 143 893 
1654 203 810 145 894 
1655 203 811 147 895 
1656 203 812 149 896 
1657 203 813 151 897 
1658 203 814 153 898 
1659 203 815 155 899 
1660 203 816 157 900 
1661 203 817 159 901 
1662 203 818 161 902 
1663 203 819 163 903 
1664 203 820 165 904 
1665 203 821 167 905 
1666 203 822 169 906 
1667 203 823 171 907 
1668 203 824 173 908 
1669 203 825 175 909 
1670 203 826 177 910 
1671 203 827 179 911 
1672 203 828 181 912 
1673 203 890 138 807 
1674 203 891 140 808 
1675 203 892 142 809 
1676 203 893 144 810 
1677 203 894 146 811 
1678 203 895 148 812 
1679 203 896 150 813 
1680 203 897 152 814 
1681 203 898 154 815 
1682 203 899 156 816 
1683 203 900 158 817 
1684 203 901 160 818 
1685 203 902 162 819 
1686 203 903 164 820 
1687 203 904 166 821 
1688 203 905 168 822 
1689 203 906 170 823 
1690 203 907 172 824 
1691 203 908 174 825 
1692 203 909 176 826 
1693 203 910 178 827 
1694 203 911 180 828 
1695 203 135 889 805 
1696 203 889 806 913 
1697 203 890 807 914 
1698 203 803 887 915 
1699 203 806 890 916 
1700 203 890 914 916 
1701 203 804 888 917 
1702 203 192 801 837 
1703 203 886 803 918 
1704 203 803 915 918 
1705 203 888 133 805 
1706 203 182 836 912 
1707 203 887 804 919 
1708 203 804 917 919 
1709 203 891 808 920 
1710 203 892 809 921 
1711 203 893 810 922 
1712 203 894 811 923 
1713 203 895 812 924 
1714 203 896 813 925 
1715 203 897 814 926 
1716 203 898 815 927 
1717 203 899 816 928 
1718 203 900 817 929 
1719 203 901 818 930 
1720 203 902 819 931 
1721 203 903 820 932 
1722 203 904 821 933 
1723 203 905 822 934 
1724 203 906 823 935 
1725 203 907 824 936 
1726 203 908 825 937 
1727 203 909 826 938 
1728 203 910 827 939 
1729 203 911 828 940 
1730 203 828 912 941 
1731 203 940 828 941 
1732 203 912 836 941 
1733 203 885 802 942 
1734 203 801 885 943 
1735 203 885 942 943 
1736 203 830 829 944 
1737 203 829 884 944 
1738 203 831 830 945 
1739 203 830 944 945 
1740 203 832 831 946 
1741 203 831 945 946 
1742 203 833 832 947 
1743 203 832 946 947 
1744 203 834 833 948 
1745 203 833 947 948 
1746 203 835 834 949 
1747 203 834 948 949 
1748 203 836 835 941 
1749 203 802 886 950 
1750 203 886 918 950 
1751 203 839 838 951 
1752 203 840 839 952 
1753 203 839 951 952 
1754 203 841 840 953 
1755 203 840 952 953 
1756 203 842 841 954 
1757 203 841 953 954 
1758 203 843 842 955 
1759 203 842 954 955 
1760 203 844 843 956 
1761 203 843 955 956 
1762 203 845 844 957 
1763 203 844 956 957 
1764 203 846 845 958 
1765 203 845 957 958 
1766 203 847 846 959 
1767 203 846 958 959 
1768 203 848 847 960 
1769 203 847 959 960 
1770 203 849 848 961 
1771 203 848 960 961 
1772 203 850 849 962 
1773 203 849 961 962 
1774 203 851 850 963 
1775 203 850 962 963 
1776 203 852 851 964 
1777 203 851 963 964 
1778 203 853 852 965 
1779 203 852 964 965 
1780 203 854 853 966 
1781 203 853 965 966 
1782 203 855 854 967 
1783 203 854 966 967 
1784 203 856 855 968 
1785 203 855 967 968 
1786 203 857 856 969 
1787 203 856 968 969 
1788 203 858 857 970 
1789 203 857 969 970 
1790 203 859 858 971 
1791 203 858 970 971 
1792 203 860 859 972 
1793 203 859 971 972 
1794 203 861 860 973 
1795 203 860 972 973 
1796 203 862 861 974 
1797 203 861 973 974 
1798 203 863 862 975 
1799 203 862 974 975 
1800 203 864 863 976 
1801 203 863 975 976 
1802 203 865 864 977 
1803 203 864 976 977 
1804 203 866 865 978 
1805 203 865 977 978 
1806 203 867 866 979 
1807 203 866 978 979 
1808 203 868 867 980 
1809 203 867 979 980 
1810 203 869 868 981 
1811 203 868 980 981 
1812 203 870 869 982 
1813 203 869 981 982 
1814 203 871 870 983 
1815 203 870 982 983 
1816 203 872 871 984 
1817 203 871 983 984 
1818 203 873 872 985 
1819 203 872 984 985 
1820 203 874 873 986 
1821 203 873 985 986 
1822 203 875 874 987 
1823 203 874 986 987 
1824 203 876 875 988 
1825 203 875 987 988 
1826 203 877 876 989 
1827 203 876 988 989 
1828 203 878 877 990 
1829 203 877 989 990 
1830 203 879 878 991 
1831 203 878 990 991 
1832 203 880 879 992 
1833 203 879 991 992 
1834 203 881 880 993 
1835 203 880 992 993 
1836 203 882 881 994 
1837 203 881 993 994 
1838 203 883 882 995 
1839 203 882 994 995 
1840 203 888 805 917 
1841 203 837 801 943 
1842 203 806 916 913 
1843 203 837 943 838 
1844 203 921 809 996 
1845 203 809 893 996 
1846 203 838 943 951 
1847 203 889 913 917 
1848 203 920 808 997 
1849 203 808 892 997 
1850 203 807 891 998 
1851 203 892 921 997 
1852 203 807 998 914 
1853 203 893 922 996 
1854 203 810 894 999 
1855 203 811 895 1000 
1856 203 812 896 1001 
1857 203 813 897 1002 
1858 203 814 898 1003 
1859 203 815 899 1004 
1860 203 816 900 1005 
1861 203 817 901 1006 
1862 203 818 902 1007 
1863 203 819 903 1008 
1864 203 820 904 1009 
1865 203 821 905 1010 
1866 203 822 906 1011 
1867 203 823 907 1012 
1868 203 824 908 1013 
1869 203 825 909 1014 
1870 203 826 910 1015 
1871 203 827 911 1016 
1872 203 805 889 917 
1873 203 887 919 915 
1874 203 941 835 949 
1875 203 883 995 884 
1876 203 1005 900 929 
1877 203 1016 911 940 
1878 203 1015 910 939 
1879 203 1014 909 938 
1880 203 1013 908 937 
1881 203 1012 907 936 
1882 203 1011 906 935 
1883 203 1010 905 934 
1884 203 1009 904 933 
1885 203 1008 903 932 
1886 203 1007 902 931 
1887 203 1006 901 930 
1888 203 802 950 942 
1889 203 939 827 1016 
1890 203 938 826 1015 
1891 203 937 825 1014 
1892 203 936 824 1013 
1893 203 935 823 1012 
1894 203 934 822 1011 
1895 203 933 821 1010 
1896 203 932 820 1009 
1897 203 931 819 1008 
1898 203 930 818 1007 
1899 203 929 817 1006 
1900 203 928 816 1005 
1901 203 927 815 1004 
1902 203 926 814 1003 
1903 203 925 813 1002 
1904 203 924 812 1001 
1905 203 923 811 1000 
1906 203 1004 899 928 
1907 203 1002 897 926 
1908 203 810 999 922 
1909 203 1003 898 927 
1910 203 998 891 920 
1911 203 1001 896 925 
1912 203 1000 895 924 
1913 203 999 894 923 
1914 203 1001 925 1017 
1915 203 918 915 1018 
1916 203 1003 927 1019 
1917 203 914 998 1020 
1918 203 920 997 1021 
1919 203 919 917 1022 
1920 203 917 913 1022 
1921 203 951 943 1023 
1922 203 943 942 1023 
1923 203 1004 928 1024 
1924 203 999 923 1025 
1925 203 1000 924 1026 
1926 203 924 1001 1027 
1927 203 1001 1017 1027 
1928 203 922 999 1028 
1929 203 999 1025 1028 
1930 203 998 920 1029 
1931 203 920 1021 1029 
1932 203 926 1003 1030 
1933 203 1003 1019 1030 
1934 203 1002 926 1031 
1935 203 926 1030 1031 
1936 203 927 1004 1032 
1937 203 1004 1024 1032 
1938 203 1016 940 1033 
1939 203 929 1006 1034 
1940 203 930 1007 1035 
1941 203 931 1008 1036 
1942 203 932 1009 1037 
1943 203 933 1010 1038 
1944 203 934 1011 1039 
1945 203 935 1012 1040 
1946 203 936 1013 1041 
1947 203 937 1014 1042 
1948 203 938 1015 1043 
1949 203 940 941 1044 
1950 203 1033 940 1044 
1951 203 941 949 1044 
1952 203 913 916 1022 
1953 203 944 884 995 
1954 203 945 944 1045 
1955 203 944 995 1045 
1956 203 946 945 1046 
1957 203 945 1045 1046 
1958 203 947 946 1047 
1959 203 946 1046 1047 
1960 203 948 947 1048 
1961 203 947 1047 1048 
1962 203 949 948 1044 
1963 203 952 951 1023 
1964 203 950 918 1049 
1965 203 918 1018 1049 
1966 203 921 996 1050 
1967 203 915 919 1051 
1968 203 1018 915 1051 
1969 203 919 1022 1051 
1970 203 953 952 1052 
1971 203 954 953 1053 
1972 203 953 1052 1053 
1973 203 955 954 1054 
1974 203 954 1053 1054 
1975 203 956 955 1055 
1976 203 955 1054 1055 
1977 203 957 956 1056 
1978 203 956 1055 1056 
1979 203 958 957 1057 
1980 203 957 1056 1057 
1981 203 959 958 1058 
1982 203 958 1057 1058 
1983 203 960 959 1059 
1984 203 959 1058 1059 
1985 203 961 960 1060 
1986 203 960 1059 1060 
1987 203 962 961 1061 
1988 203 961 1060 1061 
1989 203 963 962 1062 
1990 203 962 1061 1062 
1991 203 964 963 1063 
1992 203 963 1062 1063 
1993 203 965 964 1064 
1994 203 964 1063 1064 
1995 203 966 965 1065 
1996 203 965 1064 1065 
1997 203 967 966 1066 
1998 203 966 1065 1066 
1999 203 968 967 1067 
2000 203 967 1066 1067 
2001 203 969 968 1068 
2002 203 968 1067 1068 
2003 203 970 969 1069 
2004 203 969 1068 1069 
2005 203 971 970 1070 
2006 203 970 1069 1070 
2007 203 972 971 1071 
2008 203 971 1070 1071 
2009 203 973 972 1072 
2010 203 972 1071 1072 
2011 203 974 973 1073 
2012 203 973 1072 1073 
2013 203 975 974 1074 
2014 203 974 1073 1074 
2015 203 976 975 1075 
2016 203 975 1074 1075 
2017 203 977 976 1076 
2018 203 976 1075 1076 
2019 203 978 977 1077 
2020 203 977 1076 1077 
2021 203 979 978 1078 
2022 203 978 1077 1078 
2023 203 980 979 1079 
2024 203 979 1078 1079 
2025 203 981 980 1080 
2026 203 980 1079 1080 
2027 203 982 981 1081 
2028 203 981 1080 1081 
2029 203 983 982 1082 
2030 203 982 1081 1082 
2031 203 984 983 1083 
2032 203 983 1082 1083 
2033 203 985 984 1084 
2034 203 984 1083 1084 
2035 203 986 985 1085 
2036 203 985 1084 1085 
2037 203 987 986 1086 
2038 203 986 1085 1086 
2039 203 988 987 1087 
2040 203 987 1086 1087 
2041 203 989 988 1088 
2042 203 988 1087 1088 
2043 203 990 989 1089 
2044 203 989 1088 1089 
2045 203 991 990 1090 
2046 203 990 1089 1090 
2047 203 992 991 1091 
2048 203 991 1090 1091 
2049 203 993 992 1092 
2050 203 992 1091 1092 
2051 203 994 993 1093 
2052 203 993 1092 1093 
2053 203 995 994 1094 
2054 203 1045 995 1094 
2055 203 994 1093 1094 
2056 203 1005 929 1095 
2057 203 929 1034 1095 
2058 203 939 1016 1096 
2059 203 1016 1033 1096 
2060 203 916 914 1097 
2061 203 914 1020 1097 
2062 203 996 922 1098 
2063 203 1050 996 1098 
2064 203 922 1028 1098 
2065 203 1026 924 1027 
2066 203 1025 923 1099 
2067 203 923 1000 1099 
2068 203 948 1048 1044 
2069 203 927 1032 1019 
2070 203 1023 942 1100 
2071 203 942 950 1100 
2072 203 1020 998 1029 
2073 203 997 921 1101 
2074 203 1052 952 1023 
2075 203 1024 928 1102 
2076 203 928 1005 1102 
2077 203 997 1101 1021 
2078 203 1000 1026 1099 
2079 203 925 1002 1103 
2080 203 1006 930 1104 
2081 203 1007 931 1105 
2082 203 1008 932 1106 
2083 203 1009 933 1107 
2084 203 1010 934 1108 
2085 203 1011 935 1109 
2086 203 1012 936 1110 
2087 203 1013 937 1111 
2088 203 1014 938 1112 
2089 203 1015 939 1113 
2090 203 916 1097 1022 
2091 203 1113 939 1096 
2092 203 1112 938 1043 
2093 203 1109 935 1040 
2094 203 1005 1095 1102 
2095 203 1111 937 1042 
2096 203 1043 1015 1113 
2097 203 1042 1014 1112 
2098 203 1041 1013 1111 
2099 203 1040 1012 1110 
2100 203 1039 1011 1109 
2101 203 1038 1010 1108 
2102 203 1037 1009 1107 
2103 203 1036 1008 1106 
2104 203 1035 1007 1105 
2105 203 1034 1006 1104 
2106 203 1110 936 1041 
2107 203 925 1103 1017 
2108 203 1108 934 1039 
2109 203 1107 933 1038 
2110 203 1100 950 1049 
2111 203 1106 932 1037 
2112 203 1101 921 1050 
2113 203 1105 931 1036 
2114 203 1104 930 1035 
2115 203 1103 1002 1031 
2116 203 1105 1036 1114 
2117 203 1099 1026 1115 
2118 203 1106 1037 1116 
2119 203 1052 1023 1117 
2120 203 1023 1100 1117 
2121 203 1111 1042 1118 
2122 203 1108 1039 1119 
2123 203 1025 1099 1120 
2124 203 1099 1115 1120 
2125 203 1028 1025 1121 
2126 203 1025 1120 1121 
2127 203 1029 1021 1122 
2128 203 1110 1041 1123 
2129 203 1030 1019 1124 
2130 203 1031 1030 1125 
2131 203 1030 1124 1125 
2132 203 1032 1024 1126 
2133 203 1112 1043 1127 
2134 203 1020 1029 1128 
2135 203 1029 1122 1128 
2136 203 1103 1031 1129 
2137 203 1031 1125 1129 
2138 203 1034 1104 1130 
2139 203 1035 1105 1131 
2140 203 1105 1114 1131 
2141 203 1101 1050 1132 
2142 203 1036 1106 1133 
2143 203 1106 1116 1133 
2144 203 1100 1049 1134 
2145 203 1117 1100 1134 
2146 203 1049 1018 1134 
2147 203 1107 1038 1135 
2148 203 1038 1108 1136 
2149 203 1108 1119 1136 
2150 203 1102 1095 1137 
2151 203 1017 1103 1138 
2152 203 1103 1129 1138 
2153 203 1040 1110 1139 
2154 203 1110 1123 1139 
2155 203 1041 1111 1140 
2156 203 1111 1118 1140 
2157 203 1109 1040 1141 
2158 203 1040 1139 1141 
2159 203 1042 1112 1142 
2160 203 1112 1127 1142 
2161 203 1095 1034 1143 
2162 203 1034 1130 1143 
2163 203 1046 1045 1144 
2164 203 1045 1094 1144 
2165 203 1047 1046 1145 
2166 203 1046 1144 1145 
2167 203 1048 1047 1146 
2168 203 1047 1145 1146 
2169 203 1019 1032 1147 
2170 203 1032 1126 1147 
2171 203 1053 1052 1117 
2172 203 1054 1053 1148 
2173 203 1055 1054 1149 
2174 203 1054 1148 1149 
2175 203 1056 1055 1150 
2176 203 1055 1149 1150 
2177 203 1057 1056 1151 
2178 203 1056 1150 1151 
2179 203 1058 1057 1152 
2180 203 1057 1151 1152 
2181 203 1059 1058 1153 
2182 203 1058 1152 1153 
2183 203 1060 1059 1154 
2184 203 1059 1153 1154 
2185 203 1061 1060 1155 
2186 203 1060 1154 1155 
2187 203 1062 1061 1156 
2188 203 1061 1155 1156 
2189 203 1063 1062 1157 
2190 203 1062 1156 1157 
2191 203 1064 1063 1158 
2192 203 1063 1157 1158 
2193 203 1065 1064 1159 
2194 203 1064 1158 1159 
2195 203 1066 1065 1160 
2196 203 1065 1159 1160 
2197 203 1067 1066 1161 
2198 203 1066 1160 1161 
2199 203 1068 1067 1162 
2200 203 1067 1161 1162 
2201 203 1069 1068 1163 
2202 203 1068 1162 1163 
2203 203 1070 1069 1164 
2204 203 1069 1163 1164 
2205 203 1071 1070 1165 
2206 203 1070 1164 1165 
2207 203 1072 1071 1166 
2208 203 1071 1165 1166 
2209 203 1073 1072 1167 
2210 203 1072 1166 1167 
2211 203 1074 1073 1168 
2212 203 1073 1167 1168 
2213 203 1075 1074 1169 
2214 203 1074 1168 1169 
2215 203 1076 1075 1170 
2216 203 1075 1169 1170 
2217 203 1077 1076 1171 
2218 203 1076 1170 1171 
2219 203 1078 1077 1172 
2220 203 1077 1171 1172 
2221 203 1079 1078 1173 
2222 203 1078 1172 1173 
2223 203 1080 1079 1174 
2224 203 1079 1173 1174 
2225 203 1081 1080 1175 
2226 203 1080 1174 1175 
2227 203 1082 1081 1176 
2228 203 1081 1175 1176 
2229 203 1083 1082 1177 
2230 203 1082 1176 1177 
2231 203 1084 1083 1178 
2232 203 1083 1177 1178 
2233 203 1085 1084 1179 
2234 203 1084 1178 1179 
2235 203 1086 1085 1180 
2236 203 1085 1179 1180 
2237 203 1087 1086 1181 
2238 203 1086 1180 1181 
2239 203 1088 1087 1182 
2240 203 1087 1181 1182 
2241 203 1089 1088 1183 
2242 203 1088 1182 1183 
2243 203 1090 1089 1184 
2244 203 1089 1183 1184 
2245 203 1091 1090 1185 
2246 203 1090 1184 1185 
2247 203 1092 1091 1186 
2248 203 1091 1185 1186 
2249 203 1093 1092 1187 
2250 203 1092 1186 1187 
2251 203 1096 1033 1188 
2252 203 1097 1020 1189 
2253 203 1020 1128 1189 
2254 203 1024 1102 1190 
2255 203 1102 1137 1190 
2256 203 1027 1017 1191 
2257 203 1017 1138 1191 
2258 203 1113 1096 1192 
2259 203 1096 1188 1192 
2260 203 1124 1019 1147 
2261 203 1123 1041 1140 
2262 203 1119 1039 1193 
2263 203 1039 1109 1193 
2264 203 1135 1038 1136 
2265 203 1118 1042 1142 
2266 203 1109 1141 1193 
2267 203 1116 1037 1194 
2268 203 1037 1107 1194 
2269 203 1026 1027 1195 
2270 203 1115 1026 1195 
2271 203 1114 1036 1133 
2272 203 1044 1048 1188 
2273 203 1053 1117 1148 
2274 203 1126 1024 1190 
2275 203 1095 1143 1137 
2276 203 1021 1101 1196 
2277 203 1104 1035 1197 
2278 203 1132 1050 1198 
2279 203 1050 1098 1198 
2280 203 1134 1018 1199 
2281 203 1021 1196 1122 
2282 203 1043 1113 1200 
2283 203 1022 1097 1201 
2284 203 1051 1022 1201 
2285 203 1097 1189 1201 
2286 203 1107 1135 1194 
2287 203 1018 1051 1199 
2288 203 1094 1093 1202 
2289 203 1144 1094 1202 
2290 203 1093 1187 1202 
2291 203 1098 1028 1203 
2292 203 1198 1098 1203 
2293 203 1028 1121 1203 
2294 203 1127 1043 1200 
2295 203 1195 1027 1191 
2296 203 1197 1035 1131 
2297 203 1196 1101 1132 
2298 203 1104 1197 1130 
2299 203 1200 1113 1192 
2300 203 1127 1200 1204 
2301 203 1125 1124 1205 
2302 203 1116 1194 1206 
2303 203 1117 1134 1207 
2304 203 1130 1197 1208 
2305 203 1134 1199 1207 
2306 203 1120 1115 1209 
2307 203 1123 1140 1210 
2308 203 1199 1051 1201 
2309 203 1193 1141 1211 
2310 203 1188 1048 1146 
2311 203 1148 1117 1207 
2312 203 1121 1120 1212 
2313 203 1120 1209 1212 
2314 203 1195 1191 1213 
2315 203 1119 1193 1214 
2316 203 1193 1211 1214 
2317 203 1137 1143 1215 
2318 203 1129 1125 1216 
2319 203 1125 1205 1216 
2320 203 1196 1132 1217 
2321 203 1122 1196 1218 
2322 203 1196 1217 1218 
2323 203 1136 1119 1219 
2324 203 1119 1214 1219 
2325 203 1114 1133 1220 
2326 203 1118 1142 1221 
2327 203 1135 1136 1222 
2328 203 1136 1219 1222 
2329 203 1139 1123 1223 
2330 203 1123 1210 1223 
2331 203 1140 1118 1224 
2332 203 1118 1221 1224 
2333 203 1141 1139 1225 
2334 203 1139 1223 1225 
2335 203 1142 1127 1226 
2336 203 1221 1142 1226 
2337 203 1127 1204 1226 
2338 203 1143 1130 1227 
2339 203 1130 1208 1227 
2340 203 1033 1044 1188 
2341 203 1145 1144 1228 
2342 203 1144 1202 1228 
2343 203 1147 1126 1229 
2344 203 1149 1148 1230 
2345 203 1150 1149 1231 
2346 203 1149 1230 1231 
2347 203 1151 1150 1232 
2348 203 1150 1231 1232 
2349 203 1152 1151 1233 
2350 203 1151 1232 1233 
2351 203 1153 1152 1234 
2352 203 1152 1233 1234 
2353 203 1154 1153 1235 
2354 203 1153 1234 1235 
2355 203 1155 1154 1236 
2356 203 1154 1235 1236 
2357 203 1156 1155 1237 
2358 203 1155 1236 1237 
2359 203 1157 1156 1238 
2360 203 1156 1237 1238 
2361 203 1158 1157 1239 
2362 203 1157 1238 1239 
2363 203 1159 1158 1240 
2364 203 1158 1239 1240 
2365 203 1160 1159 1241 
2366 203 1159 1240 1241 
2367 203 1161 1160 1242 
2368 203 1160 1241 1242 
2369 203 1162 1161 1243 
2370 203 1161 1242 1243 
2371 203 1163 1162 1244 
2372 203 1162 1243 1244 
2373 203 1164 1163 1245 
2374 203 1163 1244 1245 
2375 203 1165 1164 1246 
2376 203 1164 1245 1246 
2377 203 1166 1165 1247 
2378 203 1165 1246 1247 
2379 203 1167 1166 1248 
2380 203 1166 1247 1248 
2381 203 1168 1167 1249 
2382 203 1167 1248 1249 
2383 203 1169 1168 1250 
2384 203 1168 1249 1250 
2385 203 1170 1169 1251 
2386 203 1169 1250 1251 
2387 203 1171 1170 1252 
2388 203 1170 1251 1252 
2389 203 1172 1171 1253 
2390 203 1171 1252 1253 
2391 203 1173 1172 1254 
2392 203 1172 1253 1254 
2393 203 1174 1173 1255 
2394 203 1173 1254 1255 
2395 203 1175 1174 1256 
2396 203 1174 1255 1256 
2397 203 1176 1175 1257 
2398 203 1175 1256 1257 
2399 203 1177 1176 1258 
2400 203 1176 1257 1258 
2401 203 1178 1177 1259 
2402 203 1177 1258 1259 
2403 203 1179 1178 1260 
2404 203 1178 1259 1260 
2405 203 1180 1179 1261 
2406 203 1179 1260 1261 
2407 203 1181 1180 1262 
2408 203 1180 1261 1262 
2409 203 1182 1181 1263 
2410 203 1181 1262 1263 
2411 203 1183 1182 1264 
2412 203 1182 1263 1264 
2413 203 1184 1183 1265 
2414 203 1183 1264 1265 
2415 203 1185 1184 1266 
2416 203 1184 1265 1266 
2417 203 1186 1185 1267 
2418 203 1185 1266 1267 
2419 203 1187 1186 1268 
2420 203 1186 1267 1268 
2421 203 1194 1135 1269 
2422 203 1135 1222 1269 
2423 203 1190 1137 1270 
2424 203 1137 1215 1270 
2425 203 1189 1128 1271 
2426 203 1138 1129 1272 
2427 203 1129 1216 1272 
2428 203 1133 1116 1273 
2429 203 1116 1206 1273 
2430 203 1131 1114 1274 
2431 203 1114 1220 1274 
2432 203 1128 1122 1275 
2433 203 1271 1128 1275 
2434 203 1122 1218 1275 
2435 203 1192 1188 1276 
2436 203 1188 1146 1276 
2437 203 1207 1199 1271 
2438 203 1209 1115 1277 
2439 203 1115 1195 1277 
2440 203 1140 1224 1210 
2441 203 1124 1147 1278 
2442 203 1211 1141 1225 
2443 203 1197 1131 1279 
2444 203 1208 1197 1279 
2445 203 1213 1191 1280 
2446 203 1191 1138 1280 
2447 203 1215 1143 1227 
2448 203 1195 1213 1277 
2449 203 1206 1194 1269 
2450 203 1133 1273 1220 
2451 203 1205 1124 1278 
2452 203 1217 1132 1281 
2453 203 1132 1198 1281 
2454 203 1200 1192 1282 
2455 203 1192 1276 1282 
2456 203 1200 1282 1204 
2457 203 1147 1229 1278 
2458 203 1203 1121 1283 
2459 203 1121 1212 1283 
2460 203 1229 1126 1284 
2461 203 1126 1190 1284 
2462 203 1146 1145 1285 
2463 203 1202 1187 1286 
2464 203 1228 1202 1286 
2465 203 1187 1268 1286 
2466 203 1138 1272 1280 
2467 203 1279 1131 1274 
2468 203 1284 1190 1270 
2469 203 1284 1270 1246 
2470 203 1246 1245 1284 
2471 203 1231 1230 1218 
2472 203 1209 1277 1238 
2473 203 1211 1225 1261 
2474 203 1199 1201 1271 
2475 203 1238 1277 1213 
2476 203 1208 1279 1251 
2477 203 1274 1252 1279 
2478 203 1210 1224 1264 
2479 203 1214 1211 1260 
2480 203 1212 1209 1237 
2481 203 1216 1205 1242 
2482 203 1148 1207 1287 
2483 203 1204 1282 1267 
2484 203 1287 1207 1271 
2485 203 1237 1209 1238 
2486 203 1214 1259 1219 
2487 203 1244 1243 1278 
2488 203 1213 1280 1239 
2489 203 1231 1218 1217 
2490 203 1278 1229 1244 
2491 203 1208 1251 1250 
2492 203 1223 1210 1263 
2493 203 1224 1221 1264 
2494 203 1223 1262 1225 
2495 203 1242 1241 1216 
2496 203 1230 1148 1287 
2497 203 1246 1270 1247 
2498 203 1285 1145 1228 
2499 203 1280 1272 1240 
2500 203 1222 1219 1258 
2501 203 1220 1273 1254 
2502 203 1146 1285 1276 
2503 203 1198 1203 1288 
2504 203 1203 1283 1288 
2505 203 1232 1231 1217 
2506 203 1233 1232 1217 
2507 203 1234 1233 1281 
2508 203 1235 1234 1288 
2509 203 1236 1235 1283 
2510 203 1237 1236 1212 
2511 203 1220 1254 1253 
2512 203 1239 1238 1213 
2513 203 1240 1239 1280 
2514 203 1285 1228 1286 
2515 203 1248 1247 1270 
2516 203 1248 1215 1249 
2517 203 1250 1249 1227 
2518 203 1251 1279 1252 
2519 203 1253 1252 1274 
2520 203 1255 1254 1273 
2521 203 1256 1255 1206 
2522 203 1257 1256 1269 
2523 203 1258 1257 1222 
2524 203 1261 1260 1211 
2525 203 1264 1263 1210 
2526 203 1265 1264 1221 
2527 203 1221 1226 1265 
2528 203 1267 1266 1204 
2529 203 1268 1267 1282 
2530 203 1269 1222 1257 
2531 203 1227 1208 1250 
2532 203 1273 1206 1255 
2533 203 1274 1220 1253 
2534 203 1206 1269 1256 
2535 203 1218 1230 1275 
2536 203 1230 1287 1275 
2537 203 1287 1271 1275 
2538 203 1212 1236 1283 
2539 203 1229 1284 1245 
2540 203 1258 1219 1259 
2541 203 1204 1266 1226 
2542 203 1261 1225 1262 
2543 203 1214 1260 1259 
2544 203 1201 1189 1271 
2545 203 1268 1282 1276 
2546 203 1281 1198 1288 
2547 203 1229 1245 1244 
2548 203 1262 1223 1263 
2549 203 1205 1278 1243 
2550 203 1233 1217 1281 
2551 203 1266 1265 1226 
2552 203 1240 1272 1241 
2553 203 1248 1270 1215 
2554 203 1242 1205 1243 
2555 203 1283 1235 1288 
2556 203 1227 1249 1215 
2557 203 1272 1216 1241 
2558 203 1234 1281 1288 
2559 203 1268 1276 1286 
2560 203 1858 1856 1862 
2561 203 1845 1857 1859 
2562 203 1276 1285 1286 
2563 203 245 1365 5 
2564 203 135 134 1289 
2565 203 136 135 1290 
2566 203 135 1289 1290 
2567 203 137 136 1291 
2568 203 136 1290 1291 
2569 203 138 137 1292 
2570 203 137 1291 1292 
2571 203 139 138 1293 
2572 203 138 1292 1293 
2573 203 140 139 1294 
2574 203 139 1293 1294 
2575 203 141 140 1295 
2576 203 140 1294 1295 
2577 203 142 141 1296 
2578 203 141 1295 1296 
2579 203 143 142 1297 
2580 203 142 1296 1297 
2581 203 144 143 1298 
2582 203 143 1297 1298 
2583 203 145 144 1299 
2584 203 144 1298 1299 
2585 203 146 145 1300 
2586 203 145 1299 1300 
2587 203 147 146 1301 
2588 203 146 1300 1301 
2589 203 148 147 1302 
2590 203 147 1301 1302 
2591 203 149 148 1303 
2592 203 148 1302 1303 
2593 203 150 149 1304 
2594 203 149 1303 1304 
2595 203 151 150 1305 
2596 203 150 1304 1305 
2597 203 152 151 1306 
2598 203 151 1305 1306 
2599 203 153 152 1307 
2600 203 152 1306 1307 
2601 203 154 153 1308 
2602 203 153 1307 1308 
2603 203 155 154 1309 
2604 203 154 1308 1309 
2605 203 156 155 1310 
2606 203 155 1309 1310 
2607 203 157 156 1311 
2608 203 156 1310 1311 
2609 203 158 157 1312 
2610 203 157 1311 1312 
2611 203 159 158 1313 
2612 203 158 1312 1313 
2613 203 160 159 1314 
2614 203 159 1313 1314 
2615 203 161 160 1315 
2616 203 160 1314 1315 
2617 203 162 161 1316 
2618 203 161 1315 1316 
2619 203 163 162 1317 
2620 203 162 1316 1317 
2621 203 164 163 1318 
2622 203 163 1317 1318 
2623 203 165 164 1319 
2624 203 164 1318 1319 
2625 203 166 165 1320 
2626 203 165 1319 1320 
2627 203 167 166 1321 
2628 203 166 1320 1321 
2629 203 168 167 1322 
2630 203 167 1321 1322 
2631 203 169 168 1323 
2632 203 168 1322 1323 
2633 203 170 169 1324 
2634 203 169 1323 1324 
2635 203 171 170 1325 
2636 203 170 1324 1325 
2637 203 172 171 1326 
2638 203 171 1325 1326 
2639 203 173 172 1327 
2640 203 172 1326 1327 
2641 203 174 173 1328 
2642 203 173 1327 1328 
2643 203 175 174 1329 
2644 203 174 1328 1329 
2645 203 176 175 1330 
2646 203 175 1329 1330 
2647 203 177 176 1331 
2648 203 176 1330 1331 
2649 203 178 177 1332 
2650 203 177 1331 1332 
2651 203 179 178 1333 
2652 203 178 1332 1333 
2653 203 180 179 1334 
2654 203 179 1333 1334 
2655 203 181 180 1335 
2656 203 180 1334 1335 
2657 203 182 181 1336 
2658 203 181 1335 1336 
2659 203 1 182 1337 
2660 203 241 1 1337 
2661 203 182 1336 1337 
2662 203 242 241 1338 
2663 203 241 1337 1338 
2664 203 243 242 1339 
2665 203 242 1338 1339 
2666 203 244 243 1340 
2667 203 243 1339 1340 
2668 203 2 244 66 
2669 203 6 18 248 
2670 203 18 19 1341 
2671 203 20 21 1342 
2672 203 22 23 1343 
2673 203 24 25 1344 
2674 203 26 27 1345 
2675 203 28 29 1346 
2676 203 30 31 1347 
2677 203 32 33 1348 
2678 203 34 35 1349 
2679 203 36 37 1350 
2680 203 38 39 1351 
2681 203 40 41 1352 
2682 203 42 43 1353 
2683 203 44 45 1354 
2684 203 46 47 1355 
2685 203 48 49 1356 
2686 203 50 51 1357 
2687 203 52 53 1358 
2688 203 54 55 1359 
2689 203 56 57 1360 
2690 203 58 59 1361 
2691 203 60 61 1362 
2692 203 62 63 1363 
2693 203 64 65 1364 
2694 203 248 18 1341 
2695 203 245 246 1365 
2696 203 248 1341 247 
2697 203 1366 247 1341 
2698 203 1344 25 1367 
2699 203 25 26 1367 
2700 203 1342 21 1368 
2701 203 21 22 1368 
2702 203 1341 19 1369 
2703 203 1366 1341 1369 
2704 203 19 20 1369 
2705 203 20 1342 1369 
2706 203 22 1343 1368 
2707 203 23 24 1370 
2708 203 26 1345 1367 
2709 203 27 28 1371 
2710 203 29 30 1372 
2711 203 31 32 1373 
2712 203 33 34 1374 
2713 203 35 36 1375 
2714 203 37 38 1376 
2715 203 39 40 1377 
2716 203 41 42 1378 
2717 203 43 44 1379 
2718 203 45 46 1380 
2719 203 47 48 1381 
2720 203 49 50 1382 
2721 203 51 52 1383 
2722 203 53 54 1384 
2723 203 55 56 1385 
2724 203 57 58 1386 
2725 203 59 60 1387 
2726 203 61 62 1388 
2727 203 63 64 1389 
2728 203 65 66 1390 
2729 203 66 244 1340 
2730 203 246 247 1391 
2731 203 27 1371 1345 
2732 203 134 5 1365 
2733 203 1346 29 1372 
2734 203 1347 31 1373 
2735 203 1348 33 1374 
2736 203 1349 35 1375 
2737 203 1350 37 1376 
2738 203 1351 39 1377 
2739 203 1352 41 1378 
2740 203 1353 43 1379 
2741 203 1354 45 1380 
2742 203 1355 47 1381 
2743 203 1356 49 1382 
2744 203 1357 51 1383 
2745 203 1358 53 1384 
2746 203 1359 55 1385 
2747 203 1360 57 1386 
2748 203 1361 59 1387 
2749 203 1362 61 1388 
2750 203 1363 63 1389 
2751 203 1364 65 1390 
2752 203 1373 32 1348 
2753 203 1375 36 1350 
2754 203 1376 38 1351 
2755 203 1377 40 1352 
2756 203 1378 42 1353 
2757 203 1379 44 1354 
2758 203 1380 46 1355 
2759 203 1381 48 1356 
2760 203 1382 50 1357 
2761 203 1383 52 1358 
2762 203 1384 54 1359 
2763 203 1385 56 1360 
2764 203 1386 58 1361 
2765 203 1387 60 1362 
2766 203 1388 62 1363 
2767 203 1389 64 1364 
2768 203 1390 66 1340 
2769 203 246 1391 1365 
2770 203 23 1370 1343 
2771 203 1374 34 1349 
2772 203 1372 30 1347 
2773 203 1370 24 1344 
2774 203 1371 28 1346 
2775 203 1289 134 1365 
2776 203 1291 1290 1392 
2777 203 1292 1291 1393 
2778 203 1291 1392 1393 
2779 203 1293 1292 1394 
2780 203 1292 1393 1394 
2781 203 1294 1293 1395 
2782 203 1293 1394 1395 
2783 203 1295 1294 1396 
2784 203 1294 1395 1396 
2785 203 1296 1295 1397 
2786 203 1295 1396 1397 
2787 203 1297 1296 1398 
2788 203 1296 1397 1398 
2789 203 1298 1297 1399 
2790 203 1297 1398 1399 
2791 203 1299 1298 1400 
2792 203 1298 1399 1400 
2793 203 1300 1299 1401 
2794 203 1299 1400 1401 
2795 203 1301 1300 1402 
2796 203 1300 1401 1402 
2797 203 1302 1301 1403 
2798 203 1301 1402 1403 
2799 203 1303 1302 1404 
2800 203 1302 1403 1404 
2801 203 1304 1303 1405 
2802 203 1303 1404 1405 
2803 203 1305 1304 1406 
2804 203 1304 1405 1406 
2805 203 1306 1305 1407 
2806 203 1305 1406 1407 
2807 203 1307 1306 1408 
2808 203 1306 1407 1408 
2809 203 1308 1307 1409 
2810 203 1307 1408 1409 
2811 203 1309 1308 1410 
2812 203 1308 1409 1410 
2813 203 1310 1309 1411 
2814 203 1309 1410 1411 
2815 203 1311 1310 1412 
2816 203 1310 1411 1412 
2817 203 1312 1311 1413 
2818 203 1311 1412 1413 
2819 203 1313 1312 1414 
2820 203 1312 1413 1414 
2821 203 1314 1313 1415 
2822 203 1313 1414 1415 
2823 203 1315 1314 1416 
2824 203 1314 1415 1416 
2825 203 1316 1315 1417 
2826 203 1315 1416 1417 
2827 203 1317 1316 1418 
2828 203 1316 1417 1418 
2829 203 1318 1317 1419 
2830 203 1317 1418 1419 
2831 203 1319 1318 1420 
2832 203 1318 1419 1420 
2833 203 1320 1319 1421 
2834 203 1319 1420 1421 
2835 203 1321 1320 1422 
2836 203 1320 1421 1422 
2837 203 1322 1321 1423 
2838 203 1321 1422 1423 
2839 203 1323 1322 1424 
2840 203 1322 1423 1424 
2841 203 1324 1323 1425 
2842 203 1323 1424 1425 
2843 203 1325 1324 1426 
2844 203 1324 1425 1426 
2845 203 1326 1325 1427 
2846 203 1325 1426 1427 
2847 203 1327 1326 1428 
2848 203 1326 1427 1428 
2849 203 1328 1327 1429 
2850 203 1327 1428 1429 
2851 203 1329 1328 1430 
2852 203 1328 1429 1430 
2853 203 1330 1329 1431 
2854 203 1329 1430 1431 
2855 203 1331 1330 1432 
2856 203 1330 1431 1432 
2857 203 1332 1331 1433 
2858 203 1331 1432 1433 
2859 203 1333 1332 1434 
2860 203 1332 1433 1434 
2861 203 1334 1333 1435 
2862 203 1333 1434 1435 
2863 203 1335 1334 1436 
2864 203 1334 1435 1436 
2865 203 1336 1335 1437 
2866 203 1335 1436 1437 
2867 203 1337 1336 1438 
2868 203 1338 1337 1438 
2869 203 1336 1437 1438 
2870 203 1339 1338 1439 
2871 203 1338 1438 1439 
2872 203 1340 1339 1440 
2873 203 1390 1340 1440 
2874 203 1339 1439 1440 
2875 203 1374 1349 1441 
2876 203 1368 1343 1442 
2877 203 1369 1342 1443 
2878 203 1366 1369 1443 
2879 203 1371 1346 1444 
2880 203 1367 1345 1445 
2881 203 1342 1368 1446 
2882 203 1368 1442 1446 
2883 203 1365 1391 1289 
2884 203 1347 1373 1448 
2885 203 1370 1344 1449 
2886 203 1348 1374 1450 
2887 203 1374 1441 1450 
2888 203 1375 1350 1451 
2889 203 1349 1375 1452 
2890 203 1441 1349 1452 
2891 203 1375 1451 1452 
2892 203 1372 1347 1453 
2893 203 1347 1448 1453 
2894 203 1376 1351 1454 
2895 203 1377 1352 1455 
2896 203 1378 1353 1456 
2897 203 1379 1354 1457 
2898 203 1380 1355 1458 
2899 203 1381 1356 1459 
2900 203 1382 1357 1460 
2901 203 1383 1358 1461 
2902 203 1384 1359 1462 
2903 203 1385 1360 1463 
2904 203 1386 1361 1464 
2905 203 1387 1362 1465 
2906 203 1388 1363 1466 
2907 203 1389 1364 1467 
2908 203 1364 1390 1468 
2909 203 1467 1364 1468 
2910 203 1390 1440 1468 
2911 203 1373 1348 1469 
2912 203 1348 1450 1469 
2913 203 1344 1367 1470 
2914 203 1449 1344 1470 
2915 203 1367 1445 1470 
2916 203 1447 1289 1391 
2917 203 1343 1370 1471 
2918 203 1442 1343 1471 
2919 203 1370 1449 1471 
2920 203 1391 247 1366 
2921 203 1345 1371 1472 
2922 203 1445 1345 1472 
2923 203 1371 1444 1472 
2924 203 1346 1372 1473 
2925 203 1372 1453 1473 
2926 203 1290 1289 1447 
2927 203 1391 1366 1447 
2928 203 1392 1290 1447 
2929 203 1443 1342 1446 
2930 203 1447 1366 1443 
2931 203 1346 1473 1444 
2932 203 1448 1373 1469 
2933 203 1451 1350 1474 
2934 203 1350 1376 1474 
2935 203 1351 1377 1475 
2936 203 1352 1378 1476 
2937 203 1353 1379 1477 
2938 203 1354 1380 1478 
2939 203 1355 1381 1479 
2940 203 1356 1382 1480 
2941 203 1357 1383 1481 
2942 203 1358 1384 1482 
2943 203 1359 1385 1483 
2944 203 1360 1386 1484 
2945 203 1361 1387 1485 
2946 203 1362 1388 1486 
2947 203 1363 1389 1487 
2948 203 1487 1389 1467 
2949 203 1485 1387 1465 
2950 203 1483 1385 1463 
2951 203 1482 1384 1462 
2952 203 1481 1383 1461 
2953 203 1466 1363 1487 
2954 203 1465 1362 1486 
2955 203 1464 1361 1485 
2956 203 1463 1360 1484 
2957 203 1462 1359 1483 
2958 203 1461 1358 1482 
2959 203 1460 1357 1481 
2960 203 1459 1356 1480 
2961 203 1458 1355 1479 
2962 203 1457 1354 1478 
2963 203 1456 1353 1477 
2964 203 1479 1381 1459 
2965 203 1478 1380 1458 
2966 203 1486 1388 1466 
2967 203 1484 1386 1464 
2968 203 1477 1379 1457 
2969 203 1476 1378 1456 
2970 203 1474 1376 1454 
2971 203 1480 1382 1460 
2972 203 1475 1377 1455 
2973 203 1351 1475 1454 
2974 203 1352 1476 1455 
2975 203 1450 1441 1488 
2976 203 1443 1446 1489 
2977 203 1395 1394 1490 
2978 203 1397 1396 1491 
2979 203 1399 1398 1492 
2980 203 1401 1400 1493 
2981 203 1403 1402 1494 
2982 203 1406 1405 1488 
2983 203 1407 1406 1495 
2984 203 1406 1488 1495 
2985 203 1408 1407 1496 
2986 203 1410 1409 1497 
2987 203 1412 1411 1498 
2988 203 1414 1413 1499 
2989 203 1416 1415 1500 
2990 203 1418 1417 1501 
2991 203 1420 1419 1502 
2992 203 1422 1421 1503 
2993 203 1424 1423 1504 
2994 203 1426 1425 1505 
2995 203 1428 1427 1506 
2996 203 1430 1429 1507 
2997 203 1432 1431 1508 
2998 203 1434 1433 1509 
2999 203 1436 1435 1510 
3000 203 1437 1436 1468 
3001 203 1440 1439 1468 
3002 203 1444 1473 1493 
3003 203 1393 1392 1489 
3004 203 1480 1460 1503 
3005 203 1474 1454 1497 
3006 203 1479 1459 1502 
3007 203 1476 1456 1499 
3008 203 1486 1466 1509 
3009 203 1478 1458 1501 
3010 203 1458 1479 1511 
3011 203 1501 1458 1511 
3012 203 1479 1502 1511 
3013 203 1475 1455 1498 
3014 203 1459 1480 1512 
3015 203 1480 1503 1512 
3016 203 1481 1461 1504 
3017 203 1482 1462 1505 
3018 203 1477 1457 1500 
3019 203 1483 1463 1506 
3020 203 1484 1464 1507 
3021 203 1485 1465 1508 
3022 203 1453 1448 1494 
3023 203 1451 1474 1513 
3024 203 1474 1497 1513 
3025 203 1498 1411 1514 
3026 203 1475 1498 1514 
3027 203 1411 1410 1514 
3028 203 1394 1393 1515 
3029 203 1396 1395 1516 
3030 203 1398 1397 1517 
3031 203 1401 1493 1518 
3032 203 1402 1401 1518 
3033 203 1493 1473 1518 
3034 203 1400 1399 1519 
3035 203 1403 1494 1520 
3036 203 1404 1403 1520 
3037 203 1494 1448 1520 
3038 203 1519 1399 1492 
3039 203 1408 1496 1513 
3040 203 1405 1404 1521 
3041 203 1407 1495 1496 
3042 203 1410 1497 1514 
3043 203 1409 1408 1513 
3044 203 1412 1498 1522 
3045 203 1413 1412 1522 
3046 203 1498 1455 1522 
3047 203 1394 1515 1490 
3048 203 1414 1499 1523 
3049 203 1415 1414 1523 
3050 203 1499 1456 1523 
3051 203 1416 1500 1524 
3052 203 1417 1416 1524 
3053 203 1500 1457 1524 
3054 203 1524 1457 1478 
3055 203 1418 1501 1511 
3056 203 1420 1502 1512 
3057 203 1419 1418 1511 
3058 203 1422 1503 1525 
3059 203 1423 1422 1525 
3060 203 1503 1460 1525 
3061 203 1421 1420 1512 
3062 203 1424 1504 1526 
3063 203 1425 1424 1526 
3064 203 1504 1461 1526 
3065 203 1426 1505 1527 
3066 203 1427 1426 1527 
3067 203 1505 1462 1527 
3068 203 1527 1462 1483 
3069 203 1428 1506 1528 
3070 203 1429 1428 1528 
3071 203 1506 1463 1528 
3072 203 1430 1507 1529 
3073 203 1431 1430 1529 
3074 203 1507 1464 1529 
3075 203 1529 1464 1485 
3076 203 1432 1508 1530 
3077 203 1433 1432 1530 
3078 203 1508 1465 1530 
3079 203 1434 1509 1531 
3080 203 1435 1434 1531 
3081 203 1509 1466 1531 
3082 203 1531 1466 1487 
3083 203 1438 1437 1439 
3084 203 1497 1409 1513 
3085 203 1400 1519 1493 
3086 203 1488 1405 1521 
3087 203 1494 1402 1518 
3088 203 1492 1398 1517 
3089 203 1446 1442 1515 
3090 203 1393 1489 1515 
3091 203 1473 1453 1518 
3092 203 1448 1469 1520 
3093 203 1392 1447 1443 
3094 203 1481 1504 1525 
3095 203 1442 1471 1490 
3096 203 1475 1514 1454 
3097 203 1491 1396 1516 
3098 203 1449 1470 1491 
3099 203 1415 1523 1500 
3100 203 1441 1452 1495 
3101 203 1450 1488 1521 
3102 203 1455 1476 1522 
3103 203 1489 1446 1515 
3104 203 1488 1441 1495 
3105 203 1518 1453 1494 
3106 203 1476 1499 1522 
3107 203 1486 1509 1530 
3108 203 1456 1477 1523 
3109 203 1478 1501 1524 
3110 203 1423 1525 1504 
3111 203 1425 1526 1505 
3112 203 1459 1512 1502 
3113 203 1427 1527 1506 
3114 203 1439 1437 1468 
3115 203 1516 1395 1490 
3116 203 1449 1491 1516 
3117 203 1413 1522 1499 
3118 203 1392 1443 1489 
3119 203 1404 1520 1521 
3120 203 1419 1511 1502 
3121 203 1525 1460 1481 
3122 203 1526 1461 1482 
3123 203 1528 1463 1484 
3124 203 1530 1465 1486 
3125 203 1515 1442 1490 
3126 203 1526 1482 1505 
3127 203 1454 1514 1497 
3128 203 1450 1521 1469 
3129 203 1523 1477 1500 
3130 203 1528 1484 1507 
3131 203 1429 1528 1507 
3132 203 1483 1506 1527 
3133 203 1433 1530 1509 
3134 203 1485 1508 1529 
3135 203 1487 1467 1510 
3136 203 1451 1513 1496 
3137 203 1470 1445 1517 
3138 203 1469 1521 1520 
3139 203 1471 1449 1516 
3140 203 1421 1512 1503 
3141 203 1472 1444 1519 
3142 203 1445 1472 1492 
3143 203 1510 1435 1531 
3144 203 1517 1397 1491 
3145 203 1487 1510 1531 
3146 203 1431 1529 1508 
3147 203 1417 1524 1501 
3148 203 1444 1493 1519 
3149 203 1452 1451 1496 
3150 203 1517 1445 1492 
3151 203 1470 1517 1491 
3152 203 1496 1495 1452 
3153 203 1516 1490 1471 
3154 203 1492 1472 1519 
3155 203 1510 1467 1436 
3156 203 1468 1436 1467 
3157 203 7 192 253 
3158 203 192 193 1532 
3159 203 194 195 1533 
3160 203 196 197 1534 
3161 203 198 199 1535 
3162 203 200 201 1536 
3163 203 202 203 1537 
3164 203 204 205 1538 
3165 203 206 207 1539 
3166 203 208 209 1540 
3167 203 210 211 1541 
3168 203 212 213 1542 
3169 203 214 215 1543 
3170 203 216 217 1544 
3171 203 218 219 1545 
3172 203 220 221 1546 
3173 203 222 223 1547 
3174 203 224 225 1548 
3175 203 226 227 1549 
3176 203 228 229 1550 
3177 203 230 231 1551 
3178 203 232 233 1552 
3179 203 234 235 1553 
3180 203 236 237 1554 
3181 203 238 239 1555 
3182 203 240 3 249 
3183 203 249 250 1556 
3184 203 251 252 1557 
3185 203 252 4 1558 
3186 203 1557 252 1558 
3187 203 4 124 1558 
3188 203 76 8 256 
3189 203 77 76 1559 
3190 203 78 77 1560 
3191 203 77 1559 1560 
3192 203 79 78 1561 
3193 203 78 1560 1561 
3194 203 80 79 1562 
3195 203 79 1561 1562 
3196 203 81 80 1563 
3197 203 80 1562 1563 
3198 203 82 81 1564 
3199 203 81 1563 1564 
3200 203 83 82 1565 
3201 203 82 1564 1565 
3202 203 84 83 1566 
3203 203 83 1565 1566 
3204 203 85 84 1567 
3205 203 84 1566 1567 
3206 203 86 85 1568 
3207 203 85 1567 1568 
3208 203 87 86 1569 
3209 203 86 1568 1569 
3210 203 88 87 1570 
3211 203 87 1569 1570 
3212 203 89 88 1571 
3213 203 88 1570 1571 
3214 203 90 89 1572 
3215 203 89 1571 1572 
3216 203 91 90 1573 
3217 203 90 1572 1573 
3218 203 92 91 1574 
3219 203 91 1573 1574 
3220 203 93 92 1575 
3221 203 92 1574 1575 
3222 203 94 93 1576 
3223 203 93 1575 1576 
3224 203 95 94 1577 
3225 203 94 1576 1577 
3226 203 96 95 1578 
3227 203 95 1577 1578 
3228 203 97 96 1579 
3229 203 96 1578 1579 
3230 203 98 97 1580 
3231 203 97 1579 1580 
3232 203 99 98 1581 
3233 203 98 1580 1581 
3234 203 100 99 1582 
3235 203 99 1581 1582 
3236 203 101 100 1583 
3237 203 100 1582 1583 
3238 203 102 101 1584 
3239 203 101 1583 1584 
3240 203 103 102 1585 
3241 203 102 1584 1585 
3242 203 104 103 1586 
3243 203 103 1585 1586 
3244 203 105 104 1587 
3245 203 104 1586 1587 
3246 203 106 105 1588 
3247 203 105 1587 1588 
3248 203 107 106 1589 
3249 203 106 1588 1589 
3250 203 108 107 1590 
3251 203 107 1589 1590 
3252 203 109 108 1591 
3253 203 108 1590 1591 
3254 203 110 109 1592 
3255 203 109 1591 1592 
3256 203 111 110 1593 
3257 203 110 1592 1593 
3258 203 112 111 1594 
3259 203 111 1593 1594 
3260 203 113 112 1595 
3261 203 112 1594 1595 
3262 203 114 113 1596 
3263 203 113 1595 1596 
3264 203 115 114 1597 
3265 203 114 1596 1597 
3266 203 116 115 1598 
3267 203 115 1597 1598 
3268 203 117 116 1599 
3269 203 116 1598 1599 
3270 203 118 117 1600 
3271 203 117 1599 1600 
3272 203 119 118 1601 
3273 203 118 1600 1601 
3274 203 120 119 1602 
3275 203 119 1601 1602 
3276 203 121 120 1603 
3277 203 120 1602 1603 
3278 203 122 121 1604 
3279 203 121 1603 1604 
3280 203 123 122 1605 
3281 203 122 1604 1605 
3282 203 124 123 1606 
3283 203 1558 124 1606 
3284 203 123 1605 1606 
3285 203 76 256 1559 
3286 203 254 253 1607 
3287 203 255 254 1608 
3288 203 254 1607 1608 
3289 203 256 255 1609 
3290 203 1559 256 1609 
3291 203 255 1608 1609 
3292 203 240 249 1556 
3293 203 193 194 1610 
3294 203 195 196 1611 
3295 203 197 198 1612 
3296 203 199 200 1613 
3297 203 201 202 1614 
3298 203 203 204 1615 
3299 203 205 206 1616 
3300 203 207 208 1617 
3301 203 209 210 1618 
3302 203 211 212 1619 
3303 203 213 214 1620 
3304 203 215 216 1621 
3305 203 217 218 1622 
3306 203 219 220 1623 
3307 203 221 222 1624 
3308 203 223 224 1625 
3309 203 225 226 1626 
3310 203 227 228 1627 
3311 203 229 230 1628 
3312 203 231 232 1629 
3313 203 233 234 1630 
3314 203 235 236 1631 
3315 203 237 238 1632 
3316 203 1610 194 1533 
3317 203 239 240 1633 
3318 203 193 1610 1532 
3319 203 250 251 1634 
3320 203 1614 202 1537 
3321 203 1613 200 1536 
3322 203 1612 198 1535 
3323 203 1611 196 1534 
3324 203 253 192 1532 
3325 203 1533 195 1611 
3326 203 1534 197 1612 
3327 203 1535 199 1613 
3328 203 1536 201 1614 
3329 203 1537 203 1615 
3330 203 1538 205 1616 
3331 203 1539 207 1617 
3332 203 1540 209 1618 
3333 203 1541 211 1619 
3334 203 1542 213 1620 
3335 203 1543 215 1621 
3336 203 1544 217 1622 
3337 203 1545 219 1623 
3338 203 1546 221 1624 
3339 203 1547 223 1625 
3340 203 1548 225 1626 
3341 203 1549 227 1627 
3342 203 1550 229 1628 
3343 203 1551 231 1629 
3344 203 1552 233 1630 
3345 203 1553 235 1631 
3346 203 1554 237 1632 
3347 203 1555 239 1633 
3348 203 1615 204 1538 
3349 203 1616 206 1539 
3350 203 1617 208 1540 
3351 203 1618 210 1541 
3352 203 1619 212 1542 
3353 203 1620 214 1543 
3354 203 1621 216 1544 
3355 203 1622 218 1545 
3356 203 1623 220 1546 
3357 203 1624 222 1547 
3358 203 1625 224 1548 
3359 203 1626 226 1549 
3360 203 1627 228 1550 
3361 203 1628 230 1551 
3362 203 1629 232 1552 
3363 203 1630 234 1553 
3364 203 1631 236 1554 
3365 203 1632 238 1555 
3366 203 250 1634 1556 
3367 203 1634 251 1557 
3368 203 1615 1538 1635 
3369 203 1534 1612 1636 
3370 203 253 1532 1607 
3371 203 1535 1613 1637 
3372 203 1611 1534 1638 
3373 203 1534 1636 1638 
3374 203 1536 1614 1639 
3375 203 1612 1535 1640 
3376 203 1636 1612 1640 
3377 203 1535 1637 1640 
3378 203 1537 1615 1641 
3379 203 1615 1635 1641 
3380 203 1613 1536 1642 
3381 203 1637 1613 1642 
3382 203 1536 1639 1642 
3383 203 1616 1539 1643 
3384 203 1617 1540 1644 
3385 203 1618 1541 1645 
3386 203 1619 1542 1646 
3387 203 1620 1543 1647 
3388 203 1621 1544 1648 
3389 203 1622 1545 1649 
3390 203 1623 1546 1650 
3391 203 1624 1547 1651 
3392 203 1625 1548 1652 
3393 203 1626 1549 1653 
3394 203 1627 1550 1654 
3395 203 1628 1551 1655 
3396 203 1629 1552 1656 
3397 203 1630 1553 1657 
3398 203 1631 1554 1658 
3399 203 1632 1555 1659 
3400 203 1556 1634 1660 
3401 203 1610 1533 1661 
3402 203 1633 240 1556 
3403 203 1532 1610 1662 
3404 203 1610 1661 1662 
3405 203 1614 1537 1663 
3406 203 1639 1614 1663 
3407 203 1537 1641 1663 
3408 203 1558 1606 1557 
3409 203 1664 1557 1606 
3410 203 1561 1560 1665 
3411 203 1562 1561 1666 
3412 203 1561 1665 1666 
3413 203 1563 1562 1667 
3414 203 1562 1666 1667 
3415 203 1564 1563 1668 
3416 203 1563 1667 1668 
3417 203 1565 1564 1669 
3418 203 1564 1668 1669 
3419 203 1566 1565 1670 
3420 203 1565 1669 1670 
3421 203 1567 1566 1671 
3422 203 1566 1670 1671 
3423 203 1568 1567 1672 
3424 203 1567 1671 1672 
3425 203 1569 1568 1673 
3426 203 1568 1672 1673 
3427 203 1570 1569 1674 
3428 203 1569 1673 1674 
3429 203 1571 1570 1675 
3430 203 1570 1674 1675 
3431 203 1572 1571 1676 
3432 203 1571 1675 1676 
3433 203 1573 1572 1677 
3434 203 1572 1676 1677 
3435 203 1574 1573 1678 
3436 203 1573 1677 1678 
3437 203 1575 1574 1679 
3438 203 1574 1678 1679 
3439 203 1576 1575 1680 
3440 203 1575 1679 1680 
3441 203 1577 1576 1681 
3442 203 1576 1680 1681 
3443 203 1578 1577 1682 
3444 203 1577 1681 1682 
3445 203 1579 1578 1683 
3446 203 1578 1682 1683 
3447 203 1580 1579 1684 
3448 203 1579 1683 1684 
3449 203 1581 1580 1685 
3450 203 1580 1684 1685 
3451 203 1582 1581 1686 
3452 203 1581 1685 1686 
3453 203 1583 1582 1687 
3454 203 1582 1686 1687 
3455 203 1584 1583 1688 
3456 203 1583 1687 1688 
3457 203 1585 1584 1689 
3458 203 1584 1688 1689 
3459 203 1586 1585 1690 
3460 203 1585 1689 1690 
3461 203 1587 1586 1691 
3462 203 1586 1690 1691 
3463 203 1588 1587 1692 
3464 203 1587 1691 1692 
3465 203 1589 1588 1693 
3466 203 1588 1692 1693 
3467 203 1590 1589 1694 
3468 203 1589 1693 1694 
3469 203 1591 1590 1695 
3470 203 1590 1694 1695 
3471 203 1592 1591 1696 
3472 203 1591 1695 1696 
3473 203 1593 1592 1697 
3474 203 1592 1696 1697 
3475 203 1594 1593 1698 
3476 203 1593 1697 1698 
3477 203 1595 1594 1699 
3478 203 1594 1698 1699 
3479 203 1596 1595 1700 
3480 203 1595 1699 1700 
3481 203 1597 1596 1701 
3482 203 1596 1700 1701 
3483 203 1598 1597 1702 
3484 203 1597 1701 1702 
3485 203 1599 1598 1703 
3486 203 1598 1702 1703 
3487 203 1600 1599 1704 
3488 203 1599 1703 1704 
3489 203 1601 1600 1705 
3490 203 1600 1704 1705 
3491 203 1602 1601 1706 
3492 203 1601 1705 1706 
3493 203 1603 1602 1707 
3494 203 1602 1706 1707 
3495 203 1604 1603 1708 
3496 203 1603 1707 1708 
3497 203 1605 1604 1709 
3498 203 1604 1708 1709 
3499 203 1533 1611 1710 
3500 203 1611 1638 1710 
3501 203 1560 1559 1711 
3502 203 1665 1560 1711 
3503 203 1559 1609 1711 
3504 203 1607 1532 1662 
3505 203 1633 1556 1660 
3506 203 1643 1539 1712 
3507 203 1539 1617 1712 
3508 203 1645 1541 1713 
3509 203 1541 1619 1713 
3510 203 1538 1616 1714 
3511 203 1617 1644 1712 
3512 203 1540 1618 1715 
3513 203 1619 1646 1713 
3514 203 1538 1714 1635 
3515 203 1542 1620 1716 
3516 203 1543 1621 1717 
3517 203 1544 1622 1718 
3518 203 1545 1623 1719 
3519 203 1546 1624 1720 
3520 203 1547 1625 1721 
3521 203 1548 1626 1722 
3522 203 1549 1627 1723 
3523 203 1550 1628 1724 
3524 203 1551 1629 1725 
3525 203 1552 1630 1726 
3526 203 1553 1631 1727 
3527 203 1554 1632 1728 
3528 203 1555 1633 1660 
3529 203 1540 1715 1644 
3530 203 1634 1557 1664 
3531 203 1542 1716 1646 
3532 203 1719 1623 1650 
3533 203 1607 1662 1608 
3534 203 1533 1710 1661 
3535 203 1606 1605 1664 
3536 203 1609 1608 1729 
3537 203 1711 1609 1729 
3538 203 1608 1662 1729 
3539 203 1728 1632 1659 
3540 203 1727 1631 1658 
3541 203 1726 1630 1657 
3542 203 1725 1629 1656 
3543 203 1724 1628 1655 
3544 203 1723 1627 1654 
3545 203 1722 1626 1653 
3546 203 1721 1625 1652 
3547 203 1720 1624 1651 
3548 203 1664 1605 1709 
3549 203 1660 1634 1664 
3550 203 1659 1555 1660 
3551 203 1658 1554 1728 
3552 203 1657 1553 1727 
3553 203 1656 1552 1726 
3554 203 1655 1551 1725 
3555 203 1654 1550 1724 
3556 203 1653 1549 1723 
3557 203 1652 1548 1722 
3558 203 1651 1547 1721 
3559 203 1650 1546 1720 
3560 203 1649 1545 1719 
3561 203 1648 1544 1718 
3562 203 1647 1543 1717 
3563 203 1718 1622 1649 
3564 203 1714 1616 1643 
3565 203 1715 1618 1645 
3566 203 1717 1621 1648 
3567 203 1716 1620 1647 
3568 203 1641 1635 1730 
3569 203 1715 1645 1731 
3570 203 1659 1660 1709 
3571 203 1712 1644 1732 
3572 203 1709 1660 1664 
3573 203 1717 1648 1733 
3574 203 1713 1646 1734 
3575 203 1718 1649 1735 
3576 203 1716 1647 1736 
3577 203 1647 1717 1737 
3578 203 1736 1647 1737 
3579 203 1717 1733 1737 
3580 203 1714 1643 1738 
3581 203 1648 1718 1739 
3582 203 1733 1648 1739 
3583 203 1718 1735 1739 
3584 203 1650 1720 1740 
3585 203 1651 1721 1741 
3586 203 1652 1722 1742 
3587 203 1653 1723 1743 
3588 203 1654 1724 1744 
3589 203 1655 1725 1745 
3590 203 1656 1726 1746 
3591 203 1657 1727 1747 
3592 203 1658 1728 1748 
3593 203 1643 1712 1749 
3594 203 1738 1643 1749 
3595 203 1712 1732 1749 
3596 203 1662 1661 1729 
3597 203 1666 1665 1750 
3598 203 1668 1667 1751 
3599 203 1670 1669 1752 
3600 203 1672 1671 1753 
3601 203 1675 1674 1730 
3602 203 1677 1676 1738 
3603 203 1678 1677 1749 
3604 203 1679 1678 1732 
3605 203 1681 1680 1731 
3606 203 1682 1681 1754 
3607 203 1681 1731 1754 
3608 203 1683 1682 1734 
3609 203 1685 1684 1736 
3610 203 1686 1685 1737 
3611 203 1687 1686 1733 
3612 203 1688 1687 1739 
3613 203 1689 1688 1735 
3614 203 1690 1689 1755 
3615 203 1689 1735 1755 
3616 203 1691 1690 1756 
3617 203 1690 1755 1756 
3618 203 1692 1691 1740 
3619 203 1694 1693 1741 
3620 203 1695 1694 1757 
3621 203 1694 1741 1757 
3622 203 1696 1695 1742 
3623 203 1698 1697 1743 
3624 203 1700 1699 1744 
3625 203 1702 1701 1745 
3626 203 1703 1702 1758 
3627 203 1702 1745 1758 
3628 203 1704 1703 1746 
3629 203 1705 1704 1759 
3630 203 1704 1746 1759 
3631 203 1706 1705 1747 
3632 203 1707 1706 1760 
3633 203 1706 1747 1760 
3634 203 1708 1707 1748 
3635 203 1646 1716 1761 
3636 203 1734 1646 1761 
3637 203 1716 1736 1761 
3638 203 1644 1715 1762 
3639 203 1732 1644 1762 
3640 203 1715 1731 1762 
3641 203 1661 1710 1750 
3642 203 1719 1650 1756 
3643 203 1638 1636 1751 
3644 203 1661 1750 1729 
3645 203 1659 1709 1763 
3646 203 1751 1667 1764 
3647 203 1638 1751 1764 
3648 203 1667 1666 1764 
3649 203 1635 1714 1765 
3650 203 1665 1711 1729 
3651 203 1750 1710 1764 
3652 203 1642 1639 1753 
3653 203 1735 1649 1755 
3654 203 1645 1713 1754 
3655 203 1713 1734 1754 
3656 203 1650 1740 1756 
3657 203 1731 1645 1754 
3658 203 1730 1635 1765 
3659 203 1641 1730 1766 
3660 203 1663 1641 1766 
3661 203 1730 1674 1766 
3662 203 1741 1721 1757 
3663 203 1728 1659 1763 
3664 203 1649 1719 1755 
3665 203 1714 1738 1765 
3666 203 1651 1741 1767 
3667 203 1720 1651 1767 
3668 203 1741 1693 1767 
3669 203 1652 1742 1757 
3670 203 1721 1652 1757 
3671 203 1653 1743 1768 
3672 203 1722 1653 1768 
3673 203 1743 1697 1768 
3674 203 1654 1744 1769 
3675 203 1723 1654 1769 
3676 203 1744 1699 1769 
3677 203 1655 1745 1770 
3678 203 1724 1655 1770 
3679 203 1745 1701 1770 
3680 203 1656 1746 1758 
3681 203 1725 1656 1758 
3682 203 1657 1747 1759 
3683 203 1726 1657 1759 
3684 203 1658 1748 1760 
3685 203 1727 1658 1760 
3686 203 1639 1663 1771 
3687 203 1753 1639 1771 
3688 203 1663 1766 1771 
3689 203 1764 1666 1750 
3690 203 1750 1665 1729 
3691 203 1668 1751 1772 
3692 203 1669 1668 1772 
3693 203 1751 1636 1772 
3694 203 1740 1720 1767 
3695 203 1672 1753 1771 
3696 203 1671 1670 1773 
3697 203 1675 1730 1765 
3698 203 1673 1672 1771 
3699 203 1674 1673 1766 
3700 203 1677 1738 1749 
3701 203 1676 1675 1765 
3702 203 1678 1749 1732 
3703 203 1679 1732 1762 
3704 203 1683 1734 1761 
3705 203 1680 1679 1762 
3706 203 1682 1754 1734 
3707 203 1685 1736 1737 
3708 203 1684 1683 1761 
3709 203 1686 1737 1733 
3710 203 1687 1733 1739 
3711 203 1688 1739 1735 
3712 203 1691 1756 1740 
3713 203 1692 1740 1767 
3714 203 1692 1767 1693 
3715 203 1696 1742 1768 
3716 203 1696 1768 1697 
3717 203 1695 1757 1742 
3718 203 1698 1743 1769 
3719 203 1700 1744 1770 
3720 203 1699 1698 1769 
3721 203 1701 1700 1770 
3722 203 1703 1758 1746 
3723 203 1705 1759 1747 
3724 203 1707 1760 1748 
3725 203 1680 1762 1731 
3726 203 1709 1708 1763 
3727 203 1710 1638 1764 
3728 203 1723 1769 1743 
3729 203 1724 1770 1744 
3730 203 1684 1761 1736 
3731 203 1673 1771 1766 
3732 203 1719 1756 1755 
3733 203 1676 1765 1738 
3734 203 1722 1768 1742 
3735 203 1753 1671 1773 
3736 203 1747 1727 1760 
3737 203 1746 1726 1759 
3738 203 1745 1725 1758 
3739 203 1640 1637 1752 
3740 203 1669 1772 1752 
3741 203 1772 1636 1640 
3742 203 1752 1637 1773 
3743 203 1773 1670 1752 
3744 203 1773 1637 1642 
3745 203 1773 1642 1753 
3746 203 1772 1640 1752 
3747 203 1708 1748 1763 
3748 203 1728 1763 1748 
3749 203 249 3 183 
3750 203 250 249 1774 
3751 203 251 250 1775 
3752 203 250 1774 1775 
3753 203 252 251 1776 
3754 203 251 1775 1776 
3755 203 4 252 1777 
3756 203 67 4 1777 
3757 203 252 1776 1777 
3758 203 68 67 1778 
3759 203 67 1777 1778 
3760 203 69 68 1779 
3761 203 68 1778 1779 
3762 203 70 69 1780 
3763 203 69 1779 1780 
3764 203 71 70 1781 
3765 203 70 1780 1781 
3766 203 72 71 1782 
3767 203 71 1781 1782 
3768 203 73 72 1783 
3769 203 72 1782 1783 
3770 203 74 73 1784 
3771 203 73 1783 1784 
3772 203 75 74 1785 
3773 203 74 1784 1785 
3774 203 2 75 244 
3775 203 1 241 191 
3776 203 241 242 1786 
3777 203 243 244 1787 
3778 203 191 241 1786 
3779 203 183 184 1788 
3780 203 185 186 1789 
3781 203 187 188 1790 
3782 203 189 190 1791 
3783 203 190 191 1792 
3784 203 1791 190 1792 
3785 203 191 1786 1792 
3786 203 1790 188 1793 
3787 203 188 189 1793 
3788 203 1789 186 1794 
3789 203 186 187 1794 
3790 203 242 243 1795 
3791 203 244 75 1785 
3792 203 184 185 1796 
3793 203 187 1790 1794 
3794 203 242 1795 1786 
3795 203 189 1791 1793 
3796 203 249 183 1788 
3797 203 184 1796 1788 
3798 203 1795 243 1787 
3799 203 244 1785 1787 
3800 203 1796 185 1789 
3801 203 1774 249 1788 
3802 203 1776 1775 1797 
3803 203 1777 1776 1798 
3804 203 1778 1777 1798 
3805 203 1776 1797 1798 
3806 203 1779 1778 1799 
3807 203 1778 1798 1799 
3808 203 1780 1779 1800 
3809 203 1779 1799 1800 
3810 203 1781 1780 1801 
3811 203 1780 1800 1801 
3812 203 1782 1781 1802 
3813 203 1781 1801 1802 
3814 203 1783 1782 1803 
3815 203 1782 1802 1803 
3816 203 1784 1783 1804 
3817 203 1783 1803 1804 
3818 203 1785 1784 1805 
3819 203 1787 1785 1805 
3820 203 1784 1804 1805 
3821 203 1796 1789 1806 
3822 203 1793 1791 1807 
3823 203 1790 1793 1808 
3824 203 1793 1807 1808 
3825 203 1795 1787 1809 
3826 203 1787 1805 1809 
3827 203 1774 1788 1810 
3828 203 1794 1790 1811 
3829 203 1790 1808 1811 
3830 203 1789 1794 1812 
3831 203 1794 1811 1812 
3832 203 1788 1796 1810 
3833 203 1810 1797 1774 
3834 203 1775 1774 1797 
3835 203 1796 1806 1810 
3836 203 1786 1795 1813 
3837 203 1807 1791 1813 
3838 203 1789 1812 1806 
3839 203 1813 1791 1792 
3840 203 1813 1795 1809 
3841 203 1808 1807 1814 
3842 203 1807 1813 1815 
3843 203 1814 1807 1815 
3844 203 1813 1809 1815 
3845 203 1799 1798 1816 
3846 203 1798 1797 1816 
3847 203 1800 1799 1817 
3848 203 1799 1816 1817 
3849 203 1801 1800 1818 
3850 203 1800 1817 1818 
3851 203 1803 1802 1814 
3852 203 1804 1803 1815 
3853 203 1806 1812 1817 
3854 203 1813 1792 1786 
3855 203 1805 1804 1809 
3856 203 1810 1806 1816 
3857 203 1812 1811 1818 
3858 203 1797 1810 1816 
3859 203 1815 1803 1814 
3860 203 1802 1801 1819 
3861 203 1814 1802 1819 
3862 203 1801 1818 1819 
3863 203 1806 1817 1816 
3864 203 1815 1809 1804 
3865 203 1808 1814 1819 
3866 203 1817 1812 1818 
3867 203 1811 1808 1819 
3868 203 1818 1811 1819 
3869 203 7 253 125 
3870 203 253 254 1820 
3871 203 255 256 1821 
3872 203 256 8 1822 
3873 203 1821 256 1822 
3874 203 8 9 1822 
3875 203 9 10 1822 
3876 203 10 11 1823 
3877 203 12 13 1824 
3878 203 14 15 1825 
3879 203 16 17 1826 
3880 203 17 6 1827 
3881 203 1826 17 1827 
3882 203 6 248 1827 
3883 203 245 5 133 
3884 203 246 245 1828 
3885 203 247 246 1829 
3886 203 246 1828 1829 
3887 203 248 247 1830 
3888 203 1827 248 1830 
3889 203 247 1829 1830 
3890 203 245 133 1828 
3891 203 126 125 1831 
3892 203 127 126 1832 
3893 203 126 1831 1832 
3894 203 128 127 1833 
3895 203 127 1832 1833 
3896 203 129 128 1834 
3897 203 128 1833 1834 
3898 203 130 129 1835 
3899 203 129 1834 1835 
3900 203 131 130 1836 
3901 203 130 1835 1836 
3902 203 132 131 1837 
3903 203 131 1836 1837 
3904 203 133 132 1838 
3905 203 1828 133 1838 
3906 203 132 1837 1838 
3907 203 254 255 1839 
3908 203 1825 15 1840 
3909 203 15 16 1840 
3910 203 1822 10 1841 
3911 203 1821 1822 1841 
3912 203 10 1823 1841 
3913 203 1823 11 1842 
3914 203 11 12 1842 
3915 203 12 1824 1842 
3916 203 13 14 1843 
3917 203 16 1826 1840 
3918 203 254 1839 1820 
3919 203 1839 255 1821 
3920 203 125 253 1820 
3921 203 1824 13 1843 
3922 203 1843 14 1825 
3923 203 1839 1821 1844 
3924 203 1821 1841 1844 
3925 203 125 1820 1831 
3926 203 1825 1840 1845 
3927 203 1843 1825 1846 
3928 203 1825 1845 1846 
3929 203 1842 1824 1847 
3930 203 1831 1820 1848 
3931 203 1827 1830 1826 
3932 203 1849 1826 1830 
3933 203 1824 1843 1850 
3934 203 1843 1846 1850 
3935 203 1833 1832 1851 
3936 203 1834 1833 1852 
3937 203 1833 1851 1852 
3938 203 1835 1834 1853 
3939 203 1834 1852 1853 
3940 203 1836 1835 1854 
3941 203 1835 1853 1854 
3942 203 1837 1836 1855 
3943 203 1836 1854 1855 
3944 203 1820 1839 1848 
3945 203 1823 1842 1856 
3946 203 1842 1847 1856 
3947 203 1829 1828 1857 
3948 203 1828 1838 1857 
3949 203 1832 1831 1848 
3950 203 1837 1855 1838 
3951 203 1847 1824 1850 
3952 203 1841 1823 1858 
3953 203 1844 1841 1858 
3954 203 1823 1856 1858 
3955 203 1839 1844 1848 
3956 203 1840 1826 1849 
3957 203 1830 1829 1849 
3958 203 1829 1857 1849 
3959 203 1851 1832 1848 
3960 203 1840 1849 1845 
3961 203 1846 1845 1859 
3962 203 1838 1855 1857 
3963 203 1852 1851 1860 
3964 203 1845 1849 1857 
3965 203 1855 1854 1859 
3966 203 1856 1847 1860 
3967 203 1855 1859 1857 
3968 203 1846 1859 1861 
3969 203 1850 1846 1861 
3970 203 1859 1854 1861 
3971 203 1851 1848 1862 
3972 203 1860 1847 1863 
3973 203 1852 1860 1863 
3974 203 1847 1850 1863 
3975 203 1851 1862 1860 
3976 203 1853 1852 1863 
3977 203 1854 1853 1861 
3978 203 1863 1850 1861 
3979 203 1853 1863 1861 
3980 203 1848 1844 1862 
3981 203 1860 1862 1856 
3982 203 1862 1844 1858 
3983 304 417 1891 305 416 
3984 304 2444 2080 2187 1985 
3985 304 2273 1189 2518 1201 
3986 304 2333 2444 2187 2189 
3987 304 1061 962 961 2187 
3988 304 2506 1158 2241 2507 
3989 304 1709 2071 1664 2069 
3990 304 655 544 2008 565 
3991 304 2090 973 1072 972 
3992 304 1897 1805 1785 1787 
3993 304 2427 1960 2324 1894 
3994 304 2134 2516 2272 2470 
3995 304 1869 275 1371 1346 
3996 304 2503 1093 2502 993 
3997 304 1994 1679 1762 1732 
3998 304 2174 2190 2246 1981 
3999 304 2347 1221 1264 2346 
4000 304 2281 1101 1050 921 
4001 304 2273 1189 1201 1271 
4002 304 986 985 2107 873 
4003 304 872 227 871 2106 
4004 304 1119 1039 1193 1945 
4005 304 2098 2025 2455 2035 
4006 304 1911 1520 1914 2414 
4007 304 331 1585 360 2022 
4008 304 2352 2148 2292 2475 
4009 304 2128 1847 1824 1842 
4010 304 1109 1141 1193 2402 
4011 304 880 236 235 1631 
4012 304 1354 45 292 44 
4013 304 1119 2384 1945 2357 
4014 304 2007 2005 2013 1761 
4015 304 393 394 1876 503 
4016 304 2034 2198 2200 2455 
4017 304 2092 1649 1545 1622 
4018 304 2380 2154 2523 1927 
4019 304 2503 2217 2068 2502 
4020 304 967 1066 2081 966 
4021 304 1907 1025 1099 1906 
4022 304 1456 2419 1880 1523 
4023 304 2125 1827 1826 1830 
4024 304 2393 1093 2502 2503 
4025 304 1934 1418 1936 1930 
4026 304 1118 2347 1224 1140 
4027 304 1099 1025 1907 1120 
4028 304 2286 1121 1203 2373 
4029 304 989 2112 2109 2213 
4030 304 1933 2544 2308 2528 
4031 304 2487 2336 2226 1970 
4032 304 121 122 369 1604 
4033 304 307 306 1893 1387 
4034 304 1906 923 1025 1099 
4035 304 2246 2445 1981 2190 
4036 304 2516 2273 2134 2337 
4037 304 2291 1912 1917 1914 
4038 304 2170 2325 2169 2482 
4039 304 790 738 2212 789 
4040 304 515 1884 2158 2160 
4041 304 2149 2290 688 2230 
4042 304 1962 835 1791 1792 
4043 304 1987 2444 1985 1984 
4044 304 700 778 2253 699 
4045 304 1882 2158 1884 1934 
4046 304 1882 2158 1934 2157 
4047 304 790 789 2212 2319 
4048 304 2333 1153 2078 1059 
4049 304 2381 2477 2344 2253 
4050 304 1932 1106 1116 1037 
4051 304 2256 1177 1258 1176 
4052 304 947 2394 2137 2327 
4053 304 299 1886 1887 1383 
4054 304 1107 1932 1940 1194 
4055 304 1107 1932 1194 1037 
4056 304 2032 2025 2455 2034 
4057 304 1200 2353 2367 1282 
4058 304 1330 2391 1954 2434 
4059 304 2436 1096 1016 939 
4060 304 949 2173 1044 2116 
4061 304 2374 1195 1913 2403 
4062 304 328 438 2004 464 
4063 304 742 2234 772 2221 
4064 304 1570 1983 1674 1675 
4065 304 2374 1277 1195 2403 
4066 304 2107 1550 2106 1654 
4067 304 2332 764 757 2244 
4068 304 958 2076 2075 2074 
4069 304 1920 1103 1915 1919 
4070 304 2265 2322 790 2212 
4071 304 2524 1006 1927 2523 
4072 304 790 2322 2319 2212 
4073 304 105 104 1587 332 
4074 304 2439 2129 2392 2185 
4075 304 1834 803 886 2466 
4076 304 2503 2227 2462 2217 
4077 304 2034 2198 2455 2032 
4078 304 900 929 1925 817 
4079 304 1899 1392 1290 1291 
4080 304 1805 346 1785 1784 
4081 304 2336 2226 1148 2337 
4082 304 2155 512 609 511 
4083 304 1313 900 1925 817 
4084 304 2142 383 1867 1868 
4085 304 1662 1607 2131 1608 
4086 304 2545 1231 1149 1150 
4087 304 1857 1849 2468 1845 
4088 304 918 803 915 2466 
4089 304 1231 1149 2363 2545 
4090 304 2226 2336 1148 1053 
4091 304 1207 1287 1148 2337 
4092 304 2223 2506 2177 2550 
4093 304 1962 2120 1807 2116 
4094 304 2241 1158 2506 2360 
4095 304 2490 2098 2026 2491 
4096 304 275 386 1869 274 
4097 304 331 441 359 2022 
4098 304 2360 1158 1157 2241 
4099 304 285 1376 1877 1351 
4100 304 914 1901 1097 916 
4101 304 2196 2023 2026 2490 
4102 304 890 138 807 1292 
4103 304 2094 1546 2096 865 
4104 304 2196 2491 2490 2026 
4105 304 2065 2067 2216 2217 
4106 304 1505 1462 1527 2425 
4107 304 1912 1406 1917 1405 
4108 304 561 2067 450 554 
4109 304 2261 1262 1181 2354 
4110 304 924 1001 1912 812 
4111 304 953 1971 841 840 
4112 304 2142 2278 679 2276 
4113 304 1086 2261 1180 1181 
4114 304 2261 1262 1180 1181 
4115 304 2261 2355 1180 1262 
4116 304 2167 623 2166 712 
4117 304 2456 2031 2202 2199 
4118 304 1251 1208 1279 2542 
4119 304 2334 2065 2217 2268 
4120 304 2217 2216 2227 2462 
4121 304 936 1013 1950 1948 
4122 304 1260 2362 1259 1214 
4123 304 238 239 1555 883 
4124 304 2375 1138 1916 1191 
4125 304 1214 2362 2357 2402 
4126 304 449 339 2057 367 
4127 304 1633 883 1555 239 
4128 304 496 495 2143 1869 
4129 304 2405 1282 2349 1268 
4130 304 238 237 882 1632 
4131 304 1387 307 60 1362 
4132 304 2428 1487 1896 1961 
4133 304 311 1896 1895 1389 
4134 304 2322 2269 2481 2364 
4135 304 2334 2065 2268 2349 
4136 304 712 790 2319 711 
4137 304 2111 1658 2068 1554 
4138 304 2185 2129 1968 2439 
4139 304 2436 2435 1096 939 
4140 304 1555 238 883 1632 
4141 304 1917 1405 1488 1521 
4142 304 2473 2143 2281 2472 
4143 304 1187 2393 1093 1092 
4144 304 1332 2435 1434 1333 
4145 304 1716 1646 2083 2007 
4146 304 2404 2078 2246 2365 
4147 304 2464 2463 2137 2115 
4148 304 1012 1948 1946 907 
4149 304 910 2435 1015 2391 
4150 304 2339 1247 1270 2350 
4151 304 1502 1419 1511 1934 
4152 304 2339 2351 2350 1270 
4153 304 1889 2423 1888 2425 
4154 304 2492 747 2201 647 
4155 304 2071 2132 884 829 
4156 304 1633 2071 884 829 
4157 304 1833 1834 886 2121 
4158 304 983 2259 2102 2029 
4159 304 198 199 1535 843 
4160 304 307 1387 1893 1362 
4161 304 2538 2172 2327 2469 
4162 304 2086 215 1621 860 
4163 304 936 1110 1950 1041 
4164 304 2166 2426 1891 2323 
4165 304 2072 2503 1632 882 
4166 304 1783 1784 2120 1804 
4167 304 2496 2042 2205 2259 
4168 304 1957 1955 2400 2323 
4169 304 1184 1185 2270 2346 
4170 304 2457 2042 2495 2103 
4171 304 138 1293 807 1292 
4172 304 972 973 860 2087 
4173 304 660 566 2172 2136 
4174 304 2373 2144 2285 2474 
4175 304 1583 2014 1688 2018 
4176 304 2129 2392 1862 2484 
4177 304 1601 2407 2060 2057 
4178 304 2455 2512 2199 2252 
4179 304 2455 2202 2252 2199 
4180 304 975 2092 863 862 
4181 304 217 2089 861 862 
4182 304 1283 2373 1236 2343 
4183 304 2089 974 861 862 
4184 304 2001 2090 2088 972 
4185 304 2179 2335 739 1973 
4186 304 889 1899 917 1898 
4187 304 216 217 1544 861 
4188 304 1834 2122 2121 1852 
4189 304 2278 2328 761 2276 
4190 304 2022 1735 2018 1689 
4191 304 2420 1476 2419 1878 
4192 304 1906 811 1301 894 
4193 304 2091 2339 1167 2239 
4194 304 2508 2023 2239 2194 
4195 304 2520 2521 2519 2351 
4196 304 268 1866 1864 379 
4197 304 2013 1736 2005 2016 
4198 304 2293 2476 2417 2298 
4199 304 2448 2449 2447 2446 
4200 304 2122 1834 2121 886 
4201 304 2543 1933 1935 1114 
4202 304 2467 2133 2123 2134 
4203 304 2467 2133 2134 2247 
4204 304 2133 2123 2134 482 
4205 304 2439 2484 2392 2129 
4206 304 2450 2000 2178 1996 
4207 304 2272 581 664 2134 
4208 304 1993 2446 1984 2080 
4209 304 2495 2457 2105 2039 
4210 304 1749 1991 1732 1678 
4211 304 1416 1315 1314 1926 
4212 304 2455 2198 2202 2032 
4213 304 2049 1702 1597 1598 
4214 304 1177 2256 1258 2358 
4215 304 1893 1958 1891 2426 
4216 304 168 905 167 1322 
4217 304 2371 2472 2366 2372 
4218 304 2077 1987 1985 1641 
4219 304 1941 1011 1944 822 
4220 304 2178 1064 2506 2507 
4221 304 318 1559 1966 1822 
4222 304 1907 1120 2373 2539 
4223 304 841 1971 1611 840 
4224 304 2131 837 838 943 
4225 304 832 2137 947 2394 
4226 304 2370 2366 2472 2372 
4227 304 1965 951 838 839 
4228 304 1332 177 910 178 
4229 304 2370 2245 2276 2472 
4230 304 826 177 1331 176 
4231 304 2284 2146 2510 2330 
4232 304 1375 282 1876 1349 
4233 304 2142 2278 2276 2140 
4234 304 2370 2245 2472 2366 
4235 304 2296 1102 1190 2300 
4236 304 2308 1930 2306 1934 
4237 304 1869 276 1346 1871 
4238 304 174 825 908 1328 
4239 304 2370 1132 1217 1281 
4240 304 1692 1767 2028 2406 
4241 304 2545 2329 2546 2404 
4242 304 2366 2472 2371 2245 
4243 304 2370 2245 2366 2387 
4244 304 1779 69 68 344 
4245 304 1362 1486 1465 1893 
4246 304 832 1790 2394 833 
4247 304 2434 1530 1960 1959 
4248 304 2477 2543 2307 2308 
4249 304 1760 1706 2407 2060 
4250 304 2262 2112 2266 2213 
4251 304 2504 2437 1044 2224 
4252 304 1033 1044 2504 940 
4253 304 1968 370 429 2129 
4254 304 2504 2437 2224 2436 
4255 304 716 2169 627 2170 
4256 304 2170 2367 2325 2482 
4257 304 2022 2035 2027 1756 
4258 304 2347 2322 2346 2212 
4259 304 2229 2465 2227 2469 
4260 304 2202 2198 2455 2252 
4261 304 1415 1416 1314 1927 
4262 304 1033 2436 940 2504 
4263 304 930 1035 1926 1007 
4264 304 1894 1896 1388 1466 
4265 304 1384 1889 1482 1358 
4266 304 2504 2437 2436 940 
4267 304 1468 1436 1467 1963 
4268 304 1646 1761 1734 2007 
4269 304 1105 931 1036 1928 
4270 304 1427 1426 1946 1325 
4271 304 1012 2401 1946 1952 
4272 304 2498 2266 2112 2270 
4273 304 1948 1950 1946 2532 
4274 304 1947 2479 2316 2312 
4275 304 679 2142 2276 680 
4276 304 2428 2482 2483 2326 
4277 304 1460 1481 1886 1357 
4278 304 1034 2523 1104 1130 
4279 304 2312 1887 1941 1947 
4280 304 1035 2524 1197 1104 
4281 304 742 2234 730 772 
4282 304 2066 1604 1709 1708 
4283 304 2324 1192 1200 2367 
4284 304 306 1361 59 58 
4285 304 1109 1011 2401 1945 
4286 304 1276 1146 2405 2538 
4287 304 935 1011 906 1944 
4288 304 159 1314 817 1313 
4289 304 1197 2524 1130 1104 
4290 304 725 769 768 2230 
4291 304 1519 2413 1493 1909 
4292 304 2428 2224 2326 2483 
4293 304 559 2497 2211 651 
4294 304 2523 1034 1006 929 
4295 304 2428 2482 2326 1894 
4296 304 2433 2427 2481 2426 
4297 304 979 1078 2100 2097 
4298 304 2312 1941 1945 1947 
4299 304 2224 2428 2171 2483 
4300 304 2511 886 2122 2121 
4301 304 1962 912 1336 2437 
4302 304 1813 1962 1786 1795 
4303 304 2301 2249 2379 2238 
4304 304 2316 2312 1945 1947 
4305 304 1873 2414 2145 1872 
4306 304 1596 337 114 365 
4307 304 1406 1407 1305 1921 
4308 304 1373 31 278 1347 
4309 304 494 495 2141 592 
4310 304 317 2120 1784 346 
4311 304 2223 2222 2176 2177 
4312 304 2191 544 2006 2008 
4313 304 878 2110 1630 2109 
4314 304 1056 957 956 2076 
4315 304 1347 278 1873 277 
4316 304 655 2191 584 742 
4317 304 1056 2175 956 1055 
4318 304 2008 742 734 2221 
4319 304 857 1997 858 1620 
4320 304 1406 1305 1915 1921 
4321 304 909 2391 938 1954 
4322 304 1306 1407 1921 1305 
4323 304 1515 1442 1866 1446 
4324 304 1804 1815 1809 2120 
4325 304 1866 1489 1864 1899 
4326 304 1918 1306 1921 1305 
4327 304 1866 1342 1446 1368 
4328 304 2223 2352 2359 2221 
4329 304 2548 1085 2261 2108 
4330 304 402 1881 1883 291 
4331 304 613 702 2160 612 
4332 304 1305 1918 1915 1921 
4333 304 1962 1338 1337 1786 
4334 304 2257 2313 2494 2358 
4335 304 1704 2054 1703 1746 
4336 304 1354 1380 1478 1883 
4337 304 2125 1827 1830 1341 
4338 304 1814 2394 1808 1807 
4339 304 716 2169 2170 2325 
4340 304 1365 133 805 134 
4341 304 1054 2336 1148 1149 
4342 304 1969 320 454 431 
4343 304 1981 1979 2246 2174 
4344 304 485 1864 378 2125 
4345 304 2154 1878 2418 2419 
4346 304 926 814 1922 1918 
4347 304 2508 2238 2194 2239 
4348 304 1299 893 1298 2389 
4349 304 1077 1076 2512 2017 
4350 304 1751 2442 1974 1772 
4351 304 1409 1922 1408 1513 
4352 304 1097 2518 1022 1901 
4353 304 2158 1934 2157 2477 
4354 304 264 265 2125 376 
4355 304 2041 364 471 2044 
4356 304 2241 2181 2506 2507 
4357 304 2301 606 696 695 
4358 304 603 506 2151 2153 
4359 304 1781 316 71 345 
4360 304 2478 2361 2382 2526 
4361 304 451 2066 476 369 
4362 304 1595 2048 365 2044 
4363 304 1893 306 307 418 
4364 304 2475 2231 2222 2352 
4365 304 1243 2359 1162 1161 
4366 304 2261 2354 2262 2264 
4367 304 2420 1522 1455 1498 
4368 304 2275 913 1901 1899 
4369 304 2408 1636 1534 1974 
4370 304 1195 1277 2374 1213 
4371 304 1596 114 113 365 
4372 304 2072 2066 2462 2070 
4373 304 1437 1336 2437 1962 
4374 304 1452 1496 1876 1451 
4375 304 956 1055 2486 955 
4376 304 1871 1453 1873 1372 
4377 304 2076 1056 2404 2329 
4378 304 1870 1472 1371 1345 
4379 304 2012 672 543 546 
4380 304 1638 1971 1534 1974 
4381 304 1971 1638 1751 1974 
4382 304 963 2507 1996 2080 
4383 304 1906 894 1301 1300 
4384 304 2086 2013 2452 2016 
4385 304 2079 966 2396 2081 
4386 304 2421 1879 1877 1351 
4387 304 2471 2409 2130 2275 
4388 304 1101 2279 2277 1196 
4389 304 716 797 2325 794 
4390 304 2086 1997 2088 2452 
4391 304 2000 1644 1996 1732 
4392 304 2275 1899 1901 2471 
4393 304 1903 1295 2429 808 
4394 304 2518 2471 2275 1901 
4395 304 1898 1365 1289 1391 
4396 304 1404 1405 1917 1521 
4397 304 2132 2072 2114 2070 
4398 304 749 727 2209 2263 
4399 304 1694 2036 1741 1757 
4400 304 2401 2316 2432 1952 
4401 304 1164 1163 2397 1069 
4402 304 790 2322 712 2319 
4403 304 2447 2450 2507 1996 
4404 304 924 1000 895 1910 
4405 304 2495 2204 2493 2039 
4406 304 2033 2031 2028 2456 
4407 304 2184 2395 839 1965 
4408 304 1506 1951 1427 1953 
4409 304 2310 1943 1937 2314 
4410 304 430 2118 2119 536 
4411 304 1900 1395 1394 1293 
4412 304 107 106 1589 333 
4413 304 900 2302 1925 929 
4414 304 1948 1427 1953 1946 
4415 304 290 1880 1881 1353 
4416 304 1907 2374 2403 2539 
4417 304 2291 2145 2288 1914 
4418 304 1514 2417 1497 1877 
4419 304 1427 1527 1953 1426 
4420 304 166 1321 167 821 
4421 304 2375 2360 2374 2510 
4422 304 1110 1123 1139 1950 
4423 304 1969 1973 2441 2442 
4424 304 1941 1423 1322 1424 
4425 304 1264 2354 2347 2346 
4426 304 1946 1952 2432 1953 
4427 304 2109 2110 2059 2501 
4428 304 2024 1624 866 2096 
4429 304 2132 1788 2071 1810 
4430 304 1041 2531 1950 1955 
4431 304 2331 2445 2444 2333 
4432 304 963 2243 2080 1062 
4433 304 1423 1504 1941 1943 
4434 304 2381 2477 2253 2157 
4435 304 2545 2179 2180 2485 
4436 304 1941 1939 905 1322 
4437 304 2339 2520 2300 2379 
4438 304 1900 890 807 1292 
4439 304 280 1872 1874 1348 
4440 304 1441 1917 1450 1874 
4441 304 2120 426 1897 346 
4442 304 934 1939 905 1941 
4443 304 1028 2283 922 2286 
4444 304 2096 221 865 1546 
4445 304 2323 2531 1956 2320 
4446 304 2243 1156 2348 2534 
4447 304 1624 1651 1720 2096 
4448 304 2096 221 1546 1624 
4449 304 2169 420 1894 1896 
4450 304 1468 1895 1364 1897 
4451 304 2428 1487 1961 1510 
4452 304 311 1896 1389 310 
4453 304 1960 1332 2435 1434 
4454 304 830 2132 945 2464 
4455 304 185 186 1789 831 
4456 304 1929 1524 1501 1883 
4457 304 1927 1523 2419 1925 
4458 304 2251 2305 2307 2525 
4459 304 2419 1927 1925 2302 
4460 304 308 1362 1388 61 
4461 304 1705 1704 1759 2057 
4462 304 1971 841 1611 1534 
4463 304 1895 1467 1510 1963 
4464 304 2399 2353 1267 1268 
4465 304 1917 1921 1915 2289 
4466 304 1904 921 997 2281 
4467 304 1777 1776 2461 2069 
4468 304 1895 1962 1897 1468 
4469 304 180 911 1334 1335 
4470 304 1970 542 2127 2488 
4471 304 2124 2275 2126 2409 
4472 304 1121 1283 1203 2373 
4473 304 2498 2266 2270 2499 
4474 304 569 2181 541 635 
4475 304 1960 1332 1434 1433 
4476 304 1899 2410 1515 1901 
4477 304 571 538 460 1981 
4478 304 1904 2473 1905 2281 
4479 304 1867 1904 2279 2277 
4480 304 651 2500 2265 2211 
4481 304 1868 1491 1867 1904 
4482 304 266 265 376 2125 
4483 304 1516 1867 1491 1903 
4484 304 1295 1396 1903 2429 
4485 304 485 2130 488 1864 
4486 304 659 2015 2232 2012 
4487 304 2385 1139 1225 1223 
4488 304 1720 2035 1650 2096 
4489 304 2289 1917 1495 1874 
4490 304 43 1353 290 1379 
4491 304 2471 2138 2410 2274 
4492 304 2499 2498 2500 2214 
4493 304 2498 2266 2499 2211 
4494 304 1878 1880 1378 1476 
4495 304 1957 1221 2347 2364 
4496 304 627 529 2170 2169 
4497 304 2480 2479 2162 2315 
4498 304 2460 2063 2057 2062 
4499 304 1416 1415 1500 1927 
4500 304 2407 2063 2061 2062 
4501 304 1617 1539 207 851 
4502 304 2210 2052 2051 2108 
4503 304 2178 1066 966 2081 
4504 304 638 570 2127 481 
4505 304 1827 265 6 18 
4506 304 1437 1963 1468 1962 
4507 304 262 373 2123 261 
4508 304 963 2243 1062 1063 
4509 304 2408 843 1976 2486 
4510 304 2506 2505 2181 2241 
4511 304 2113 2270 2399 2215 
4512 304 1793 2394 1790 833 
4513 304 2118 2172 566 2136 
4514 304 1893 417 527 1891 
4515 304 1339 1962 1795 1338 
4516 304 449 2060 2062 2057 
4517 304 289 41 288 1378 
4518 304 2274 1901 2410 2471 
4519 304 137 2388 1291 1292 
4520 304 1962 1468 1440 1897 
4521 304 1962 1439 1468 1437 
4522 304 1930 1934 1935 1936 
4523 304 1902 2274 2410 2411 
4524 304 2501 1089 2112 990 
4525 304 1057 2404 2076 1056 
4526 304 1962 1792 1791 1813 
4527 304 1977 634 1973 2179 
4528 304 2350 1245 1284 2351 
4529 304 2144 2284 2146 2415 
4530 304 2162 2311 2315 2479 
4531 304 707 708 2162 2315 
4532 304 2183 2337 2225 2487 
4533 304 1442 1866 1865 2410 
4534 304 903 1319 1931 1318 
4535 304 1865 2139 2138 2410 
4536 304 449 2060 2057 339 
4537 304 1387 1362 1465 1893 
4538 304 2390 1008 1928 1930 
4539 304 2225 2272 664 2134 
4540 304 2218 782 781 2309 
4541 304 2467 2273 2247 2134 
4542 304 716 627 626 2170 
4543 304 1506 1951 1528 1428 
4544 304 1617 1712 1996 1644 
4545 304 1899 2410 1901 2471 
4546 304 931 2390 1008 1928 
4547 304 2132 945 2464 2463 
4548 304 2060 2065 475 2062 
4549 304 2243 2534 2448 2080 
4550 304 887 804 919 2124 
4551 304 1629 232 876 231 
4552 304 1880 1881 510 401 
4553 304 1877 2421 1454 1514 
4554 304 2311 2357 2313 2257 
4555 304 2280 2244 764 2282 
4556 304 724 800 730 2232 
4557 304 22 1343 269 270 
4558 304 1902 1395 1490 1394 
4559 304 283 394 1875 1876 
4560 304 2297 2153 2422 2521 
4561 304 1413 2419 1925 1924 
4562 304 771 734 742 2221 
4563 304 2061 2407 2062 2060 
4564 304 1558 342 124 1606 
4565 304 1884 1420 2306 1938 
4566 304 2154 1878 2419 1880 
4567 304 331 1585 102 103 
4568 304 2025 2028 1587 332 
4569 304 2101 2103 2105 2219 
4570 304 844 199 843 1535 
4571 304 1902 1901 2410 2274 
4572 304 2236 659 2015 2232 
4573 304 2322 2499 2364 2346 
4574 304 1457 1881 1379 1883 
4575 304 2010 2454 2027 1735 
4576 304 750 754 2174 2245 
4577 304 513 403 512 1883 
4578 304 264 1826 2468 2125 
4579 304 1420 1884 1934 1502 
4580 304 1459 1502 1884 1512 
4581 304 2505 2223 2231 2506 
4582 304 1441 1917 1874 1495 
4583 304 2246 2244 2365 2445 
4584 304 384 383 493 1868 
4585 304 2111 2113 992 993 
4586 304 2010 2454 1735 2019 
4587 304 157 156 1311 816 
4588 304 2178 1066 2081 2223 
4589 304 549 538 668 2174 
4590 304 2245 2328 762 754 
4591 304 89 88 1571 324 
4592 304 2550 2450 2178 2506 
4593 304 1867 1449 1491 1470 
4594 304 2191 546 672 2012 
4595 304 2240 2360 2241 2505 
4596 304 2203 753 2257 649 
4597 304 2360 2375 2240 2510 
4598 304 505 506 2151 603 
4599 304 2287 2240 2375 2510 
4600 304 1997 1542 857 2083 
4601 304 1374 1450 1348 1874 
4602 304 283 1375 282 1876 
4603 304 2339 2520 2379 2238 
4604 304 2232 2191 2012 2233 
4605 304 2375 2240 2287 2290 
4606 304 1909 1298 1400 1399 
4607 304 2499 2212 2346 2322 
4608 304 1142 1112 1127 1957 
4609 304 2506 2223 2178 2550 
4610 304 1735 2454 2027 2022 
4611 304 1895 312 311 1364 
4612 304 2260 2206 2514 2513 
4613 304 424 1897 423 532 
4614 304 2142 383 1868 493 
4615 304 2395 1971 1611 1710 
4616 304 140 891 139 1294 
4617 304 1670 1975 1752 1773 
4618 304 706 2163 617 616 
4619 304 1562 320 80 348 
4620 304 1611 195 840 2395 
4621 304 1902 2274 2411 2279 
4622 304 1975 1977 2443 1979 
4623 304 2093 2019 2089 2087 
4624 304 164 165 820 1319 
4625 304 579 574 2203 2493 
4626 304 1455 287 1352 2420 
4627 304 2128 1856 2129 1860 
4628 304 2358 2203 2494 2257 
4629 304 2010 2454 2019 2093 
4630 304 2092 1649 1719 1545 
4631 304 2104 1176 1081 2256 
4632 304 2010 2454 2093 2027 
4633 304 2257 2260 2515 2513 
4634 304 2022 1735 1689 1755 
4635 304 2113 879 2110 2111 
4636 304 1634 250 1775 1774 
4637 304 2022 1735 1755 2027 
4638 304 2144 1869 2413 1871 
4639 304 132 1838 804 1837 
4640 304 484 485 2126 2130 
4641 304 1405 1912 1303 1404 
4642 304 1105 1036 1935 1928 
4643 304 153 1308 898 1307 
4644 304 692 2153 2151 2297 
4645 304 2054 474 338 448 
4646 304 2149 2290 2230 2375 
4647 304 2289 2149 2375 2147 
4648 304 1750 1665 1729 1964 
4649 304 2295 2234 2519 2297 
4650 304 2236 659 2232 744 
4651 304 1783 2119 1782 1803 
4652 304 2321 1950 1956 1948 
4653 304 419 528 1894 1893 
4654 304 742 2191 730 2234 
4655 304 1969 1667 1751 1967 
4656 304 2404 2078 2365 1152 
4657 304 1919 2291 1915 2289 
4658 304 724 659 744 2232 
4659 304 1886 297 1885 1357 
4660 304 2149 2290 2375 2147 
4661 304 762 2328 2276 761 
4662 304 655 2191 742 2008 
4663 304 2291 2289 2375 2147 
4664 304 692 2153 2297 693 
4665 304 1821 1822 1609 256 
4666 304 1131 1035 2344 1197 
4667 304 799 694 2299 695 
4668 304 1878 400 509 399 
4669 304 2007 2005 1761 2004 
4670 304 2036 1694 1741 2030 
4671 304 1726 1552 2109 1656 
4672 304 791 2322 712 790 
4673 304 2191 2232 672 730 
4674 304 457 438 2004 356 
4675 304 2155 2303 2522 2156 
4676 304 1131 1114 2344 1935 
4677 304 175 825 174 1329 
4678 304 338 117 367 1599 
4679 304 397 2151 1877 396 
4680 304 1694 2036 1589 2030 
4681 304 2256 2358 2494 2537 
4682 304 799 2236 731 774 
4683 304 1905 1868 1445 1870 
4684 304 274 1870 1371 1345 
4685 304 2395 1611 1533 1710 
4686 304 2036 1694 1589 1590 
4687 304 605 606 508 2152 
4688 304 551 487 640 2135 
4689 304 386 275 1869 387 
4690 304 2023 2093 2490 2250 
4691 304 1593 2041 1697 1698 
4692 304 1904 921 2281 2430 
4693 304 883 2132 884 2071 
4694 304 1789 185 831 830 
4695 304 2530 2212 2322 2347 
4696 304 2200 639 720 632 
4697 304 628 531 530 2169 
4698 304 2405 2399 2349 2393 
4699 304 720 2200 718 2253 
4700 304 718 632 2198 2200 
4701 304 1960 2326 1961 2435 
4702 304 1604 2066 369 2064 
4703 304 1451 1474 1875 1350 
4704 304 1990 539 2186 2449 
4705 304 2270 2215 2065 2268 
4706 304 2525 2528 2383 2527 
4707 304 1296 808 141 1295 
4708 304 2321 2165 2530 2386 
4709 304 2433 2427 2426 1959 
4710 304 1330 2434 1954 1431 
4711 304 2531 2354 2386 2347 
4712 304 1968 2129 2185 2127 
4713 304 2186 2533 2188 2445 
4714 304 2493 2042 2039 555 
4715 304 1877 1514 1923 2421 
4716 304 595 685 596 2146 
4717 304 2191 2232 730 2234 
4718 304 710 2263 620 709 
4719 304 263 1825 1840 15 
4720 304 620 2263 621 2165 
4721 304 1638 1971 1710 1611 
4722 304 1042 1118 2400 1957 
4723 304 631 2325 2172 628 
4724 304 561 671 2065 658 
4725 304 2296 2300 1190 2351 
4726 304 217 1622 1544 2089 
4727 304 1950 1952 2532 1139 
4728 304 883 2132 2071 2072 
4729 304 385 1870 1869 274 
4730 304 2165 2164 523 620 
4731 304 1453 1372 1347 1873 
4732 304 979 1079 980 2100 
4733 304 1387 1485 1893 1465 
4734 304 2353 2269 2499 2364 
4735 304 1890 1463 1506 1528 
4736 304 2019 2093 2195 2087 
4737 304 2256 1176 1081 1082 
4738 304 1682 2009 1734 2002 
4739 304 2296 1924 2300 2418 
4740 304 698 2155 2156 2303 
4741 304 883 2132 2072 995 
4742 304 2072 1660 1709 2071 
4743 304 599 688 2149 598 
4744 304 1956 2323 1954 2400 
4745 304 1954 2323 1956 1958 
4746 304 2070 487 2135 2117 
4747 304 2506 2223 1065 2178 
4748 304 2341 1220 1254 2544 
4749 304 470 2039 2038 2042 
4750 304 1265 1184 1183 2346 
4751 304 2335 2272 2516 2271 
4752 304 2531 2530 2323 2347 
4753 304 1983 352 1570 1569 
4754 304 1018 2467 918 915 
4755 304 2320 2166 2323 2530 
4756 304 2132 944 884 829 
4757 304 353 462 324 2449 
4758 304 1714 1538 1985 1635 
4759 304 454 1970 563 564 
4760 304 2365 2445 2343 2078 
4761 304 2132 944 995 884 
4762 304 67 1778 68 314 
4763 304 1957 1955 2323 2347 
4764 304 2347 2212 2386 2530 
4765 304 946 945 2464 831 
4766 304 1971 2073 2441 2184 
4767 304 759 2236 744 799 
4768 304 2198 479 553 666 
4769 304 2537 2104 2495 2256 
4770 304 674 2301 774 2238 
4771 304 1957 1955 2347 1118 
4772 304 2011 329 358 1581 
4773 304 1269 2383 1194 2382 
4774 304 1957 1955 1118 2400 
4775 304 1749 1993 1643 1996 
4776 304 965 852 1996 2079 
4777 304 2323 2530 2531 2320 
4778 304 1760 1748 1707 2064 
4779 304 606 2301 607 2154 
4780 304 1991 1749 1989 1677 
4781 304 2535 1248 1215 2339 
4782 304 278 389 1873 277 
4783 304 1167 2250 2239 2535 
4784 304 2517 2485 2363 2337 
4785 304 1955 1956 2400 2323 
4786 304 2292 734 2221 2222 
4787 304 290 1880 1353 289 
4788 304 1551 1725 1655 2051 
4789 304 1987 1537 2077 2075 
4790 304 1851 2392 1862 2121 
4791 304 518 408 517 1885 
4792 304 2133 371 2128 372 
4793 304 737 725 2177 637 
4794 304 1560 1561 1964 1665 
4795 304 2265 656 651 721 
4796 304 2497 738 749 2212 
4797 304 1930 1933 1008 1928 
4798 304 965 966 853 2079 
4799 304 2535 2379 2508 2339 
4800 304 1968 1966 2439 2129 
4801 304 1010 1942 1038 1940 
4802 304 1609 1729 1966 2438 
4803 304 348 320 454 1967 
4804 304 1673 1983 1569 1980 
4805 304 2448 2449 2446 1990 
4806 304 2180 1054 2073 2486 
4807 304 348 319 1967 455 
4808 304 2442 2408 1772 1976 
4809 304 1975 1982 1773 1753 
4810 304 2493 562 2039 2204 
4811 304 1970 2488 2487 2183 
4812 304 747 2305 2201 2218 
4813 304 1991 1573 1678 1677 
4814 304 563 1969 1973 1970 
4815 304 2271 588 587 2138 
4816 304 1573 1991 1989 1677 
4817 304 2226 1053 1117 1052 
4818 304 2449 1571 1989 1984 
4819 304 457 2008 544 565 
4820 304 2250 2536 2535 1168 
4821 304 1765 1676 1675 1984 
4822 304 769 2292 2230 2222 
4823 304 1208 2535 2536 1250 
4824 304 1208 2535 1250 1227 
4825 304 2447 2450 1996 1991 
4826 304 1969 1970 1967 2441 
4827 304 1548 870 1626 2029 
4828 304 1255 2398 1174 1173 
4829 304 2542 2535 2380 2338 
4830 304 2520 2237 2350 2233 
4831 304 1699 2053 2044 2047 
4832 304 1742 1695 2038 1696 
4833 304 341 342 1605 123 
4834 304 2508 2379 2535 2338 
4835 304 2355 1180 1262 1261 
4836 304 1975 2175 2443 1976 
4837 304 482 2133 481 664 
4838 304 1994 1680 1679 1575 
4839 304 1713 2007 2009 2083 
4840 304 2383 1940 2529 1932 
4841 304 2358 1214 2362 2357 
4842 304 2220 2341 2340 2201 
4843 304 2013 2452 2016 2005 
4844 304 2220 2341 2201 2252 
4845 304 2178 1999 2550 2223 
4846 304 1968 425 567 542 
4847 304 966 2178 2081 2079 
4848 304 1094 995 994 2503 
4849 304 1978 1671 1566 1567 
4850 304 2015 659 643 548 
4851 304 349 1972 1564 321 
4852 304 2204 2494 2361 2219 
4853 304 2394 2119 2327 2173 
4854 304 1949 1329 825 1954 
4855 304 2015 548 643 533 
4856 304 2395 195 1533 1611 
4857 304 1046 1145 2463 1144 
4858 304 2067 658 2216 554 
4859 304 2307 779 2251 2253 
4860 304 2305 2218 2526 2201 
4861 304 1972 2443 1976 1975 
4862 304 2474 2533 2285 2373 
4863 304 425 1968 1964 455 
4864 304 2024 2097 979 2100 
4865 304 1966 1729 1609 1711 
4866 304 2400 2433 1957 2323 
4867 304 594 593 2285 2144 
4868 304 1972 1565 321 1975 
4869 304 2035 2098 2017 2455 
4870 304 2452 2001 2020 2088 
4871 304 2291 1912 1914 1916 
4872 304 889 135 1290 1289 
4873 304 1651 2031 2024 1721 
4874 304 2030 2036 2040 1741 
4875 304 1553 879 2111 2110 
4876 304 914 2274 1901 1900 
4877 304 1969 1970 2441 1973 
4878 304 2077 203 847 1537 
4879 304 2024 2099 1721 2040 
4880 304 2204 2105 2495 2219 
4881 304 743 792 2269 741 
4882 304 424 1897 346 313 
4883 304 2137 2229 1047 2327 
4884 304 2463 1047 946 2137 
4885 304 2292 745 2222 769 
4886 304 143 142 1297 809 
4887 304 2361 2201 2218 2204 
4888 304 2394 1794 1811 1790 
4889 304 2227 2216 2217 2334 
4890 304 1897 1340 1787 1785 
4891 304 2292 745 769 770 
4892 304 793 715 714 2269 
4893 304 2549 2309 2478 2159 
4894 304 1805 1804 1809 2120 
4895 304 836 1962 1786 1792 
4896 304 314 1778 68 344 
4897 304 2236 659 744 643 
4898 304 2373 2283 2371 1203 
4899 304 468 2032 479 553 
4900 304 75 313 346 1785 
4901 304 423 1895 311 422 
4902 304 1726 2110 2109 1630 
4903 304 2539 2348 1237 2342 
4904 304 2198 632 718 666 
4905 304 1634 2071 2069 1664 
4906 304 1046 1045 2463 945 
4907 304 878 1552 2109 1630 
4908 304 2045 1768 1743 1653 
4909 304 1209 1238 1237 2539 
4910 304 1442 1866 1368 1865 
4911 304 2470 2369 2273 2516 
4912 304 2130 483 582 2134 
4913 304 1865 2138 489 490 
4914 304 1238 2374 2348 2539 
4915 304 1277 1209 2539 1238 
4916 304 2273 1189 1271 2369 
4917 304 1768 2043 1722 1653 
4918 304 1209 1277 2539 2403 
4919 304 1836 887 2466 2124 
4920 304 2009 1681 1998 2002 
4921 304 2468 1859 2124 1857 
4922 304 764 2245 750 2244 
4923 304 1682 2009 2002 1681 
4924 304 639 572 552 2196 
4925 304 2009 1731 2000 1998 
4926 304 1121 2286 1203 1028 
4927 304 2403 1195 1026 1115 
4928 304 1057 957 1056 2076 
4929 304 2468 1859 1857 1845 
4930 304 2009 1681 1754 1731 
4931 304 2124 915 2466 2275 
4932 304 2121 1863 2128 1860 
4933 304 10 11 1823 258 
4934 304 1675 1983 1674 1730 
4935 304 2280 2474 2371 2244 
4936 304 1121 1120 1907 1025 
4937 304 2189 960 1059 959 
4938 304 2342 2348 2510 2539 
4939 304 780 2251 675 2201 
4940 304 1332 826 2391 910 
4941 304 2098 2025 2034 2455 
4942 304 1506 1951 1428 1427 
4943 304 1548 870 2029 869 
4944 304 2322 2347 2323 2530 
4945 304 1220 1133 1273 2544 
4946 304 2347 2386 2531 2530 
4947 304 340 2064 368 1602 
4948 304 53 1384 1358 300 
4949 304 1011 1945 1944 2401 
4950 304 937 1955 2400 1111 
4951 304 158 900 1312 1313 
4952 304 1365 133 5 245 
4953 304 2463 2465 2227 2229 
4954 304 2166 2167 2319 2530 
4955 304 2370 1132 1196 1217 
4956 304 2322 2212 2530 2319 
4957 304 1392 1899 1290 1447 
4958 304 490 491 2138 588 
4959 304 2388 890 806 916 
4960 304 2445 1988 2444 2189 
4961 304 1778 1799 2461 1798 
4962 304 2462 551 2135 2070 
4963 304 271 1867 1344 1370 
4964 304 1634 1776 1797 1775 
4965 304 603 505 602 2151 
4966 304 1776 1634 1797 2461 
4967 304 1798 1776 1797 2461 
4968 304 680 681 2141 2280 
4969 304 1780 1781 70 345 
4970 304 2034 2196 2026 2491 
4971 304 2216 2462 551 2135 
4972 304 2167 2165 524 621 
4973 304 1783 1804 2120 1803 
4974 304 1881 1457 1500 1883 
4975 304 1462 1889 1384 1359 
4976 304 2415 2284 2145 1911 
4977 304 2212 2386 2514 2354 
4978 304 2400 825 937 1014 
4979 304 1959 1958 2433 2434 
4980 304 2030 469 333 443 
4981 304 1795 1440 1787 1897 
4982 304 2165 2263 621 2530 
4983 304 2415 1873 2146 497 
4984 304 1934 1479 1502 1884 
4985 304 1339 242 1338 1795 
4986 304 746 579 2493 652 
4987 304 1873 498 2146 497 
4988 304 2049 366 1598 1597 
4989 304 834 1793 2394 2547 
4990 304 2120 1805 1897 1809 
4991 304 2381 1935 1035 2344 
4992 304 1990 2188 2186 540 
4993 304 428 2119 343 2120 
4994 304 803 130 887 1835 
4995 304 837 193 1532 1610 
4996 304 459 1991 435 325 
4997 304 704 2549 2159 2309 
4998 304 2375 2240 2230 2505 
4999 304 1967 1667 1764 1666 
5000 304 428 343 317 2120 
5001 304 801 2131 1820 1831 
5002 304 760 677 2271 2278 
5003 304 512 2157 2155 610 
5004 304 2111 235 1553 1631 
5005 304 2175 1056 2076 2329 
5006 304 540 636 2188 2186 
5007 304 1579 1683 2004 1578 
5008 304 500 598 2147 597 
5009 304 2158 2527 2307 2160 
5010 304 2160 612 2307 2158 
5011 304 2438 255 1839 1821 
5012 304 2236 2237 2238 2520 
5013 304 1681 2002 1577 1998 
5014 304 2438 2131 1839 1608 
5015 304 126 801 1831 885 
5016 304 2300 2154 2523 2379 
5017 304 2094 2092 2027 1719 
5018 304 2392 1832 1831 885 
5019 304 801 2392 1831 885 
5020 304 598 597 2290 2147 
5021 304 801 1820 125 1831 
5022 304 1349 282 1874 281 
5023 304 359 1584 101 102 
5024 304 1349 282 1876 1874 
5025 304 2178 2507 2506 2450 
5026 304 1457 1881 1477 1379 
5027 304 232 1552 877 233 
5028 304 2381 2303 2157 2253 
5029 304 2203 753 649 669 
5030 304 1937 1939 2314 1943 
5031 304 2132 2072 2070 2071 
5032 304 1526 1425 1424 1941 
5033 304 231 1551 230 875 
5034 304 686 2290 597 2287 
5035 304 2122 1834 1853 1852 
5036 304 942 2392 2121 2185 
5037 304 680 679 762 2276 
5038 304 1034 1143 1095 2523 
5039 304 870 2029 982 983 
5040 304 2102 2259 2208 2205 
5041 304 1141 1952 1040 1139 
5042 304 2466 1863 2122 1853 
5043 304 2065 658 2267 2216 
5044 304 2502 2393 2399 1092 
5045 304 1891 1892 2167 2320 
5046 304 2030 361 333 1588 
5047 304 2547 1791 1793 1807 
5048 304 2123 1850 1843 2128 
5049 304 2459 1758 2059 2056 
5050 304 1863 2128 1850 1861 
5051 304 679 762 2276 761 
5052 304 2513 2514 2515 2355 
5053 304 2229 2463 2137 1047 
5054 304 2116 941 1962 2437 
5055 304 588 2271 2278 2140 
5056 304 589 588 2278 2140 
5057 304 327 2002 437 1998 
5058 304 2123 1850 2128 1861 
5059 304 1899 1392 1489 1443 
5060 304 2245 2328 2174 2387 
5061 304 878 1552 1630 233 
5062 304 1394 2388 1900 1292 
5063 304 2490 2098 2491 2095 
5064 304 2380 2154 1927 2156 
5065 304 2497 2265 738 2212 
5066 304 651 2500 2211 559 
5067 304 1864 1489 1866 1446 
5068 304 1866 1342 1864 1446 
5069 304 2155 2381 2157 2304 
5070 304 702 701 2307 612 
5071 304 2118 536 2172 2119 
5072 304 2103 2101 2099 981 
5073 304 1495 1874 1876 2289 
5074 304 2379 2156 2249 2301 
5075 304 2172 536 2118 566 
5076 304 1374 1348 280 1874 
5077 304 2148 2230 2292 2475 
5078 304 2234 2356 2233 2519 
5079 304 1950 2321 1956 2531 
5080 304 2381 2477 2157 1935 
5081 304 1874 502 2289 2149 
5082 304 1948 1429 1956 1951 
5083 304 2322 2166 2323 2481 
5084 304 2267 2214 671 2065 
5085 304 430 2118 536 452 
5086 304 1507 1430 1429 1956 
5087 304 407 517 1885 516 
5088 304 1782 2118 1802 2119 
5089 304 883 2132 995 884 
5090 304 1780 2117 1779 1800 
5091 304 2262 2266 2346 1183 
5092 304 536 534 631 2172 
5093 304 1394 1900 1293 1292 
5094 304 516 407 1884 1885 
5095 304 2538 2172 2469 2325 
5096 304 2118 452 377 566 
5097 304 529 1894 2170 2169 
5098 304 1825 262 2123 1843 
5099 304 1749 1991 1678 1677 
5100 304 725 580 745 2222 
5101 304 1825 262 14 15 
5102 304 493 2142 492 590 
5103 304 496 594 497 2144 
5104 304 1911 1494 1402 1403 
5105 304 1894 2168 2170 2427 
5106 304 2236 2237 2520 2233 
5107 304 2034 2198 2032 553 
5108 304 1922 1410 1308 2431 
5109 304 1578 95 1577 356 
5110 304 362 2036 1590 334 
5111 304 2436 1334 2437 1963 
5112 304 625 624 2269 2168 
5113 304 1364 1895 1468 1467 
5114 304 2042 2493 574 555 
5115 304 1908 1911 1402 1906 
5116 304 2453 543 2012 548 
5117 304 2203 574 2042 2493 
5118 304 2286 2389 999 1906 
5119 304 502 1876 1874 2289 
5120 304 341 451 369 2066 
5121 304 2067 658 554 561 
5122 304 2515 2316 2385 2480 
5123 304 2279 808 1904 1903 
5124 304 2141 590 2142 493 
5125 304 2430 1909 2281 1905 
5126 304 661 722 630 2242 
5127 304 1403 1910 1906 1914 
5128 304 1375 283 36 1350 
5129 304 2517 2138 2369 2140 
5130 304 2374 2288 1916 2375 
5131 304 1835 803 2466 887 
5132 304 2203 574 579 669 
5133 304 1098 2372 2281 2283 
5134 304 556 2042 2203 574 
5135 304 2291 1915 2289 1917 
5136 304 2291 2375 1916 2288 
5137 304 1237 2348 2534 2342 
5138 304 902 1928 1007 1926 
5139 304 2452 2011 2016 2005 
5140 304 856 1542 1619 2083 
5141 304 2166 2481 624 2168 
5142 304 869 1548 225 224 
5143 304 2166 2426 2481 2168 
5144 304 2528 2529 2306 1932 
5145 304 2218 647 652 2204 
5146 304 901 930 1926 818 
5147 304 2304 1928 1935 1936 
5148 304 2405 1282 1268 1276 
5149 304 2082 1541 1619 211 
5150 304 1007 930 818 1926 
5151 304 1076 2254 1171 2512 
5152 304 1316 902 1926 1928 
5153 304 1592 363 1591 2038 
5154 304 2067 450 554 476 
5155 304 647 2037 2492 573 
5156 304 1947 1482 1889 1887 
5157 304 1943 1938 1937 1422 
5158 304 2528 2529 1932 2383 
5159 304 674 2301 2238 2249 
5160 304 2194 2236 643 2015 
5161 304 1316 1417 1926 1315 
5162 304 2225 2337 2183 2335 
5163 304 1316 1936 1928 1926 
5164 304 1098 2372 2283 1198 
5165 304 668 2328 754 798 
5166 304 2310 1937 2306 2529 
5167 304 1932 2529 1937 1940 
5168 304 2094 2095 2092 976 
5169 304 1937 1932 2306 2529 
5170 304 2306 1937 2310 1938 
5171 304 2529 2478 2314 2382 
5172 304 2306 1932 1937 1931 
5173 304 2236 744 799 731 
5174 304 2447 1749 1991 1996 
5175 304 2339 2237 2238 2239 
5176 304 218 219 2092 863 
5177 304 2306 1931 1937 1938 
5178 304 1907 1913 1914 1906 
5179 304 1822 318 257 1966 
5180 304 2131 1965 2439 2185 
5181 304 2133 2128 2129 2121 
5182 304 2185 2226 2487 2247 
5183 304 248 1341 247 1830 
5184 304 274 275 1371 1869 
5185 304 2132 2072 995 2114 
5186 304 2508 2339 2238 2239 
5187 304 1938 1503 1421 1422 
5188 304 2061 2060 2062 2217 
5189 304 2353 2269 2364 2367 
5190 304 2215 2110 2113 2501 
5191 304 2321 2318 1953 2424 
5192 304 2425 2424 1506 1953 
5193 304 935 1011 1944 2401 
5194 304 2423 1947 1953 2425 
5195 304 2167 2166 2319 712 
5196 304 1429 1951 1528 1956 
5197 304 1484 1890 1892 1528 
5198 304 416 1891 1892 525 
5199 304 2447 2449 2448 1992 
5200 304 2291 1916 1914 2288 
5201 304 2468 1845 1840 2126 
5202 304 146 894 145 1300 
5203 304 2510 2375 2288 2374 
5204 304 1507 1528 1892 1956 
5205 304 1901 913 2388 1899 
5206 304 1386 304 1892 1360 
5207 304 2291 1912 1916 1915 
5208 304 384 1870 273 1868 
5209 304 2423 522 2162 1889 
5210 304 1909 2286 2413 1908 
5211 304 2141 590 493 591 
5212 304 1889 1888 522 412 
5213 304 851 1616 1993 1539 
5214 304 416 1891 305 1892 
5215 304 2205 2043 2029 2103 
5216 304 2545 1218 1217 2368 
5217 304 1546 1650 2096 1720 
5218 304 291 43 290 1379 
5219 304 2438 1821 2484 1966 
5220 304 1130 2524 2542 2380 
5221 304 2129 1858 1841 2484 
5222 304 2481 624 2168 2269 
5223 304 2269 624 625 714 
5224 304 1503 1938 1421 1512 
5225 304 2155 608 2156 511 
5226 304 2478 2361 2526 2313 
5227 304 2094 1650 2096 1546 
5228 304 1174 2100 1079 2398 
5229 304 777 2303 699 698 
5230 304 2454 2022 2026 2027 
5231 304 1320 1937 1421 1422 
5232 304 1890 1484 1892 1360 
5233 304 1972 2443 2442 1976 
5234 304 2155 512 610 609 
5235 304 1950 1013 936 1041 
5236 304 1326 1427 1946 1325 
5237 304 1956 1892 1891 2320 
5238 304 903 1319 820 1931 
5239 304 2354 1210 1264 2347 
5240 304 2522 2345 2381 2542 
5241 304 344 2461 2117 2070 
5242 304 671 561 2065 560 
5243 304 1320 820 165 1319 
5244 304 374 375 263 2126 
5245 304 570 567 542 2127 
5246 304 319 1561 1964 1560 
5247 304 768 2290 688 687 
5248 304 2191 2006 2235 2008 
5249 304 427 1972 1977 431 
5250 304 1639 2075 1663 1982 
5251 304 499 2147 2145 597 
5252 304 549 1979 2174 668 
5253 304 2254 2248 2491 2095 
5254 304 2027 2093 2092 2095 
5255 304 2026 2018 2022 2454 
5256 304 1866 380 1865 489 
5257 304 507 397 506 1879 
5258 304 691 692 602 2297 
5259 304 380 490 1865 489 
5260 304 2234 2378 2356 2519 
5261 304 693 694 2153 2295 
5262 304 1165 1164 2397 1070 
5263 304 380 1866 379 489 
5264 304 1320 820 1319 1931 
5265 304 2204 2220 2219 2340 
5266 304 1713 2007 2083 1646 
5267 304 2181 1992 2447 2182 
5268 304 730 2191 742 584 
5269 304 457 2006 2451 2004 
5270 304 2385 2355 2386 1223 
5271 304 594 595 497 2146 
5272 304 434 2449 539 1990 
5273 304 645 480 2197 665 
5274 304 1263 1210 2354 1223 
5275 304 2533 2445 2331 2333 
5276 304 1977 634 2179 478 
5277 304 471 2041 445 335 
5278 304 282 393 1874 281 
5279 304 2204 2220 2340 2201 
5280 304 2350 1165 2091 1247 
5281 304 778 779 2253 718 
5282 304 2197 752 665 674 
5283 304 778 2253 720 718 
5284 304 1426 1946 1944 2432 
5285 304 2198 2032 553 479 
5286 304 934 1939 1941 1945 
5287 304 1951 1890 1506 1528 
5288 304 2423 2479 2480 2316 
5289 304 1527 1506 1427 1953 
5290 304 1549 2102 2045 1653 
5291 304 2355 2354 2386 1223 
5292 304 2295 2234 2297 800 
5293 304 813 1918 1915 1305 
5294 304 1628 1724 2107 2051 
5295 304 637 580 2177 486 
5296 304 178 910 1333 827 
5297 304 2136 723 2228 660 
5298 304 341 451 2066 477 
5299 304 967 855 2081 2082 
5300 304 2071 1660 1709 1664 
5301 304 962 2534 2187 1061 
5302 304 1242 2359 1161 2223 
5303 304 2013 1997 2489 2007 
5304 304 314 1777 2461 2069 
5305 304 2021 2011 1733 2016 
5306 304 1082 2103 982 1081 
5307 304 2498 2460 2058 2062 
5308 304 1798 1816 2461 1797 
5309 304 2033 1767 2028 2031 
5310 304 579 2493 555 574 
5311 304 812 924 895 1910 
5312 304 2207 649 556 2203 
5313 304 2537 2340 2219 2104 
5314 304 1997 2192 2489 2007 
5315 304 1713 2007 1646 1734 
5316 304 2355 1262 1223 1225 
5317 304 1638 1971 1764 1710 
5318 304 2385 2514 2355 2515 
5319 304 1852 1833 1851 2121 
5320 304 1968 425 542 455 
5321 304 856 1542 2083 857 
5322 304 2154 2300 2299 2379 
5323 304 1986 540 434 461 
5324 304 968 1068 2084 1067 
5325 304 1572 1573 90 325 
5326 304 2023 2021 2018 2019 
5327 304 2023 2014 2018 2021 
5328 304 2021 1739 2018 2019 
5329 304 2274 1097 2518 1189 
5330 304 274 1870 1345 273 
5331 304 2014 1739 2018 2021 
5332 304 397 2151 396 506 
5333 304 679 2142 680 590 
5334 304 539 540 434 1990 
5335 304 996 921 2430 2281 
5336 304 2154 2418 2299 2300 
5337 304 1723 1549 2045 1653 
5338 304 2176 655 734 2008 
5339 304 1493 1871 1908 2413 
5340 304 534 2120 532 2171 
5341 304 2549 2309 2313 2478 
5342 304 1130 1143 2380 1227 
5343 304 1435 2436 1963 1334 
5344 304 2417 1513 2416 1922 
5345 304 1143 2300 2379 1215 
5346 304 1948 1950 1956 1955 
5347 304 1430 1431 1954 1958 
5348 304 1464 1891 1361 1485 
5349 304 2165 523 621 620 
5350 304 2545 1218 2368 2363 
5351 304 2099 2043 2040 2103 
5352 304 270 1343 269 1865 
5353 304 2099 2043 2103 2029 
5354 304 2099 2043 2029 1652 
5355 304 1548 1625 2099 1652 
5356 304 1401 2389 1400 1908 
5357 304 2472 2143 2283 2371 
5358 304 2370 1217 2546 1281 
5359 304 1138 1919 2375 1916 
5360 304 1903 1295 808 1904 
5361 304 734 2222 2008 2221 
5362 304 413 1888 522 523 
5363 304 2294 691 2297 772 
5364 304 1757 1721 1652 2040 
5365 304 1089 2213 2266 2112 
5366 304 1416 1417 1315 1926 
5367 304 2057 2058 2054 2460 
5368 304 740 2225 728 673 
5369 304 2273 1287 1207 2337 
5370 304 1759 2407 2057 2063 
5371 304 1965 1662 2131 1729 
5372 304 923 811 1906 894 
5373 304 352 1986 434 461 
5374 304 1986 352 1984 1983 
5375 304 1759 2407 2063 1747 
5376 304 89 353 1571 1572 
5377 304 2235 2085 2008 2451 
5378 304 1143 2300 1215 1137 
5379 304 681 680 763 2280 
5380 304 475 2067 2065 2060 
5381 304 1993 1539 1616 1643 
5382 304 2445 2078 2333 2343 
5383 304 1574 1573 354 91 
5384 304 1995 1994 2450 1991 
5385 304 2502 2227 2393 2503 
5386 304 153 814 152 1307 
5387 304 2234 2378 2519 2297 
5388 304 2000 1999 2450 2178 
5389 304 697 2249 2156 2301 
5390 304 2371 2533 2244 2474 
5391 304 2398 1079 1174 1173 
5392 304 2460 2270 2501 2215 
5393 304 2513 2496 2046 2258 
5394 304 1078 1079 2398 1173 
5395 304 405 2158 515 1884 
5396 304 474 2054 367 2057 
5397 304 2057 2058 2460 2062 
5398 304 41 1352 288 1378 
5399 304 651 2500 559 656 
5400 304 2474 2283 2371 2373 
5401 304 2462 2072 2114 2503 
5402 304 944 2132 830 829 
5403 304 2066 1605 1709 1604 
5404 304 2055 2497 2211 2058 
5405 304 691 692 2297 772 
5406 304 2373 2283 1203 2286 
5407 304 1467 1436 1510 1963 
5408 304 1530 1508 1959 2434 
5409 304 1605 1709 1664 2069 
5410 304 597 2145 2287 2147 
5411 304 1330 175 1329 909 
5412 304 2247 1018 2467 2511 
5413 304 2284 1907 2373 2539 
5414 304 1373 2414 1448 1347 
5415 304 2419 2420 2418 1924 
5416 304 1973 654 740 653 
5417 304 1416 1929 1927 1500 
5418 304 2117 2461 344 1779 
5419 304 891 920 2429 808 
5420 304 1903 1395 2429 1396 
5421 304 852 1617 1996 2079 
5422 304 2368 2370 2546 2387 
5423 304 389 2145 1872 1873 
5424 304 2527 2525 2526 2383 
5425 304 1962 1792 1813 1786 
5426 304 1693 2030 1589 1588 
5427 304 2366 1281 2371 2372 
5428 304 1132 2370 2372 1281 
5429 304 1618 854 2081 2396 
5430 304 1198 1132 2372 1281 
5431 304 2209 670 749 2497 
5432 304 1162 2356 2235 2359 
5433 304 1359 54 302 301 
5434 304 2132 945 2463 1045 
5435 304 2471 2409 2275 1899 
5436 304 330 2014 1583 2018 
5437 304 2142 383 493 492 
5438 304 209 854 2396 853 
5439 304 2189 2077 1987 1985 
5440 304 1738 1993 1765 1714 
5441 304 2290 737 2240 767 
5442 304 2178 2000 2079 1996 
5443 304 1179 2362 2258 1178 
5444 304 2208 985 2106 2108 
5445 304 2496 2259 2208 2258 
5446 304 2208 2259 2496 2205 
5447 304 634 756 2179 663 
5448 304 2372 2277 2472 2370 
5449 304 2086 972 860 2087 
5450 304 2023 2021 2195 2020 
5451 304 340 120 1602 368 
5452 304 2184 953 1052 952 
5453 304 2001 2090 2087 2195 
5454 304 2021 2001 2087 2195 
5455 304 2440 1970 2441 1967 
5456 304 120 119 1602 368 
5457 304 287 1878 398 399 
5458 304 2031 2024 2105 2202 
5459 304 329 2011 2453 357 
5460 304 2254 1172 2512 2341 
5461 304 857 969 2083 856 
5462 304 737 637 2177 2181 
5463 304 692 602 2297 2151 
5464 304 2011 329 1580 357 
5465 304 2292 2148 2352 2294 
5466 304 1761 1734 2007 2004 
5467 304 1761 2013 1736 2005 
5468 304 328 1578 2004 356 
5469 304 2208 983 2102 984 
5470 304 317 74 1784 73 
5471 304 1959 1958 2434 1508 
5472 304 910 1332 2435 2391 
5473 304 2267 743 2499 2269 
5474 304 712 2167 711 2319 
5475 304 1805 2120 1897 346 
5476 304 2102 2259 2205 2029 
5477 304 672 2232 2012 659 
5478 304 1745 1725 2051 1655 
5479 304 559 577 2497 651 
5480 304 317 426 2120 346 
5481 304 2109 2056 2059 1656 
5482 304 2265 791 743 721 
5483 304 1695 2040 2038 2036 
5484 304 2294 2292 2221 2352 
5485 304 2294 2352 2540 2377 
5486 304 672 546 2191 584 
5487 304 32 31 279 1373 
5488 304 2041 556 445 2042 
5489 304 2450 1732 2000 1996 
5490 304 704 2549 2309 2313 
5491 304 640 2216 551 2135 
5492 304 1998 1999 2003 463 
5493 304 2331 2445 1990 2444 
5494 304 1984 1990 1986 2444 
5495 304 1734 2002 2009 2004 
5496 304 2115 2070 2227 2135 
5497 304 1571 1570 1984 324 
5498 304 2449 1571 1984 324 
5499 304 467 572 2026 552 
5500 304 1584 331 359 2022 
5501 304 1570 352 1984 324 
5502 304 2449 1571 324 353 
5503 304 2449 1571 353 1989 
5504 304 1565 82 1564 321 
5505 304 1777 1778 2461 1798 
5506 304 1986 1990 1984 434 
5507 304 1675 1765 1984 1730 
5508 304 1637 1613 1976 1535 
5509 304 2183 564 1970 2488 
5510 304 261 1824 260 2128 
5511 304 998 2274 914 1900 
5512 304 1973 654 653 563 
5513 304 1105 1131 1935 1114 
5514 304 1352 1878 1378 1476 
5515 304 2351 1270 2300 1190 
5516 304 1571 1676 1984 1675 
5517 304 1340 1440 1390 1897 
5518 304 313 65 312 1390 
5519 304 65 1364 312 1390 
5520 304 1112 1142 1042 1957 
5521 304 304 1890 1892 1360 
5522 304 1951 1429 1528 1428 
5523 304 1328 173 1949 908 
5524 304 2189 961 1985 2187 
5525 304 2128 259 371 2129 
5526 304 1897 313 312 1390 
5527 304 2133 371 372 481 
5528 304 922 2286 2283 1909 
5529 304 2072 1632 883 882 
5530 304 1998 1680 1575 1576 
5531 304 2084 2223 2081 1066 
5532 304 1998 1999 463 1994 
5533 304 371 2127 2133 2129 
5534 304 2138 2272 2516 2470 
5535 304 2470 2272 2139 2138 
5536 304 2196 2023 480 2026 
5537 304 2516 2272 2138 2271 
5538 304 2470 2369 2516 2138 
5539 304 2545 2368 1217 2546 
5540 304 2143 2283 2412 2281 
5541 304 2518 2471 1901 2274 
5542 304 760 677 796 2271 
5543 304 2471 2138 2274 2470 
5544 304 2292 2222 2221 2352 
5545 304 2076 2175 1976 956 
5546 304 495 385 494 1870 
5547 304 2043 2457 2042 2038 
5548 304 2517 2138 2140 2271 
5549 304 2470 2369 2138 2274 
5550 304 1172 1077 1171 2512 
5551 304 2341 2512 2200 2252 
5552 304 2098 2254 2095 2512 
5553 304 2151 1875 2150 2417 
5554 304 1398 1905 1399 2430 
5555 304 2254 1172 2341 1253 
5556 304 2187 1060 961 1061 
5557 304 2326 1096 1192 2504 
5558 304 2341 2097 2512 2252 
5559 304 303 1888 1890 1385 
5560 304 2077 848 961 960 
5561 304 1240 2360 1239 1280 
5562 304 769 768 2230 688 
5563 304 330 100 1582 358 
5564 304 2254 2341 2512 2200 
5565 304 2475 1919 2375 2376 
5566 304 1352 287 40 288 
5567 304 2475 2231 2352 2376 
5568 304 1508 1530 1893 1465 
5569 304 426 2120 1897 532 
5570 304 769 689 688 2230 
5571 304 958 1057 2076 957 
5572 304 1932 932 1037 1009 
5573 304 2526 2525 2201 2340 
5574 304 2149 688 689 2230 
5575 304 2378 2296 2541 2351 
5576 304 2418 2420 2419 1878 
5577 304 2024 1624 2096 1651 
5578 304 2296 1924 2418 1923 
5579 304 1330 826 1331 176 
5580 304 1993 1738 1749 1643 
5581 304 2226 1207 1148 2337 
5582 304 1381 1479 1355 1884 
5583 304 1934 1479 1884 1882 
5584 304 1698 2047 2044 2041 
5585 304 2340 2382 2383 1269 
5586 304 2072 1660 2071 1555 
5587 304 1415 1927 1925 1523 
5588 304 1269 2383 2340 1206 
5589 304 2505 2223 2506 2177 
5590 304 281 280 1874 1374 
5591 304 1522 2419 1924 2420 
5592 304 2306 2527 2159 2529 
5593 304 2167 623 712 622 
5594 304 518 517 615 2159 
5595 304 2526 2525 2527 2305 
5596 304 2391 2435 2324 1960 
5597 304 2077 2189 960 961 
5598 304 1930 903 2390 1008 
5599 304 1057 2076 1152 1058 
5600 304 502 393 1874 1876 
5601 304 518 615 2161 2159 
5602 304 1758 2458 1745 2056 
5603 304 2303 697 2156 698 
5604 304 2151 396 506 505 
5605 304 2171 2428 2169 2483 
5606 304 2085 2084 2083 2235 
5607 304 1308 815 898 2431 
5608 304 2249 2303 2156 2522 
5609 304 2367 2326 2483 2482 
5610 304 282 393 1876 1874 
5611 304 2290 597 598 687 
5612 304 2414 1469 1521 1872 
5613 304 2197 2238 2194 2508 
5614 304 2501 1089 990 1090 
5615 304 2498 2215 2065 2270 
5616 304 529 627 2170 626 
5617 304 2235 2192 2233 2397 
5618 304 1750 2440 1971 1967 
5619 304 390 389 499 1872 
5620 304 252 1558 1777 4 
5621 304 817 1927 929 1925 
5622 304 786 2317 708 2315 
5623 304 2249 2303 2522 2248 
5624 304 2513 2355 2258 2261 
5625 304 566 660 640 2136 
5626 304 1881 402 1883 511 
5627 304 505 602 2151 2150 
5628 304 1911 1520 2414 1494 
5629 304 2177 2240 2505 2230 
5630 304 2220 2341 2252 2398 
5631 304 1340 1897 1390 313 
5632 304 2181 2177 1995 541 
5633 304 2380 2154 2156 2379 
5634 304 1310 899 1923 1924 
5635 304 2510 2241 2348 2509 
5636 304 243 1340 244 1787 
5637 304 1343 1865 1368 269 
5638 304 109 363 334 1591 
5639 304 2497 738 651 670 
5640 304 826 910 1015 2391 
5641 304 2145 2146 2287 2510 
5642 304 2223 2222 2008 2176 
5643 304 2053 2107 2108 2047 
5644 304 2223 2352 2221 2222 
5645 304 2181 637 2177 541 
5646 304 379 2139 1866 1864 
5647 304 451 2462 2066 2070 
5648 304 2189 2444 1985 1987 
5649 304 1988 1673 1771 1980 
5650 304 1765 1635 1985 1730 
5651 304 693 694 2295 759 
5652 304 2208 985 2108 1084 
5653 304 1209 1120 2403 2539 
5654 304 315 2117 377 453 
5655 304 1582 2011 358 1581 
5656 304 429 2129 258 257 
5657 304 10 9 257 1822 
5658 304 459 1991 325 354 
5659 304 1087 988 987 2213 
5660 304 1585 331 360 103 
5661 304 2510 2288 2284 2374 
5662 304 1211 2355 2362 2402 
5663 304 2046 2203 2496 2207 
5664 304 986 1085 2108 985 
5665 304 2522 2303 2381 2248 
5666 304 2189 2445 1988 2078 
5667 304 2497 2209 2055 2212 
5668 304 2267 2268 2065 2349 
5669 304 2515 2316 2480 2357 
5670 304 1957 1112 1127 2433 
5671 304 774 2299 2238 2301 
5672 304 2075 2076 2078 1982 
5673 304 2369 1287 2363 1275 
5674 304 1343 23 270 22 
5675 304 159 901 817 1314 
5676 304 776 752 2248 2249 
5677 304 21 22 1368 269 
5678 304 2243 1156 2534 1062 
5679 304 391 390 500 1872 
5680 304 1451 1350 1875 1876 
5681 304 1912 1405 1303 1304 
5682 304 2389 2286 999 922 
5683 304 280 1872 1348 279 
5684 304 2065 2499 2267 2214 
5685 304 562 647 2204 652 
5686 304 2228 2349 2216 2469 
5687 304 33 1374 280 281 
5688 304 2204 2202 2105 2219 
5689 304 2204 2220 2201 2202 
5690 304 1933 1931 932 1932 
5691 304 2046 2203 2207 556 
5692 304 621 2263 620 710 
5693 304 2202 2492 2037 2032 
5694 304 2528 2529 2383 2527 
5695 304 2031 2024 2040 2105 
5696 304 2204 2492 2202 2201 
5697 304 562 555 2039 444 
5698 304 108 109 334 1591 
5699 304 2498 2065 2062 2214 
5700 304 2498 2065 2214 2499 
5701 304 2267 2216 2349 2065 
5702 304 1454 1875 1376 1877 
5703 304 2214 578 2062 2500 
5704 304 1915 1103 1920 1002 
5705 304 658 726 2267 2228 
5706 304 2110 2063 2059 2501 
5707 304 880 879 2111 235 
5708 304 2133 2185 2129 2127 
5709 304 1558 252 1777 1557 
5710 304 1090 1185 2270 1184 
5711 304 2111 880 235 1631 
5712 304 1984 1990 2080 2446 
5713 304 2353 2499 2268 2270 
5714 304 830 184 829 1796 
5715 304 2009 1731 1754 1645 
5716 304 2453 2011 2452 2005 
5717 304 1266 1265 1226 2346 
5718 304 2234 2235 2233 2356 
5719 304 2234 2235 2356 2221 
5720 304 2194 2236 2015 2238 
5721 304 2099 224 223 1625 
5722 304 2322 792 2269 2265 
5723 304 580 2222 2177 2176 
5724 304 1770 2053 1724 2051 
5725 304 1983 2444 1987 1984 
5726 304 869 868 2099 224 
5727 304 2312 2384 2357 1945 
5728 304 858 857 1620 213 
5729 304 2329 1149 2545 2180 
5730 304 2465 2118 2115 2117 
5731 304 1054 955 954 2486 
5732 304 2369 2517 2363 2337 
5733 304 2375 2475 2376 2231 
5734 304 1619 856 2083 2082 
5735 304 1240 1241 1159 2231 
5736 304 2223 2003 2176 2008 
5737 304 1912 924 812 1910 
5738 304 2241 2447 2182 2181 
5739 304 386 496 1869 495 
5740 304 2312 2384 1945 2314 
5741 304 1099 1906 1913 1907 
5742 304 2448 2241 2447 2182 
5743 304 1490 2411 1516 1902 
5744 304 2178 1066 2223 1065 
5745 304 2378 2521 2519 2297 
5746 304 1373 2414 1872 1469 
5747 304 1913 1906 1099 1000 
5748 304 1064 2507 1158 2506 
5749 304 975 2089 2093 2092 
5750 304 2120 428 2119 534 
5751 304 2457 2036 2105 2039 
5752 304 1962 836 835 1792 
5753 304 2313 2358 2361 2494 
5754 304 1895 312 1364 1897 
5755 304 835 1792 190 1791 
5756 304 2506 1160 2231 1159 
5757 304 306 1387 59 1361 
5758 304 2547 948 2173 2394 
5759 304 963 2507 1063 964 
5760 304 2469 2367 2349 2538 
5761 304 639 2200 2248 2196 
5762 304 837 2131 1610 1532 
5763 304 2223 2235 2084 2085 
5764 304 2074 845 200 201 
5765 304 1251 1208 2542 2536 
5766 304 1937 2314 2529 2310 
5767 304 2507 964 1996 965 
5768 304 2329 1149 1150 2545 
5769 304 870 869 982 2029 
5770 304 549 1979 668 663 
5771 304 2040 2101 2103 2105 
5772 304 846 2075 202 1614 
5773 304 2199 2035 2455 2033 
5774 304 2255 2493 2494 2218 
5775 304 193 837 1532 192 
5776 304 2054 1758 1746 2059 
5777 304 991 2113 2501 1091 
5778 304 1791 835 189 190 
5779 304 2015 2238 2239 2194 
5780 304 2015 2237 2239 2238 
5781 304 1383 1481 1357 1886 
5782 304 1250 1227 2535 1249 
5783 304 1629 231 876 1551 
5784 304 1340 1787 1785 244 
5785 304 1563 1969 1668 1564 
5786 304 1394 2388 1292 1393 
5787 304 2467 2133 2247 2122 
5788 304 2490 2338 2250 2536 
5789 304 2303 777 2253 2248 
5790 304 1335 1963 1437 2437 
5791 304 62 309 1388 61 
5792 304 2244 2343 2371 2365 
5793 304 1250 1251 1169 2536 
5794 304 592 494 591 2141 
5795 304 2437 1336 1437 1335 
5796 304 2355 2261 2514 2354 
5797 304 2370 2546 2387 2366 
5798 304 2189 2445 2078 2333 
5799 304 2531 2354 2347 1210 
5800 304 2339 1247 2350 2091 
5801 304 1939 1108 1945 934 
5802 304 2514 2386 2212 2263 
5803 304 2218 782 746 735 
5804 304 881 237 236 1554 
5805 304 2063 2215 2460 2501 
5806 304 2501 878 2109 2110 
5807 304 2408 1640 1535 1612 
5808 304 2059 2063 2460 2501 
5809 304 1946 935 1944 2401 
5810 304 108 362 1590 334 
5811 304 1426 1425 1944 1324 
5812 304 1463 1890 1484 1528 
5813 304 1464 1386 1892 1484 
5814 304 2036 362 1589 333 
5815 304 1099 2403 1907 1913 
5816 304 1325 170 1324 906 
5817 304 1841 1966 2129 2484 
5818 304 2225 664 728 673 
5819 304 2155 2303 2157 2381 
5820 304 2102 2045 1653 2029 
5821 304 2251 2200 2543 2253 
5822 304 2251 2543 2307 2253 
5823 304 1881 1457 1477 1500 
5824 304 2046 2207 2206 557 
5825 304 857 969 970 2083 
5826 304 512 2157 610 513 
5827 304 2369 2279 2368 2140 
5828 304 1314 1925 1927 817 
5829 304 2369 2279 2140 2274 
5830 304 2328 2278 756 2179 
5831 304 2062 474 2058 578 
5832 304 2462 551 476 2067 
5833 304 1021 1122 2279 1196 
5834 304 571 538 1981 2174 
5835 304 1122 2368 2279 1196 
5836 304 1916 2288 2374 1913 
5837 304 2505 2475 2375 2231 
5838 304 2372 1101 1050 2281 
5839 304 2242 2509 2510 2330 
5840 304 2477 2543 1935 2344 
5841 304 2367 2349 2353 2267 
5842 304 1120 1121 2373 1212 
5843 304 2122 2467 918 2511 
5844 304 1017 1027 1916 1191 
5845 304 923 999 894 1906 
5846 304 1849 1826 2468 1840 
5847 304 2468 1859 1845 2126 
5848 304 2230 2240 2375 2290 
5849 304 892 997 808 1904 
5850 304 1870 385 494 384 
5851 304 2246 2445 2365 2078 
5852 304 1910 1404 1302 1303 
5853 304 1377 2421 1879 1455 
5854 304 2293 2476 2150 2417 
5855 304 1931 1009 904 820 
5856 304 498 1873 2146 2145 
5857 304 2356 1229 2541 2540 
5858 304 147 811 146 1301 
5859 304 2477 2543 2344 2253 
5860 304 2226 2441 2336 2073 
5861 304 2378 2221 2540 2294 
5862 304 1486 1530 1465 1893 
5863 304 2367 2481 2364 2324 
5864 304 1013 1950 1955 1041 
5865 304 1823 10 257 1841 
5866 304 265 1827 17 1826 
5867 304 804 1838 132 888 
5868 304 2421 2418 2420 1923 
5869 304 1911 1518 1402 1494 
5870 304 1244 1229 2356 2540 
5871 304 2540 2352 1205 2377 
5872 304 899 1311 1310 156 
5873 304 1557 1634 1776 2069 
5874 304 1911 2288 1914 1907 
5875 304 121 120 1603 340 
5876 304 2462 1763 2068 2064 
5877 304 2218 747 781 735 
5878 304 1540 1617 208 2079 
5879 304 1679 1574 1994 1575 
5880 304 1572 353 1571 1989 
5881 304 2361 2201 2204 2340 
5882 304 2480 2317 2515 2315 
5883 304 1595 2048 2044 1700 
5884 304 2104 1176 2256 1257 
5885 304 2500 2498 2499 2211 
5886 304 2180 2443 2442 1977 
5887 304 1895 312 1897 423 
5888 304 495 2143 2141 592 
5889 304 1899 1898 2275 917 
5890 304 2105 2100 2202 2024 
5891 304 265 1341 266 18 
5892 304 1714 1993 1765 1985 
5893 304 2142 2278 2140 589 
5894 304 1174 2340 2104 2398 
5895 304 385 495 1869 1870 
5896 304 2341 1220 2544 2543 
5897 304 1518 1871 1908 1493 
5898 304 2307 2527 2525 2305 
5899 304 691 2476 2150 2294 
5900 304 2218 747 735 647 
5901 304 2251 2305 2525 2201 
5902 304 1514 2421 1498 1923 
5903 304 2183 564 654 563 
5904 304 137 2388 806 1291 
5905 304 1229 1284 2541 1126 
5906 304 2226 2073 2336 1053 
5907 304 2415 2144 497 2146 
5908 304 2402 2515 2362 2357 
5909 304 1893 417 1891 306 
5910 304 1525 1943 1423 1422 
5911 304 2296 2541 1032 2298 
5912 304 1911 1907 1914 1906 
5913 304 1337 1338 1962 1438 
5914 304 2322 792 713 2269 
5915 304 1662 1607 1532 2131 
5916 304 1487 1961 1510 1531 
5917 304 1330 2391 2434 1331 
5918 304 1945 1941 1944 1947 
5919 304 2189 2075 959 2078 
5920 304 1401 2389 1908 1300 
5921 304 2246 2244 2445 2190 
5922 304 2244 2366 2387 2365 
5923 304 253 7 192 125 
5924 304 1629 1552 1656 2109 
5925 304 1689 1735 2018 1688 
5926 304 1325 906 1324 1944 
5927 304 778 777 2253 699 
5928 304 329 99 358 1581 
5929 304 1607 254 253 1820 
5930 304 507 506 2153 1879 
5931 304 2500 2498 2062 2214 
5932 304 934 1108 1945 1039 
5933 304 2500 2265 2211 2499 
5934 304 947 2327 1047 1048 
5935 304 1325 1426 1946 1944 
5936 304 1949 1329 1954 1430 
5937 304 1947 2479 2312 1887 
5938 304 2312 2479 2316 2357 
5939 304 2480 2515 2357 2315 
5940 304 734 2176 2008 2222 
5941 304 837 801 1532 192 
5942 304 2194 2236 2238 731 
5943 304 2306 1420 1884 1934 
5944 304 1661 1533 1965 1610 
5945 304 2049 337 1597 2048 
5946 304 1993 2446 2080 2447 
5947 304 18 1827 248 6 
5948 304 1122 2368 1196 1218 
5949 304 2479 2480 2357 2315 
5950 304 447 472 365 2048 
5951 304 529 528 626 2170 
5952 304 528 626 2170 625 
5953 304 1032 1024 2296 1004 
5954 304 2294 601 2150 691 
5955 304 364 111 112 1594 
5956 304 324 2449 434 1984 
5957 304 2151 1879 1877 2422 
5958 304 1596 337 365 2048 
5959 304 1814 1802 1819 2119 
5960 304 723 660 797 2228 
5961 304 902 162 819 1317 
5962 304 470 2039 2042 555 
5963 304 339 1601 2057 1600 
5964 304 2500 656 743 585 
5965 304 660 797 2228 2325 
5966 304 1363 309 1388 62 
5967 304 2171 2119 2224 2172 
5968 304 1364 1895 1467 1389 
5969 304 1895 1364 311 1389 
5970 304 2227 2216 2349 2469 
5971 304 2188 757 2190 2332 
5972 304 2190 757 2244 2332 
5973 304 2511 886 2121 950 
5974 304 2445 2533 2188 2332 
5975 304 2392 2131 2439 2185 
5976 304 533 2015 2194 643 
5977 304 2533 2244 2445 2343 
5978 304 551 646 554 2216 
5979 304 360 104 1586 103 
5980 304 2375 2147 2288 2291 
5981 304 1004 2298 1923 2296 
5982 304 556 2207 2046 575 
5983 304 2334 2399 2393 2349 
5984 304 2190 2445 2188 2332 
5985 304 2166 1891 527 526 
5986 304 331 1584 359 102 
5987 304 2462 2227 2503 2114 
5988 304 2445 2190 2244 2332 
5989 304 2371 2533 2474 2373 
5990 304 265 1827 1341 18 
5991 304 2371 2533 2373 2343 
5992 304 386 385 1869 274 
5993 304 1871 496 1869 387 
5994 304 493 494 2141 591 
5995 304 539 2449 535 2186 
5996 304 795 2285 2330 2146 
5997 304 572 441 467 2026 
5998 304 705 704 2313 615 
5999 304 1882 294 1355 1884 
6000 304 10 1823 257 258 
6001 304 2402 1211 1193 1214 
6002 304 361 2030 2028 1588 
6003 304 1429 1430 1328 1949 
6004 304 1958 1508 1431 2434 
6005 304 2391 2433 2324 1043 
6006 304 2224 2327 2173 1044 
6007 304 1991 1573 325 354 
6008 304 2509 2342 2510 2330 
6009 304 2286 2283 1203 1028 
6010 304 1734 1713 2009 1754 
6011 304 325 2449 1989 1991 
6012 304 723 726 2228 797 
6013 304 355 93 1576 1575 
6014 304 766 2240 2287 2242 
6015 304 2254 1172 1253 1171 
6016 304 766 2242 2287 795 
6017 304 685 766 2287 795 
6018 304 2341 1220 2543 1253 
6019 304 2146 685 2287 795 
6020 304 350 1566 1975 1565 
6021 304 2492 666 479 2198 
6022 304 766 767 686 2287 
6023 304 867 1624 2024 1547 
6024 304 2154 2156 607 510 
6025 304 1879 2421 2420 1455 
6026 304 689 2148 2230 2292 
6027 304 2475 1919 2376 2352 
6028 304 691 2476 2294 2297 
6029 304 283 1875 284 1350 
6030 304 502 501 599 2149 
6031 304 689 688 2149 599 
6032 304 767 2290 686 2287 
6033 304 1918 1002 813 1915 
6034 304 2454 2023 2019 2093 
6035 304 1705 1706 2407 1747 
6036 304 671 658 2267 2065 
6037 304 175 825 1329 909 
6038 304 273 1870 1367 1868 
6039 304 1780 1781 2118 1801 
6040 304 2368 2370 2277 1196 
6041 304 1968 429 567 425 
6042 304 381 270 269 1865 
6043 304 262 261 2123 1843 
6044 304 2225 2127 2488 2487 
6045 304 2363 1230 1148 1149 
6046 304 2236 2519 2520 2295 
6047 304 2336 2363 1148 1149 
6048 304 2372 2277 2370 1101 
6049 304 1196 2368 2279 2277 
6050 304 175 176 909 1330 
6051 304 1101 2279 1196 1021 
6052 304 1970 1968 542 455 
6053 304 308 307 1362 60 
6054 304 2290 737 767 768 
6055 304 308 1362 61 60 
6056 304 2290 737 768 2230 
6057 304 2170 1894 2482 2169 
6058 304 2103 869 2029 982 
6059 304 2548 874 986 2107 
6060 304 1386 305 58 1361 
6061 304 931 2390 1928 902 
6062 304 1308 1922 898 1307 
6063 304 593 592 2282 2143 
6064 304 2073 1052 2226 2184 
6065 304 997 2279 1904 2277 
6066 304 1239 2360 1213 1280 
6067 304 2411 1471 1865 1490 
6068 304 2073 1052 2184 953 
6069 304 899 928 1004 1923 
6070 304 2163 616 2161 519 
6071 304 1904 2473 2281 2277 
6072 304 1867 2279 2411 2140 
6073 304 733 2255 2257 784 
6074 304 1081 2101 981 1080 
6075 304 2307 2308 2158 2477 
6076 304 49 296 1356 48 
6077 304 426 1897 424 532 
6078 304 1601 1705 2057 1600 
6079 304 1727 2063 2061 1747 
6080 304 1262 1263 2354 1223 
6081 304 142 892 141 1296 
6082 304 2385 2514 2515 2317 
6083 304 2385 2514 2317 2386 
6084 304 2385 2514 2386 2355 
6085 304 2355 2514 2386 2354 
6086 304 1422 1938 1525 1943 
6087 304 2339 2237 2239 2091 
6088 304 2065 2499 2270 2268 
6089 304 2251 779 675 718 
6090 304 403 404 292 1882 
6091 304 2498 2065 2499 2270 
6092 304 12 11 259 1842 
6093 304 2517 2545 2363 2485 
6094 304 1199 2467 2273 2247 
6095 304 2466 1855 1836 2124 
6096 304 284 1376 37 1350 
6097 304 1870 495 1869 2412 
6098 304 504 505 1875 2150 
6099 304 2107 2548 2108 986 
6100 304 725 2222 769 2230 
6101 304 923 1906 1000 1099 
6102 304 1060 2534 2187 2333 
6103 304 2364 2499 2322 2269 
6104 304 2318 2480 2316 2423 
6105 304 2263 711 621 2530 
6106 304 1948 1427 1946 1326 
6107 304 1895 2428 2171 2224 
6108 304 1815 1803 1814 2120 
6109 304 1454 1875 1877 1497 
6110 304 2215 2270 2399 2268 
6111 304 1013 1948 824 1949 
6112 304 824 1948 1013 936 
6113 304 1150 2545 1232 2404 
6114 304 136 137 806 1291 
6115 304 1948 1429 1951 1428 
6116 304 1976 1637 1752 1773 
6117 304 375 374 484 2126 
6118 304 2369 1122 1275 2368 
6119 304 2215 2399 2502 2268 
6120 304 1956 1429 1948 1949 
6121 304 848 2077 961 849 
6122 304 2464 1810 1806 1796 
6123 304 1417 1416 1929 1926 
6124 304 2112 2056 2213 2459 
6125 304 1947 2479 1887 2423 
6126 304 1082 2259 2103 2256 
6127 304 1948 1429 1428 1327 
6128 304 2496 2358 2259 2362 
6129 304 1825 263 262 15 
6130 304 2114 2115 2227 2463 
6131 304 1012 1952 1950 1110 
6132 304 2435 1096 1113 2326 
6133 304 2362 2257 2358 2357 
6134 304 278 2414 1873 1872 
6135 304 2222 725 580 2177 
6136 304 1919 1017 1915 1916 
6137 304 2374 1280 2360 2375 
6138 304 2233 2237 2397 2193 
6139 304 2496 2358 2362 2257 
6140 304 2352 1920 1125 2377 
6141 304 1949 1948 1956 1955 
6142 304 824 173 1949 1327 
6143 304 1342 1369 1864 1443 
6144 304 172 824 907 1327 
6145 304 1188 1033 2504 1096 
6146 304 1069 2192 2235 2397 
6147 304 936 1012 1950 1110 
6148 304 1854 1835 1853 2466 
6149 304 2336 2363 2337 1148 
6150 304 2073 1052 953 1053 
6151 304 1835 803 129 1834 
6152 304 1868 2141 1870 2473 
6153 304 2467 918 915 2466 
6154 304 953 2184 840 952 
6155 304 951 943 1965 838 
6156 304 2207 2496 2257 2203 
6157 304 1671 1975 1670 1773 
6158 304 985 984 2106 872 
6159 304 2350 1165 1247 1246 
6160 304 2542 1227 1130 2380 
6161 304 2086 1717 1543 1647 
6162 304 2161 2549 2313 2478 
6163 304 615 2313 616 2161 
6164 304 2541 1190 2351 2296 
6165 304 2132 2464 830 1796 
6166 304 340 2064 369 476 
6167 304 2262 2211 2212 2346 
6168 304 1772 2442 1976 1972 
6169 304 2276 2141 2142 2472 
6170 304 2520 2233 2351 2519 
6171 304 2072 1660 1555 1659 
6172 304 900 1311 157 1312 
6173 304 2163 2313 2357 2478 
6174 304 1404 1910 1403 1914 
6175 304 2072 2462 2068 2503 
6176 304 2073 1052 1053 2226 
6177 304 2209 727 749 650 
6178 304 934 1011 1945 1941 
6179 304 2113 993 1092 992 
6180 304 1089 990 989 2112 
6181 304 995 1094 2114 2503 
6182 304 1848 2392 1832 1831 
6183 304 1748 2064 2068 1763 
6184 304 2113 2111 2061 2502 
6185 304 963 2243 1063 2507 
6186 304 1554 2503 1728 2068 
6187 304 1942 2384 1135 2382 
6188 304 616 518 2161 519 
6189 304 1869 1519 1444 1472 
6190 304 785 753 2257 784 
6191 304 1958 2433 1954 2323 
6192 304 1232 1233 1151 2404 
6193 304 1009 933 1107 1940 
6194 304 1860 2129 2121 1862 
6195 304 1222 2382 1269 1135 
6196 304 2529 2314 1937 1940 
6197 304 2358 1222 2384 2537 
6198 304 1735 1649 2027 2010 
6199 304 704 615 2549 2313 
6200 304 1997 1542 2083 1716 
6201 304 933 1010 1038 1940 
6202 304 2013 1716 1997 2007 
6203 304 2339 1247 2091 1248 
6204 304 747 2305 2218 781 
6205 304 2086 2001 972 2087 
6206 304 1558 2069 1777 314 
6207 304 2317 2514 2515 2260 
6208 304 1595 1596 113 365 
6209 304 726 658 723 2228 
6210 304 2538 1188 1146 2327 
6211 304 2469 2367 2538 2325 
6212 304 2089 2019 1718 2087 
6213 304 1975 1671 1978 1753 
6214 304 848 2077 847 960 
6215 304 2095 1170 1169 1075 
6216 304 2092 1622 2089 2010 
6217 304 2095 1170 1075 1076 
6218 304 977 1077 2017 1076 
6219 304 1649 2092 2010 1622 
6220 304 1070 2193 2091 2088 
6221 304 2239 2088 2015 2020 
6222 304 2529 2310 2159 2306 
6223 304 1383 298 51 299 
6224 304 1211 2355 2402 1225 
6225 304 1170 2536 2345 2095 
6226 304 2064 2217 2068 2462 
6227 304 2041 2046 2205 2047 
6228 304 2354 2346 2212 2347 
6229 304 2405 1286 1228 1285 
6230 304 2265 792 2269 743 
6231 304 713 714 624 2269 
6232 304 73 1783 343 72 
6233 304 656 2265 743 721 
6234 304 1769 1723 1654 2047 
6235 304 2267 2268 2349 2353 
6236 304 1170 2536 2095 1169 
6237 304 2409 1447 1898 1899 
6238 304 1594 2044 1698 1699 
6239 304 261 1824 1843 13 
6240 304 1699 2047 2044 1698 
6241 304 1743 1768 2041 1697 
6242 304 1262 2355 1223 2354 
6243 304 1699 2047 1698 1769 
6244 304 2041 2046 2047 2044 
6245 304 1952 2318 2432 1953 
6246 304 2208 985 1084 984 
6247 304 738 749 2212 789 
6248 304 1119 2402 1214 2357 
6249 304 237 881 882 1554 
6250 304 2429 998 1900 2279 
6251 304 1745 1770 2051 2048 
6252 304 2487 2226 2185 1970 
6253 304 2140 2369 2517 2368 
6254 304 1865 2139 2410 1866 
6255 304 2163 1887 2479 2162 
6256 304 1373 2414 1469 1448 
6257 304 787 2317 709 708 
6258 304 492 2142 1867 2140 
6259 304 1875 1513 1876 2416 
6260 304 814 153 898 1307 
6261 304 900 2302 929 1005 
6262 304 1876 1513 1875 1451 
6263 304 2209 670 2497 558 
6264 304 2492 747 647 648 
6265 304 1087 2548 1086 2261 
6266 304 1316 2390 902 1928 
6267 304 868 869 2099 981 
6268 304 1133 1220 2543 2544 
6269 304 2535 1248 2339 1167 
6270 304 1922 2293 2416 2417 
6271 304 2453 543 548 439 
6272 304 1252 2254 2345 2344 
6273 304 2345 2254 1170 2095 
6274 304 1962 1438 1437 1336 
6275 304 938 2433 1954 2391 
6276 304 2324 1192 2367 2326 
6277 304 1669 1972 1565 1564 
6278 304 1131 1274 1279 2344 
6279 304 2419 1927 2302 2154 
6280 304 1197 1131 1279 2344 
6281 304 595 498 497 2146 
6282 304 1929 2304 1883 1936 
6283 304 31 1373 278 279 
6284 304 2151 1879 2422 2153 
6285 304 1923 1309 1411 1410 
6286 304 155 815 154 1309 
6287 304 155 1310 899 1309 
6288 304 1342 20 268 267 
6289 304 455 1970 454 564 
6290 304 1279 2345 2542 2344 
6291 304 903 163 1318 2390 
6292 304 1937 1938 1421 1422 
6293 304 1929 1927 1883 2304 
6294 304 1501 1418 1936 1511 
6295 304 1930 1928 1936 1935 
6296 304 1884 2306 1934 2158 
6297 304 2216 2349 2228 2267 
6298 304 2210 2548 2261 2108 
6299 304 1963 2116 2437 2224 
6300 304 1857 1859 2124 1855 
6301 304 1420 1884 1502 1512 
6302 304 2409 2124 2468 2126 
6303 304 2317 787 2260 786 
6304 304 1529 1507 1891 1958 
6305 304 1891 1892 1956 1507 
6306 304 1507 1958 1956 1891 
6307 304 1507 1891 1892 1464 
6308 304 1891 1386 305 1892 
6309 304 1464 1507 1891 1529 
6310 304 931 2390 902 819 
6311 304 1888 413 522 412 
6312 304 2429 998 2279 920 
6313 304 2215 2113 2061 2502 
6314 304 2429 1293 1900 891 
6315 304 64 63 311 1389 
6316 304 1396 1395 2429 1294 
6317 304 2429 1293 891 1294 
6318 304 2223 2221 2359 2235 
6319 304 280 1872 279 391 
6320 304 1004 2298 2296 1032 
6321 304 1441 1917 1495 1488 
6322 304 1912 1017 1915 925 
6323 304 1032 1019 2431 2298 
6324 304 1947 2423 1953 2432 
6325 304 2167 1892 1891 525 
6326 304 161 902 818 1316 
6327 304 1316 1315 1926 818 
6328 304 998 2274 1900 2279 
6329 304 2125 1827 1341 265 
6330 304 583 2130 2139 488 
6331 304 2293 2417 2431 2298 
6332 304 1054 954 2073 2486 
6333 304 2293 1922 2431 2417 
6334 304 2002 2009 2451 2003 
6335 304 1293 1900 807 1292 
6336 304 1910 1913 1914 1916 
6337 304 1949 1430 1954 1956 
6338 304 892 142 1297 1296 
6339 304 2469 2367 2325 2228 
6340 304 298 1383 1357 1886 
6341 304 2434 2433 1959 1960 
6342 304 2469 2367 2228 2349 
6343 304 938 2433 2391 1043 
6344 304 1474 1376 1875 1350 
6345 304 1294 1295 808 2429 
6346 304 2171 2119 2172 534 
6347 304 526 2166 525 623 
6348 304 1891 1386 1361 305 
6349 304 1943 2312 2314 2161 
6350 304 2371 2245 2472 2280 
6351 304 460 351 1978 322 
6352 304 2146 595 685 684 
6353 304 836 1962 941 912 
6354 304 1032 2541 2296 1126 
6355 304 793 741 2267 2269 
6356 304 2267 743 2269 741 
6357 304 1416 1417 1929 1524 
6358 304 1993 2080 1984 1985 
6359 304 285 1875 1376 284 
6360 304 2251 2305 2201 780 
6361 304 2080 1990 1984 2444 
6362 304 1949 1329 1430 1328 
6363 304 1990 2449 2446 1984 
6364 304 2417 1923 2298 2422 
6365 304 2449 1989 2446 1984 
6366 304 2540 1147 1124 1278 
6367 304 1765 1993 1984 1985 
6368 304 1889 1888 301 1359 
6369 304 395 505 1875 504 
6370 304 1891 1464 1529 1485 
6371 304 2437 912 828 941 
6372 304 2288 2375 2510 2287 
6373 304 2448 2446 2447 2080 
6374 304 503 393 502 1876 
6375 304 2080 1990 2448 2446 
6376 304 1479 1882 1511 1458 
6377 304 2150 503 601 2148 
6378 304 296 1382 1356 1885 
6379 304 1921 1876 1513 2416 
6380 304 172 171 1326 907 
6381 304 1501 1524 1478 1883 
6382 304 1508 1530 1432 2434 
6383 304 1255 1206 1256 2340 
6384 304 2341 1255 2340 2544 
6385 304 30 1372 29 277 
6386 304 2282 2144 2143 2474 
6387 304 34 282 35 1349 
6388 304 2453 533 2015 2020 
6389 304 1865 2138 2411 2410 
6390 304 1099 2403 1913 1026 
6391 304 1508 1891 1529 1485 
6392 304 1330 826 176 909 
6393 304 2453 533 2020 465 
6394 304 2036 362 469 444 
6395 304 1619 856 2082 211 
6396 304 469 562 2039 444 
6397 304 540 539 2186 1990 
6398 304 326 1574 1994 354 
6399 304 1992 1991 2449 435 
6400 304 995 2503 882 994 
6401 304 93 326 92 1575 
6402 304 363 1592 2041 2038 
6403 304 2041 2042 445 2038 
6404 304 337 473 2048 2049 
6405 304 2209 2055 558 2497 
6406 304 1723 1654 2047 2106 
6407 304 2262 2112 2213 2055 
6408 304 1990 2449 1984 434 
6409 304 1591 108 1590 334 
6410 304 1624 1546 2096 1720 
6411 304 100 330 1582 1583 
6412 304 1912 812 896 149 
6413 304 1558 342 1606 2069 
6414 304 1990 2188 540 1986 
6415 304 2496 2358 2203 2259 
6416 304 348 1562 79 80 
6417 304 1634 251 1776 1775 
6418 304 1556 1634 2071 1774 
6419 304 2259 2494 2256 2358 
6420 304 2466 1855 2124 1859 
6421 304 2259 2494 2358 2203 
6422 304 2123 1859 2466 2124 
6423 304 1070 2193 2088 1997 
6424 304 1497 1877 2417 1875 
6425 304 2123 1850 1861 1846 
6426 304 1595 2044 365 336 
6427 304 337 473 2049 366 
6428 304 341 122 1605 1604 
6429 304 361 106 1588 105 
6430 304 2297 2153 2151 2422 
6431 304 638 2133 2225 664 
6432 304 796 2272 2335 2271 
6433 304 1631 881 236 1554 
6434 304 2465 2119 2172 2327 
6435 304 963 2243 2507 2080 
6436 304 2175 2329 2246 1979 
6437 304 1877 286 1351 1879 
6438 304 2203 2042 2495 2493 
6439 304 2281 2472 2277 2473 
6440 304 1902 1900 2279 2429 
6441 304 330 2014 358 1582 
6442 304 1604 121 1603 369 
6443 304 808 920 2429 2279 
6444 304 2460 2112 2459 2059 
6445 304 2259 2494 2203 2495 
6446 304 1977 537 431 1973 
6447 304 2002 1578 1577 356 
6448 304 1628 230 874 229 
6449 304 756 739 2179 2278 
6450 304 2116 941 2437 1044 
6451 304 2343 1288 1235 1283 
6452 304 2239 2015 2194 2020 
6453 304 1895 2224 2120 2116 
6454 304 2442 2408 1976 2486 
6455 304 973 974 861 2087 
6456 304 1650 2094 1623 1546 
6457 304 1085 985 1084 2108 
6458 304 2283 2143 2413 2144 
6459 304 2283 2372 2371 1198 
6460 304 1823 1858 2129 1856 
6461 304 1170 2536 1169 1251 
6462 304 2542 1227 2380 2535 
6463 304 2285 2284 2144 2373 
6464 304 2144 2284 2415 2286 
6465 304 2548 874 2107 2051 
6466 304 2076 2175 1982 1976 
6467 304 986 2107 874 873 
6468 304 1054 954 1053 2073 
6469 304 682 681 764 2282 
6470 304 1062 2534 962 1061 
6471 304 1212 2342 2373 2539 
6472 304 402 1881 290 401 
6473 304 1907 1121 2286 2373 
6474 304 2194 2236 731 643 
6475 304 674 2301 2249 775 
6476 304 339 118 1601 1600 
6477 304 362 2036 1589 1590 
6478 304 550 2023 480 2197 
6479 304 784 2255 2257 2313 
6480 304 943 2131 2392 2185 
6481 304 2032 2025 2034 442 
6482 304 1594 2041 1698 2044 
6483 304 2215 2063 2460 2062 
6484 304 2312 2357 2478 2163 
6485 304 734 2176 2222 745 
6486 304 122 341 369 1604 
6487 304 1760 1727 1658 2061 
6488 304 734 742 2008 655 
6489 304 368 450 475 2060 
6490 304 2452 2489 1997 2193 
6491 304 2000 1715 1762 1731 
6492 304 672 2012 543 659 
6493 304 1991 1574 1679 1678 
6494 304 655 2191 2008 544 
6495 304 2357 2313 2163 2311 
6496 304 2118 1818 2137 2115 
6497 304 2465 2172 2469 2327 
6498 304 1354 1457 1379 1883 
6499 304 580 745 2176 662 
6500 304 2119 2137 1819 2394 
6501 304 1996 852 965 964 
6502 304 1771 1988 1663 1766 
6503 304 2483 2538 2504 2367 
6504 304 1574 1573 1678 1991 
6505 304 2056 1629 1551 1725 
6506 304 2114 2115 2463 2132 
6507 304 2103 2101 981 1081 
6508 304 2009 1713 1645 1754 
6509 304 1777 1557 1776 2069 
6510 304 2063 1747 2407 2061 
6511 304 475 2067 2060 450 
6512 304 2464 832 1794 2137 
6513 304 1706 1705 2407 1601 
6514 304 2538 2172 2325 2483 
6515 304 2171 2325 2483 2169 
6516 304 1990 2449 2186 2448 
6517 304 1811 2394 1819 2137 
6518 304 84 85 322 1567 
6519 304 2326 2224 2504 2483 
6520 304 2224 2483 2172 2327 
6521 304 2171 2325 2169 628 
6522 304 2177 580 2176 486 
6523 304 2120 1805 1784 346 
6524 304 315 1780 70 345 
6525 304 426 2120 532 534 
6526 304 436 1999 486 541 
6527 304 1805 1897 1809 1787 
6528 304 2394 2173 2327 948 
6529 304 947 2137 1047 2327 
6530 304 1781 71 70 345 
6531 304 2177 1999 1995 541 
6532 304 1276 1188 1146 2538 
6533 304 568 580 486 2176 
6534 304 2337 2225 2487 2134 
6535 304 241 242 1786 1338 
6536 304 1340 66 1785 313 
6537 304 2120 1962 1815 1809 
6538 304 1170 2536 1251 2345 
6539 304 345 2117 1780 2118 
6540 304 2465 2119 2327 2137 
6541 304 287 286 1377 39 
6542 304 2125 267 1369 1864 
6543 304 1836 1837 2124 1855 
6544 304 2095 2536 2248 2490 
6545 304 886 802 2121 950 
6546 304 2133 2247 2487 2134 
6547 304 2247 2273 2337 2134 
6548 304 2345 2522 2381 2248 
6549 304 132 804 131 1837 
6550 304 2247 2337 2487 2134 
6551 304 2345 1251 2542 2536 
6552 304 2023 2239 2195 2093 
6553 304 2254 2248 2095 2345 
6554 304 776 775 752 2249 
6555 304 804 1838 2124 1837 
6556 304 1208 1197 1279 2542 
6557 304 2454 2093 2027 2490 
6558 304 2494 2313 2257 2255 
6559 304 2526 2340 2201 2361 
6560 304 2526 2218 2361 2201 
6561 304 1559 1560 347 1966 
6562 304 2313 2218 2361 2526 
6563 304 2218 2255 2313 2494 
6564 304 1835 803 1834 2466 
6565 304 1299 893 2389 810 
6566 304 2204 2340 2219 2361 
6567 304 2518 2471 2274 2470 
6568 304 678 679 589 2278 
6569 304 1518 1908 1402 1401 
6570 304 538 571 633 2174 
6571 304 2287 2330 2242 2510 
6572 304 2141 590 591 680 
6573 304 30 1372 277 1347 
6574 304 2500 656 2265 743 
6575 304 2121 1863 2122 2128 
6576 304 2253 778 720 777 
6577 304 2156 2155 1927 2380 
6578 304 665 2197 674 2194 
6579 304 2535 1215 1249 1227 
6580 304 2264 2209 2212 2055 
6581 304 169 822 1323 1944 
6582 304 2400 2433 2323 1954 
6583 304 1483 2424 1888 1890 
6584 304 2237 2091 2397 2193 
6585 304 1508 1893 1891 1485 
6586 304 2318 2386 2532 2385 
6587 304 2480 2164 2162 2423 
6588 304 2115 2135 2117 2070 
6589 304 1483 2424 1890 1506 
6590 304 1847 2128 1824 1850 
6591 304 371 372 260 2128 
6592 304 133 1838 888 132 
6593 304 474 559 448 2058 
6594 304 2470 2518 2369 2274 
6595 304 583 484 582 2130 
6596 304 2133 371 2129 2128 
6597 304 1070 2193 1997 2397 
6598 304 2336 1054 1148 1053 
6599 304 2487 2336 1970 2183 
6600 304 2500 2062 2058 578 
6601 304 474 2054 2058 448 
6602 304 1922 1408 1918 1307 
6603 304 2152 1879 2153 2418 
6604 304 799 2299 774 695 
6605 304 2336 2485 2337 2363 
6606 304 2302 1095 929 1005 
6607 304 2058 2049 2054 2459 
6608 304 154 815 1308 1309 
6609 304 2273 1287 2337 2369 
6610 304 2057 2058 2062 474 
6611 304 1497 1409 1922 1410 
6612 304 1252 1251 2345 1170 
6613 304 1381 1459 1479 1884 
6614 304 559 2500 2058 578 
6615 304 172 1327 907 1326 
6616 304 2227 2393 2503 1094 
6617 304 2203 753 669 733 
6618 304 2198 675 718 2251 
6619 304 514 612 2158 611 
6620 304 2103 2256 2104 1081 
6621 304 2502 2227 2503 2217 
6622 304 1940 2314 2382 2529 
6623 304 1384 53 301 300 
6624 304 942 2511 2121 950 
6625 304 2502 2399 2215 2113 
6626 304 1691 2025 1690 1756 
6627 304 415 1890 414 524 
6628 304 1330 826 909 2391 
6629 304 2405 2399 2393 1286 
6630 304 1092 993 2113 2502 
6631 304 2502 1093 2393 1092 
6632 304 2330 2332 2188 2533 
6633 304 1287 2363 1148 2337 
6634 304 2327 2224 2483 2504 
6635 304 967 968 855 2082 
6636 304 1640 1637 1752 1976 
6637 304 2393 1144 1202 1094 
6638 304 1671 1672 1978 1753 
6639 304 2215 2065 2268 2217 
6640 304 2485 2183 2336 2337 
6641 304 2272 2271 676 2138 
6642 304 1982 1672 1753 1978 
6643 304 2298 1019 2540 1147 
6644 304 1162 2356 2359 1244 
6645 304 2540 1019 1124 1147 
6646 304 2091 2237 2088 2193 
6647 304 2378 2422 2521 2297 
6648 304 2204 2495 2494 2219 
6649 304 2091 2090 2088 2239 
6650 304 2465 2135 2115 2227 
6651 304 853 208 852 2079 
6652 304 2398 2100 2097 2199 
6653 304 2000 1680 1994 1998 
6654 304 97 328 96 1579 
6655 304 372 261 260 2128 
6656 304 1681 1680 1731 1998 
6657 304 1073 1167 2090 1072 
6658 304 2041 364 1593 335 
6659 304 2177 2240 2230 737 
6660 304 2320 2166 2530 2167 
6661 304 1205 2377 1125 1124 
6662 304 2525 2544 2341 2340 
6663 304 2241 2348 2448 2243 
6664 304 1076 2254 2512 2095 
6665 304 2086 1717 2016 2001 
6666 304 2378 2294 2540 2377 
6667 304 1019 2377 2540 1124 
6668 304 1733 2014 1687 1686 
6669 304 979 866 2096 2024 
6670 304 2356 2350 1245 2397 
6671 304 2397 1164 1246 1245 
6672 304 2351 1270 1190 1284 
6673 304 2495 2042 2039 2493 
6674 304 2318 2386 2385 2164 
6675 304 2303 777 776 698 
6676 304 2318 2386 2164 2165 
6677 304 2510 2241 2509 2240 
6678 304 577 558 2055 2497 
6679 304 2510 2241 2240 2360 
6680 304 2208 1083 2258 2259 
6681 304 708 2162 619 618 
6682 304 1884 296 1356 1885 
6683 304 2014 1582 1687 1686 
6684 304 913 1901 916 1022 
6685 304 2321 1948 1953 2532 
6686 304 1096 2326 1192 1113 
6687 304 2114 1144 2463 2227 
6688 304 2425 2424 1953 2423 
6689 304 316 1782 71 72 
6690 304 2070 456 453 344 
6691 304 1326 823 1946 907 
6692 304 760 678 2278 761 
6693 304 2124 915 2275 919 
6694 304 2026 2018 441 2022 
6695 304 2175 2076 2246 2329 
6696 304 1870 495 2141 494 
6697 304 2085 2084 2081 2082 
6698 304 1952 2385 2532 1139 
6699 304 463 2003 1998 437 
6700 304 2493 2218 2204 2494 
6701 304 2493 2218 652 2204 
6702 304 857 1542 1620 213 
6703 304 971 2088 1997 1070 
6704 304 1735 2454 2018 2019 
6705 304 2086 214 1620 1543 
6706 304 217 1544 861 2089 
6707 304 759 724 744 2232 
6708 304 2523 1034 1143 1130 
6709 304 518 1885 2159 2161 
6710 304 702 703 2160 2305 
6711 304 2305 2218 781 2309 
6712 304 2263 2209 2212 2514 
6713 304 234 878 2110 1630 
6714 304 2172 2483 2224 2171 
6715 304 2123 2124 2275 2126 
6716 304 2350 1270 1246 1247 
6717 304 1178 2362 2258 2259 
6718 304 2378 2221 2294 2234 
6719 304 2164 2386 2385 2317 
6720 304 2356 2350 2397 2233 
6721 304 881 2111 2503 1554 
6722 304 879 991 2110 878 
6723 304 2503 881 994 993 
6724 304 1916 924 1001 1912 
6725 304 1583 2014 1582 1687 
6726 304 2466 1863 2128 2122 
6727 304 2031 2033 2096 2199 
6728 304 1022 2275 1901 2518 
6729 304 1912 1017 925 1001 
6730 304 1022 2275 1051 919 
6731 304 924 1913 1916 1027 
6732 304 1864 379 488 378 
6733 304 2466 1855 1859 1854 
6734 304 375 485 2126 484 
6735 304 2130 2471 2470 2139 
6736 304 2133 2185 2487 2247 
6737 304 2356 2350 2233 2351 
6738 304 2024 2097 2100 2199 
6739 304 2467 2133 2122 2123 
6740 304 1870 1445 1345 1367 
6741 304 2141 681 680 591 
6742 304 1372 1871 277 1873 
6743 304 2293 1922 926 1003 
6744 304 594 496 593 2144 
6745 304 1914 1912 1917 1404 
6746 304 2285 593 594 683 
6747 304 708 786 2315 707 
6748 304 2260 787 729 786 
6749 304 1212 2342 2539 1237 
6750 304 1907 2374 2539 2284 
6751 304 2308 2307 2527 2525 
6752 304 2257 736 2260 2207 
6753 304 2341 1220 1253 1254 
6754 304 2341 2097 2252 2398 
6755 304 922 2283 1028 1098 
6756 304 2285 594 2144 2146 
6757 304 343 1783 317 2120 
6758 304 2164 2165 2424 2318 
6759 304 2370 2366 2372 1281 
6760 304 2285 683 684 758 
6761 304 362 107 1589 333 
6762 304 2490 2338 2536 2248 
6763 304 2235 2191 2233 2006 
6764 304 2320 1951 2424 2321 
6765 304 2023 2093 2195 2019 
6766 304 2011 329 2453 465 
6767 304 2165 2321 2424 2318 
6768 304 2425 2424 2423 1888 
6769 304 2320 1951 2321 1956 
6770 304 2270 2266 2346 2499 
6771 304 2023 2239 2093 2250 
6772 304 1683 1684 1579 2004 
6773 304 2492 2198 2032 2202 
6774 304 1767 2033 2028 2406 
6775 304 2207 736 2260 644 
6776 304 2162 521 619 618 
6777 304 2200 2543 2253 2344 
6778 304 2210 2261 1087 2262 
6779 304 823 171 1325 170 
6780 304 2511 886 950 918 
6781 304 1888 1889 2425 1359 
6782 304 1836 1835 1854 2466 
6783 304 1934 2308 1935 2477 
6784 304 2545 2180 1979 2329 
6785 304 2185 2122 2511 2247 
6786 304 2133 2225 664 2134 
6787 304 2226 2440 2184 2185 
6788 304 2024 2031 2096 2199 
6789 304 2185 2122 2247 2133 
6790 304 382 1867 1865 491 
6791 304 587 588 2271 677 
6792 304 2185 2122 2133 2121 
6793 304 1275 1287 2363 1230 
6794 304 2262 1264 1183 2346 
6795 304 1412 1310 1411 1923 
6796 304 2262 2211 2346 2266 
6797 304 970 1070 1997 1069 
6798 304 659 2012 543 548 
6799 304 1221 2347 2364 2346 
6800 304 2131 943 1965 2185 
6801 304 2273 1287 2369 1271 
6802 304 1456 2419 1523 1499 
6803 304 2246 2076 2404 2329 
6804 304 611 513 610 2157 
6805 304 1889 1462 2425 1359 
6806 304 2358 1219 1258 1259 
6807 304 2024 2101 2100 980 
6808 304 672 2232 659 724 
6809 304 2236 2519 2295 2232 
6810 304 2057 2058 474 2054 
6811 304 2060 2407 2062 2057 
6812 304 2136 2117 2118 2465 
6813 304 2322 2269 2499 2265 
6814 304 1144 2393 2227 1094 
6815 304 474 2054 338 367 
6816 304 485 1864 488 378 
6817 304 2378 2294 2377 2476 
6818 304 2153 694 693 604 
6819 304 2292 745 770 734 
6820 304 2394 1793 1808 1807 
6821 304 2273 1287 1271 1207 
6822 304 2436 1033 1096 2504 
6823 304 2233 2356 2351 2519 
6824 304 719 758 2330 751 
6825 304 2436 1096 2326 2504 
6826 304 2248 2344 2200 2253 
6827 304 2210 2458 2050 2055 
6828 304 2210 2264 2262 2055 
6829 304 2264 2210 2050 2055 
6830 304 2153 2297 2295 2521 
6831 304 1310 1412 1924 1923 
6832 304 1243 2359 1242 1205 
6833 304 2151 1875 2417 1877 
6834 304 1917 1450 1874 1872 
6835 304 2338 2345 2536 2248 
6836 304 2421 2422 2418 1923 
6837 304 99 1582 358 1581 
6838 304 2243 2447 2241 2507 
6839 304 2030 2031 2040 2105 
6840 304 2521 2152 2153 2418 
6841 304 2348 2374 2510 2539 
6842 304 2039 2038 2457 2036 
6843 304 929 1927 817 1006 
6844 304 1929 2304 1926 1927 
6845 304 2521 2378 2296 2422 
6846 304 2296 2378 2521 2351 
6847 304 602 2476 2297 2151 
6848 304 393 394 282 1876 
6849 304 2520 2237 2238 2339 
6850 304 616 2313 615 705 
6851 304 2493 562 2204 652 
6852 304 748 777 776 2248 
6853 304 2204 2218 2361 2494 
6854 304 1948 1326 1946 907 
6855 304 2421 2422 1923 1877 
6856 304 2493 2494 2204 2495 
6857 304 273 1870 1345 1367 
6858 304 2493 2494 2495 2203 
6859 304 1411 1412 1923 1498 
6860 304 2257 2311 2315 785 
6861 304 577 670 2497 651 
6862 304 307 1387 59 306 
6863 304 782 704 2309 783 
6864 304 2039 2042 2495 2457 
6865 304 697 2249 2301 775 
6866 304 2205 2045 2041 2047 
6867 304 2262 2112 2055 2211 
6868 304 572 639 645 2196 
6869 304 552 2198 2200 2034 
6870 304 1167 2339 2091 1248 
6871 304 1968 370 2129 2127 
6872 304 2487 2336 2183 2337 
6873 304 2185 1970 2127 2487 
6874 304 134 135 805 1289 
6875 304 133 1365 5 134 
6876 304 1077 978 2017 2097 
6877 304 1922 2293 926 1918 
6878 304 1922 1410 2431 2417 
6879 304 1008 903 2390 819 
6880 304 2225 2183 2487 2488 
6881 304 2262 2211 2055 2212 
6882 304 2394 947 832 833 
6883 304 1276 2367 1282 1192 
6884 304 1427 1428 1326 1948 
6885 304 2393 1228 1144 2405 
6886 304 1177 1178 2259 2362 
6887 304 2137 1794 2464 1812 
6888 304 2499 2212 2322 2265 
6889 304 2499 2212 2265 2211 
6890 304 2119 2137 2394 2327 
6891 304 2464 1789 830 1796 
6892 304 2127 370 2129 371 
6893 304 899 928 1923 1924 
6894 304 2223 2352 2222 2231 
6895 304 1876 1874 1495 1452 
6896 304 692 2153 693 603 
6897 304 1867 272 383 271 
6898 304 638 2225 673 664 
6899 304 2173 2547 2394 1807 
6900 304 1401 2389 1300 1299 
6901 304 2499 2266 2346 2211 
6902 304 1287 1230 1148 2363 
6903 304 969 1068 1069 2083 
6904 304 1241 1160 1159 2231 
6905 304 2506 1160 1159 1065 
6906 304 1408 1922 1918 1921 
6907 304 815 154 1308 898 
6908 304 2275 2467 915 2466 
6909 304 2251 2305 780 2307 
6910 304 782 2218 781 735 
6911 304 2003 1999 2178 2223 
6912 304 2164 2263 2386 2317 
6913 304 2358 1222 1219 2384 
6914 304 2177 2240 737 2181 
6915 304 351 86 1568 85 
6916 304 1404 1403 1520 1914 
6917 304 2548 1085 1086 2261 
6918 304 1402 1908 1300 1401 
6919 304 1067 968 967 2084 
6920 304 1137 2300 1190 1102 
6921 304 1537 847 202 203 
6922 304 2548 1085 986 1086 
6923 304 1152 2404 1151 1233 
6924 304 1848 1844 1862 2484 
6925 304 1056 2175 1055 2329 
6926 304 2264 2206 2261 2514 
6927 304 2102 2205 2208 2045 
6928 304 1650 2035 2094 2096 
6929 304 1768 1742 2038 1696 
6930 304 768 767 2290 687 
6931 304 385 386 1869 495 
6932 304 2398 2220 2219 2202 
6933 304 2105 2100 2024 2101 
6934 304 1833 1832 1851 2121 
6935 304 1556 240 829 1633 
6936 304 1895 2120 1962 2116 
6937 304 2393 2227 2349 2405 
6938 304 2405 1276 1286 1285 
6939 304 1779 1780 69 315 
6940 304 316 2118 345 1781 
6941 304 2117 1801 1780 2118 
6942 304 2333 2189 1059 2078 
6943 304 1567 84 1566 322 
6944 304 460 351 1980 1978 
6945 304 82 349 81 1564 
6946 304 1866 380 379 268 
6947 304 2286 1906 1025 1907 
6948 304 811 146 1301 894 
6949 304 2468 1849 1840 1845 
6950 304 2100 2398 2219 2202 
6951 304 1394 2388 1393 1901 
6952 304 2398 2100 2219 2104 
6953 304 2105 2100 2101 2219 
6954 304 2296 1102 2300 928 
6955 304 2510 2240 2509 2242 
6956 304 389 2145 1873 498 
6957 304 1848 2392 2484 1862 
6958 304 2100 2101 2219 2104 
6959 304 2286 1911 1908 1906 
6960 304 1873 2415 2146 2145 
6961 304 2227 2349 2405 2229 
6962 304 821 1321 167 1322 
6963 304 1874 280 281 392 
6964 304 1353 42 289 1378 
6965 304 1879 507 398 1878 
6966 304 1010 821 905 1939 
6967 304 1927 929 2302 2523 
6968 304 694 605 604 2153 
6969 304 1951 1890 1892 2424 
6970 304 2227 2349 2216 2334 
6971 304 2161 2310 2478 2314 
6972 304 616 617 519 2163 
6973 304 1941 1504 1423 1424 
6974 304 1897 423 532 1895 
6975 304 942 2392 2185 943 
6976 304 1811 1790 1808 2394 
6977 304 1851 2392 2121 1832 
6978 304 942 802 2121 885 
6979 304 1607 2131 1608 1839 
6980 304 2131 1848 2392 2484 
6981 304 1943 2312 2161 1887 
6982 304 2312 2384 2314 2478 
6983 304 1222 2358 1219 1258 
6984 304 458 1972 321 1975 
6985 304 1871 1518 1473 1493 
6986 304 1153 1152 1234 2365 
6987 304 2547 1791 834 1793 
6988 304 2281 1909 2430 996 
6989 304 2282 592 593 682 
6990 304 1483 2424 1506 2425 
6991 304 105 361 1587 1588 
6992 304 1107 933 1038 1940 
6993 304 427 1972 349 321 
6994 304 1420 1931 2306 1938 
6995 304 1933 1931 1932 2306 
6996 304 2043 2457 2103 2042 
6997 304 164 903 163 1318 
6998 304 1969 1972 1668 1564 
6999 304 350 458 321 1975 
7000 304 243 242 1339 1795 
7001 304 350 83 1565 321 
7002 304 836 1792 1786 191 
7003 304 83 82 1565 321 
7004 304 2070 2462 2227 2135 
7005 304 2462 2070 2227 2114 
7006 304 2173 2547 1807 2116 
7007 304 1989 1993 1984 1765 
7008 304 1975 1977 1979 458 
7009 304 1943 1887 2161 1886 
7010 304 1980 351 1568 1978 
7011 304 327 437 355 1998 
7012 304 2094 865 2096 2017 
7013 304 2229 1144 2405 2227 
7014 304 2074 846 201 1614 
7015 304 352 87 1570 1569 
7016 304 2161 409 1885 1886 
7017 304 2077 203 1537 1615 
7018 304 268 1342 267 1864 
7019 304 1495 1921 2289 1876 
7020 304 437 463 355 1998 
7021 304 580 568 662 2176 
7022 304 459 1991 354 436 
7023 304 328 1579 2004 1578 
7024 304 2023 440 2020 550 
7025 304 1170 2254 2345 1252 
7026 304 2014 330 440 466 
7027 304 2025 2034 467 2026 
7028 304 368 339 2060 475 
7029 304 2265 792 743 791 
7030 304 1758 2458 2056 2459 
7031 304 559 448 2058 577 
7032 304 560 561 2065 475 
7033 304 1761 1684 1683 2004 
7034 304 449 474 2062 578 
7035 304 2233 2012 2489 2006 
7036 304 2405 1145 2229 1146 
7037 304 171 823 1326 907 
7038 304 2224 2436 2326 2504 
7039 304 1793 1790 2394 1808 
7040 304 2031 2030 2456 2105 
7041 304 2170 716 2325 794 
7042 304 2314 1939 1937 1940 
7043 304 1885 1943 2161 1886 
7044 304 2247 1134 1018 2511 
7045 304 373 374 262 2123 
7046 304 905 1941 1322 1323 
7047 304 1977 634 478 537 
7048 304 1821 1844 2484 1841 
7049 304 2312 2384 2478 2357 
7050 304 1547 1625 1721 2099 
7051 304 2472 2143 2281 2283 
7052 304 1846 2126 2123 1825 
7053 304 2282 2144 2474 2285 
7054 304 2273 1201 2518 1051 
7055 304 1834 1833 1852 2121 
7056 304 2282 683 593 2285 
7057 304 287 1879 398 1878 
7058 304 605 694 2152 2153 
7059 304 1768 2043 1742 1722 
7060 304 507 605 2153 604 
7061 304 2299 2238 2379 2520 
7062 304 759 693 773 2295 
7063 304 868 867 2099 223 
7064 304 2166 526 525 1891 
7065 304 2165 2263 2530 2386 
7066 304 2144 2284 2286 2373 
7067 304 1960 1961 1509 1434 
7068 304 2280 680 762 2276 
7069 304 1870 384 494 493 
7070 304 2445 2333 2189 2444 
7071 304 2282 2144 2285 593 
7072 304 547 2190 2188 642 
7073 304 2244 2366 2365 2371 
7074 304 760 2278 2335 739 
7075 304 2194 674 731 2238 
7076 304 2343 1288 2371 2365 
7077 304 1973 2180 2179 2485 
7078 304 1593 1592 1697 2041 
7079 304 1977 2179 1973 2180 
7080 304 268 1866 1342 1864 
7081 304 2367 2349 1282 2353 
7082 304 2378 2294 2476 2297 
7083 304 2091 1166 1071 1072 
7084 304 724 759 800 2232 
7085 304 2325 2136 2469 2228 
7086 304 1879 1878 2420 2418 
7087 304 1514 2417 1877 1923 
7088 304 2300 2521 2299 2520 
7089 304 723 658 2216 2228 
7090 304 551 2462 2216 2067 
7091 304 52 1358 299 300 
7092 304 470 2039 555 444 
7093 304 2122 1834 886 2466 
7094 304 2128 2123 1861 2466 
7095 304 731 674 2194 629 
7096 304 363 2041 445 2038 
7097 304 1550 229 873 228 
7098 304 1457 1524 1883 1478 
7099 304 75 66 1785 244 
7100 304 2128 1860 1863 1847 
7101 304 2123 2122 2467 2466 
7102 304 2133 2225 2134 2487 
7103 304 2261 2355 1262 2354 
7104 304 2036 1591 1590 334 
7105 304 2166 2322 2319 712 
7106 304 2112 2460 2459 2058 
7107 304 2130 2123 2134 2275 
7108 304 2490 2338 2248 2249 
7109 304 66 75 2 244 
7110 304 2458 2052 2048 2051 
7111 304 2248 2536 2095 2345 
7112 304 1051 2275 2467 915 
7113 304 974 2089 861 2087 
7114 304 107 362 1589 1590 
7115 304 441 359 2018 466 
7116 304 100 99 1582 358 
7117 304 2511 886 918 2122 
7118 304 2217 2216 2462 2067 
7119 304 2017 2455 2512 2199 
7120 304 1824 12 13 260 
7121 304 2036 1757 2040 1741 
7122 304 1303 895 812 148 
7123 304 2462 1763 2064 2066 
7124 304 2034 2200 2491 2098 
7125 304 2023 2454 2490 2093 
7126 304 2269 794 2170 2267 
7127 304 1381 294 1355 47 
7128 304 220 219 864 1623 
7129 304 1417 1418 1936 1501 
7130 304 499 2147 1872 2145 
7131 304 2517 2278 2485 2335 
7132 304 2197 2490 2248 2249 
7133 304 2226 2337 2487 2247 
7134 304 2179 478 634 663 
7135 304 1413 1925 1312 1924 
7136 304 1927 2381 2524 2380 
7137 304 2542 2535 2338 2536 
7138 304 1238 2374 1213 2348 
7139 304 1580 1579 2005 357 
7140 304 2197 2196 2248 2490 
7141 304 1936 2157 1934 1935 
7142 304 1497 1877 1454 1514 
7143 304 1891 1387 1361 1485 
7144 304 789 2263 2319 711 
7145 304 1894 2168 2427 1893 
7146 304 2166 2481 713 624 
7147 304 749 2263 2212 789 
7148 304 1299 144 810 145 
7149 304 2248 2490 2491 2095 
7150 304 2200 2491 2248 2196 
7151 304 1983 1570 1984 1675 
7152 304 2174 2245 2387 2244 
7153 304 1907 2374 2284 2288 
7154 304 2248 2254 2344 2345 
7155 304 2365 2404 1152 1233 
7156 304 2333 1236 1154 1155 
7157 304 1988 2246 2078 2445 
7158 304 1617 1644 1996 2079 
7159 304 2362 2355 1179 2258 
7160 304 2496 2513 2362 2258 
7161 304 1583 330 2018 359 
7162 304 1550 1627 2106 1654 
7163 304 1867 1449 1470 1344 
7164 304 1867 1449 1344 1370 
7165 304 1867 272 271 1344 
7166 304 1398 1905 2430 1904 
7167 304 282 1375 35 1349 
7168 304 678 760 2278 677 
7169 304 2278 2271 588 677 
7170 304 2020 550 533 2194 
7171 304 1651 2031 1721 1741 
7172 304 2517 2545 2485 2328 
7173 304 2344 2254 2248 2200 
7174 304 1140 1955 1118 2347 
7175 304 304 56 303 1360 
7176 304 2248 2344 2253 2381 
7177 304 825 1949 937 908 
7178 304 1702 1701 1745 2048 
7179 304 2544 2383 2528 1116 
7180 304 2491 2490 2248 2196 
7181 304 1888 2164 522 523 
7182 304 287 1878 399 288 
7183 304 903 164 1319 1318 
7184 304 2254 2248 2200 2491 
7185 304 1178 1083 2259 2258 
7186 304 1004 2298 1032 2431 
7187 304 1178 1084 1083 2258 
7188 304 2208 1084 2258 1083 
7189 304 2023 550 2194 2197 
7190 304 671 726 741 2267 
7191 304 1712 1749 1996 1732 
7192 304 2267 658 671 726 
7193 304 1386 304 1360 57 
7194 304 2181 1992 2182 569 
7195 304 1749 1991 1996 1732 
7196 304 2271 677 796 676 
7197 304 2228 794 726 2267 
7198 304 535 539 2186 630 
7199 304 726 794 2228 797 
7200 304 1239 2348 1238 1213 
7201 304 2149 2375 2148 2289 
7202 304 2444 2080 1985 1984 
7203 304 2228 2170 2325 794 
7204 304 2429 808 2279 1903 
7205 304 2228 2170 794 2267 
7206 304 2187 1060 2333 2189 
7207 304 2269 794 2267 793 
7208 304 2448 2509 2186 2331 
7209 304 2447 1749 1996 1993 
7210 304 1082 2259 2256 1177 
7211 304 572 441 2026 480 
7212 304 991 1090 2501 990 
7213 304 2073 1054 2180 2336 
7214 304 2186 1992 2182 2448 
7215 304 2536 1250 2535 1168 
7216 304 2031 2024 2202 2199 
7217 304 1618 854 2396 209 
7218 304 110 363 109 1592 
7219 304 2253 611 610 2157 
7220 304 1174 2340 2398 1255 
7221 304 2032 468 479 443 
7222 304 793 726 794 2267 
7223 304 1993 2446 2447 1989 
7224 304 1730 1765 1984 1985 
7225 304 703 704 2159 2309 
7226 304 1891 1464 1361 1386 
7227 304 1961 2436 1963 1435 
7228 304 1989 1991 2449 2447 
7229 304 319 1561 79 348 
7230 304 311 63 310 1389 
7231 304 319 78 79 1561 
7232 304 342 1606 1605 123 
7233 304 2449 2447 2446 1989 
7234 304 1558 342 2069 314 
7235 304 1440 1340 1787 1897 
7236 304 963 1062 2080 962 
7237 304 1973 2336 1970 2441 
7238 304 1911 1453 2414 1873 
7239 304 1480 1884 1356 1885 
7240 304 261 1824 13 260 
7241 304 966 2178 2079 965 
7242 304 2507 964 965 1064 
7243 304 967 1067 2084 1066 
7244 304 1572 353 325 90 
7245 304 2040 2101 2105 2024 
7246 304 89 353 1572 90 
7247 304 263 264 16 1840 
7248 304 2353 2269 2367 2267 
7249 304 1685 2016 2011 2005 
7250 304 1309 815 1923 899 
7251 304 1870 1472 1345 1445 
7252 304 1517 1868 1470 1445 
7253 304 2336 2442 2073 2441 
7254 304 2014 2011 465 358 
7255 304 1250 1249 2535 1168 
7256 304 2030 1693 2028 1588 
7257 304 2353 2269 2267 2499 
7258 304 856 1542 857 212 
7259 304 2276 2517 2328 2368 
7260 304 1967 1970 454 455 
7261 304 1376 285 37 38 
7262 304 285 1376 37 284 
7263 304 2226 2441 2073 2184 
7264 304 2497 738 670 749 
7265 304 2055 473 2050 558 
7266 304 294 1381 1355 1884 
7267 304 1759 2407 1747 1705 
7268 304 293 292 1882 1380 
7269 304 293 294 46 1355 
7270 304 972 1071 2088 971 
7271 304 1899 2410 2471 1866 
7272 304 1899 889 1290 1898 
7273 304 2226 2440 2185 1970 
7274 304 1716 2083 1997 2007 
7275 304 1132 1198 2372 1050 
7276 304 491 381 490 1865 
7277 304 2124 2275 2409 1898 
7278 304 1877 286 1879 397 
7279 304 2387 2276 2368 2370 
7280 304 2387 2276 2370 2245 
7281 304 1772 2442 1972 1969 
7282 304 2440 1971 1967 2441 
7283 304 550 2023 466 480 
7284 304 2142 2140 2276 2277 
7285 304 955 1055 2486 1054 
7286 304 2013 1716 1647 1997 
7287 304 2090 1073 1072 973 
7288 304 306 305 1361 58 
7289 304 2276 2277 2368 2370 
7290 304 1386 305 57 58 
7291 304 1933 1931 2306 1930 
7292 304 166 165 1320 904 
7293 304 1969 1668 1751 1667 
7294 304 1982 1975 1978 1753 
7295 304 2245 2280 762 2276 
7296 304 2488 570 542 2127 
7297 304 841 196 1611 1534 
7298 304 1949 1956 2400 1955 
7299 304 2548 2213 2051 2210 
7300 304 2328 2245 762 2276 
7301 304 1413 1412 1522 1924 
7302 304 2400 825 1014 1954 
7303 304 2548 874 2051 987 
7304 304 2117 344 315 1779 
7305 304 2340 2398 2219 2104 
7306 304 2415 1911 1908 2286 
7307 304 2103 869 982 981 
7308 304 2415 2284 1911 2286 
7309 304 2017 978 1077 977 
7310 304 135 889 805 1289 
7311 304 1561 1562 79 348 
7312 304 528 527 625 2168 
7313 304 2325 2136 2228 660 
7314 304 1145 1144 1228 2405 
7315 304 2434 2433 1954 1958 
7316 304 2171 1896 2169 2428 
7317 304 121 340 1603 369 
7318 304 2400 2433 1954 1112 
7319 304 1431 1508 1958 1529 
7320 304 2128 1856 1860 1847 
7321 304 1844 1858 1862 2484 
7322 304 1563 320 80 1562 
7323 304 2074 1614 201 1536 
7324 304 320 1563 80 81 
7325 304 805 1828 1365 1898 
7326 304 394 283 282 1876 
7327 304 2411 1471 1490 1516 
7328 304 485 484 583 2130 
7329 304 1899 2410 1866 1515 
7330 304 1680 1998 1575 1994 
7331 304 2348 2360 1213 1239 
7332 304 2421 2420 1498 1923 
7333 304 32 1373 279 1348 
7334 304 898 1922 2431 1003 
7335 304 2510 2288 2287 2145 
7336 304 1999 568 486 2176 
7337 304 1907 1121 1025 2286 
7338 304 1482 2425 1889 1462 
7339 304 2378 2422 2476 2298 
7340 304 182 836 1337 191 
7341 304 394 395 1875 504 
7342 304 405 404 514 1882 
7343 304 2417 2476 2422 2298 
7344 304 891 1294 808 2429 
7345 304 1353 1881 1379 1477 
7346 304 2369 2279 2274 1128 
7347 304 1583 1584 101 359 
7348 304 1583 330 359 101 
7349 304 100 330 1583 101 
7350 304 2369 1122 1128 1275 
7351 304 2360 2348 1213 2374 
7352 304 452 536 566 2118 
7353 304 1895 422 532 531 
7354 304 1594 1595 112 336 
7355 304 366 115 1598 1597 
7356 304 78 319 1560 1561 
7357 304 425 347 1964 1966 
7358 304 2049 337 366 1597 
7359 304 900 1311 1312 1924 
7360 304 2210 2052 2108 2261 
7361 304 350 84 1566 83 
7362 304 899 1311 156 816 
7363 304 2295 800 2297 773 
7364 304 2368 2140 2279 2277 
7365 304 2369 1122 2368 2279 
7366 304 2001 2021 2016 2020 
7367 304 327 95 1577 94 
7368 304 1029 1122 1128 2279 
7369 304 900 1005 816 1924 
7370 304 2037 2036 2105 2030 
7371 304 350 1978 1566 322 
7372 304 2519 2521 2295 2297 
7373 304 2388 1899 806 1291 
7374 304 2297 693 2295 773 
7375 304 2274 1029 1128 2279 
7376 304 1651 1767 2031 1741 
7377 304 2066 341 1605 1604 
7378 304 1602 1706 2060 1601 
7379 304 1811 1819 1818 2137 
7380 304 451 2462 2070 551 
7381 304 2215 2110 2501 2063 
7382 304 1838 1898 2124 1857 
7383 304 2430 2281 1904 1905 
7384 304 2517 2545 2328 2368 
7385 304 2295 2297 2153 693 
7386 304 911 2436 1016 827 
7387 304 2000 1994 1762 1732 
7388 304 2389 810 894 145 
7389 304 151 813 150 1305 
7390 304 2389 894 1300 145 
7391 304 34 282 1349 281 
7392 304 158 159 817 1313 
7393 304 1693 1694 2030 1741 
7394 304 900 1311 1924 816 
7395 304 1319 1420 1931 1318 
7396 304 1122 1021 2279 1029 
7397 304 2302 2418 1924 2419 
7398 304 1904 921 2430 892 
7399 304 2525 2528 2527 2308 
7400 304 800 759 773 2295 
7401 304 1314 1925 817 1313 
7402 304 1314 1925 1313 1415 
7403 304 1941 1011 1945 1944 
7404 304 2322 2481 2323 2364 
7405 304 2426 2166 2481 2323 
7406 304 824 173 1327 172 
7407 304 2400 2433 1112 1957 
7408 304 2428 1895 1510 1963 
7409 304 2322 2347 2364 2323 
7410 304 1891 2168 2426 2166 
7411 304 340 2064 1603 369 
7412 304 1941 934 822 905 
7413 304 822 1941 1323 1944 
7414 304 2350 1165 1246 2397 
7415 304 1435 2436 1334 1333 
7416 304 1882 294 1884 405 
7417 304 2524 1926 2304 1927 
7418 304 1035 2381 2344 1197 
7419 304 1334 2436 827 1333 
7420 304 1035 2381 1197 2524 
7421 304 2248 752 776 748 
7422 304 2093 974 1073 2090 
7423 304 2454 2023 2018 2019 
7424 304 182 1337 1 191 
7425 304 1792 836 190 191 
7426 304 2092 2094 864 1623 
7427 304 1585 2022 1689 1690 
7428 304 2089 1622 1718 2010 
7429 304 1089 2213 2112 989 
7430 304 1629 877 2109 876 
7431 304 2262 2210 2055 2213 
7432 304 2353 2349 1282 1268 
7433 304 2208 2047 2046 2108 
7434 304 1726 2110 2059 2109 
7435 304 1952 1110 1040 1139 
7436 304 1927 2381 2380 2155 
7437 304 1927 2381 2155 2304 
7438 304 1895 1468 1467 1963 
7439 304 1934 1418 1930 1419 
7440 304 1338 242 1786 1795 
7441 304 845 846 201 2074 
7442 304 1340 243 1339 1787 
7443 304 856 855 2082 211 
7444 304 2287 597 596 2145 
7445 304 1716 1646 1542 2083 
7446 304 2093 1074 1073 974 
7447 304 1558 67 1777 4 
7448 304 867 1547 223 222 
7449 304 425 429 347 1966 
7450 304 845 2074 200 844 
7451 304 1713 2009 1645 2082 
7452 304 1458 1501 1478 1882 
7453 304 2031 1651 2024 2096 
7454 304 1868 1867 1470 1344 
7455 304 223 224 2099 868 
7456 304 491 490 2138 1865 
7457 304 2155 1927 2304 1883 
7458 304 1828 1391 1898 1829 
7459 304 25 272 1344 24 
7460 304 2255 2218 2313 783 
7461 304 2409 1447 1899 1443 
7462 304 2539 1212 1237 1209 
7463 304 1369 2409 1366 2125 
7464 304 2153 1879 2422 2418 
7465 304 692 2153 603 2151 
7466 304 686 766 2287 685 
7467 304 295 1381 48 47 
7468 304 1359 1888 301 302 
7469 304 1943 2312 1887 1941 
7470 304 781 780 2305 702 
7471 304 2454 2023 2490 2026 
7472 304 2129 1966 1841 257 
7473 304 2160 703 702 613 
7474 304 429 2129 257 1966 
7475 304 318 429 257 1966 
7476 304 2320 2166 2167 1891 
7477 304 1893 308 307 1362 
7478 304 306 1891 1361 305 
7479 304 66 1340 1785 244 
7480 304 2272 2130 2470 2139 
7481 304 2487 2185 2133 2127 
7482 304 21 1342 20 268 
7483 304 19 1341 266 1369 
7484 304 1618 209 2396 1540 
7485 304 1644 2000 1762 1732 
7486 304 2012 2191 2232 672 
7487 304 2085 2009 2007 2083 
7488 304 2064 1604 1603 369 
7489 304 867 1624 1547 222 
7490 304 1553 879 2110 234 
7491 304 2357 2358 2313 2257 
7492 304 1609 1966 1711 1559 
7493 304 2384 2358 2313 2357 
7494 304 2144 496 593 2143 
7495 304 1871 276 1372 277 
7496 304 2143 495 2141 2412 
7497 304 1988 2246 2445 1981 
7498 304 1981 460 1978 432 
7499 304 2026 2018 2454 2023 
7500 304 2036 1695 1694 1590 
7501 304 104 360 1586 332 
7502 304 2254 1253 2344 1252 
7503 304 2092 2093 2027 2010 
7504 304 2294 601 691 690 
7505 304 1876 2150 1875 2416 
7506 304 2150 1875 2416 2417 
7507 304 2414 1373 1872 278 
7508 304 2129 1862 1858 2484 
7509 304 1846 2126 1825 1845 
7510 304 919 2275 1051 915 
7511 304 1905 1445 1472 1870 
7512 304 2471 2409 1899 1864 
7513 304 2429 1293 1294 1395 
7514 304 1868 1870 1367 1445 
7515 304 1921 2289 1876 2416 
7516 304 1868 2141 2473 2142 
7517 304 637 2177 541 486 
7518 304 395 394 1875 283 
7519 304 285 1875 284 396 
7520 304 2412 1909 2281 2283 
7521 304 397 2151 506 1879 
7522 304 1552 1726 2109 1630 
7523 304 2110 1726 1657 1630 
7524 304 2281 1909 2412 1905 
7525 304 878 234 233 1630 
7526 304 1905 1472 1492 1519 
7527 304 1460 1938 1480 1885 
7528 304 2320 2166 1891 2323 
7529 304 1713 2007 1734 2009 
7530 304 1894 2168 1893 528 
7531 304 1507 1429 1528 1956 
7532 304 1869 1870 2412 1472 
7533 304 1893 417 306 418 
7534 304 1519 1869 2412 1472 
7535 304 2320 1956 2323 1891 
7536 304 2322 792 2265 791 
7537 304 1960 2391 1433 2434 
7538 304 2058 2049 2459 2055 
7539 304 309 308 1388 61 
7540 304 2408 954 2486 1974 
7541 304 54 53 301 1384 
7542 304 1795 1440 1897 1962 
7543 304 1868 2141 2142 493 
7544 304 1165 2091 1070 2397 
7545 304 2053 1700 2048 1770 
7546 304 2053 1700 1770 1744 
7547 304 2044 2052 2053 2048 
7548 304 1573 325 354 91 
7549 304 462 353 435 2449 
7550 304 2053 2052 2051 2048 
7551 304 451 2462 551 476 
7552 304 2064 2067 2462 476 
7553 304 2067 551 554 2216 
7554 304 2067 658 561 2065 
7555 304 955 843 842 2486 
7556 304 2162 411 1889 521 
7557 304 1699 2053 2047 1744 
7558 304 2278 760 761 756 
7559 304 434 2449 324 462 
7560 304 1990 2445 2331 2186 
7561 304 1750 1661 1965 1729 
7562 304 53 52 300 1358 
7563 304 410 1887 519 520 
7564 304 2398 2341 1172 1254 
7565 304 447 473 2050 2048 
7566 304 2264 2052 2210 2261 
7567 304 1698 2047 2041 1743 
7568 304 2264 2206 2514 2209 
7569 304 2266 1090 1184 1089 
7570 304 2053 1700 2044 2048 
7571 304 2123 261 372 2128 
7572 304 1770 2053 2051 2048 
7573 304 263 374 2126 262 
7574 304 2275 2123 2467 2466 
7575 304 2369 2518 2470 2273 
7576 304 2145 2288 2287 2147 
7577 304 383 384 272 1868 
7578 304 2438 2131 1608 1729 
7579 304 2389 1908 2286 1909 
7580 304 2341 1255 2544 1254 
7581 304 507 506 604 2153 
7582 304 1897 424 312 313 
7583 304 1877 286 397 285 
7584 304 2512 2455 2017 2098 
7585 304 1164 1163 1245 2397 
7586 304 2492 2201 2204 647 
7587 304 1931 1420 1930 1318 
7588 304 2478 2361 2313 2384 
7589 304 2529 2526 2478 2382 
7590 304 2544 1206 2340 2383 
7591 304 1353 43 290 42 
7592 304 615 517 614 2159 
7593 304 1372 276 29 277 
7594 304 1077 2512 1172 2097 
7595 304 1185 2364 1267 2353 
7596 304 1950 2321 2531 2532 
7597 304 2427 2481 2426 2168 
7598 304 1569 1980 323 1568 
7599 304 1980 351 323 1568 
7600 304 855 1541 2081 2082 
7601 304 1753 1982 1773 1642 
7602 304 1979 2175 2443 1975 
7603 304 1983 1980 323 1569 
7604 304 1983 1986 323 1980 
7605 304 1970 1968 2440 2185 
7606 304 2188 751 719 2330 
7607 304 2040 2101 2024 2099 
7608 304 475 2067 450 561 
7609 304 390 500 1872 499 
7610 304 1603 2064 1602 1707 
7611 304 341 2066 369 1604 
7612 304 1602 119 1601 368 
7613 304 2215 2065 2217 2062 
7614 304 1255 2544 1206 2340 
7615 304 2280 2244 2371 2245 
7616 304 571 547 657 2190 
7617 304 865 978 2096 2017 
7618 304 1062 2534 2080 962 
7619 304 2341 1255 1254 2398 
7620 304 1672 1673 1980 1771 
7621 304 563 2183 1970 1973 
7622 304 1825 262 2126 2123 
7623 304 2130 483 2134 2123 
7624 304 1255 2544 1254 1273 
7625 304 380 1866 269 268 
7626 304 2127 370 371 570 
7627 304 902 931 1007 1928 
7628 304 2545 2329 2404 1150 
7629 304 496 495 593 2143 
7630 304 2246 2329 2546 2387 
7631 304 2282 683 2285 765 
7632 304 345 2118 316 452 
7633 304 2274 1029 2279 998 
7634 304 2117 2070 453 344 
7635 304 2220 2341 2398 2340 
7636 304 289 288 1880 1378 
7637 304 1878 1352 1378 288 
7638 304 1878 400 399 288 
7639 304 1880 288 289 400 
7640 304 1878 1880 288 1378 
7641 304 2385 2164 2317 2480 
7642 304 1880 1878 288 400 
7643 304 2024 2097 2199 2096 
7644 304 361 2030 333 443 
7645 304 1076 2254 2095 1170 
7646 304 968 856 2082 2083 
7647 304 1887 411 410 299 
7648 304 1574 1991 1679 1994 
7649 304 539 2449 434 462 
7650 304 375 264 2125 376 
7651 304 485 375 2125 376 
7652 304 2512 2199 2097 2017 
7653 304 2477 2543 2253 2307 
7654 304 2468 264 2125 2126 
7655 304 2204 2039 2105 2037 
7656 304 1369 19 267 266 
7657 304 2492 573 648 647 
7658 304 2495 2256 2494 2537 
7659 304 2123 1859 1846 1861 
7660 304 279 1373 278 1872 
7661 304 2508 2023 2194 2197 
7662 304 672 584 2191 730 
7663 304 411 1887 300 299 
7664 304 1887 1358 300 299 
7665 304 2270 2353 2399 2268 
7666 304 311 1896 310 422 
7667 304 2214 578 2500 585 
7668 304 2179 2335 1973 2485 
7669 304 1282 2353 1267 1204 
7670 304 1519 2413 1909 2412 
7671 304 494 1870 493 2141 
7672 304 2067 2060 2217 2065 
7673 304 1900 1902 1395 2429 
7674 304 397 286 1879 398 
7675 304 2377 2378 2298 2540 
7676 304 2236 759 744 2232 
7677 304 400 1880 509 510 
7678 304 1880 2154 509 510 
7679 304 111 364 335 1593 
7680 304 2161 409 1886 519 
7681 304 311 1896 422 1895 
7682 304 2160 1885 2306 2159 
7683 304 782 704 703 2309 
7684 304 749 2212 2209 2497 
7685 304 110 111 335 1593 
7686 304 2228 2170 2267 2367 
7687 304 2163 617 519 520 
7688 304 1896 422 1895 531 
7689 304 527 2166 526 624 
7690 304 1435 1436 1963 1510 
7691 304 501 599 2149 598 
7692 304 2086 2013 2016 1647 
7693 304 770 769 2292 689 
7694 304 534 628 2171 531 
7695 304 2009 1681 1731 1998 
7696 304 1364 64 311 1389 
7697 304 2324 2367 2170 2482 
7698 304 2356 2350 2351 1245 
7699 304 2362 2496 2258 2259 
7700 304 471 556 2046 575 
7701 304 2262 2354 2261 1181 
7702 304 1998 1999 1994 2000 
7703 304 534 2171 532 531 
7704 304 788 2263 709 2317 
7705 304 979 978 2097 2096 
7706 304 2308 2527 2306 2528 
7707 304 747 780 675 2201 
7708 304 1986 547 433 1981 
7709 304 294 295 1381 1884 
7710 304 1859 2123 2466 1861 
7711 304 2311 784 2257 2313 
7712 304 2222 725 2177 2230 
7713 304 547 571 433 1981 
7714 304 396 395 1875 284 
7715 304 2280 2245 762 763 
7716 304 283 1375 1876 1350 
7717 304 2036 362 444 334 
7718 304 1375 1452 1876 1451 
7719 304 2157 1936 2304 1935 
7720 304 790 789 2319 711 
7721 304 417 1891 416 526 
7722 304 1013 1949 908 937 
7723 304 56 55 303 1385 
7724 304 2350 1245 2397 1246 
7725 304 415 1890 1892 304 
7726 304 1464 1891 1892 1386 
7727 304 2350 1245 1246 1284 
7728 304 2467 2122 918 2466 
7729 304 2052 472 446 557 
7730 304 2409 2275 2126 2130 
7731 304 1967 1968 2440 1970 
7732 304 2466 1855 1854 1836 
7733 304 1903 1902 2279 2429 
7734 304 348 1967 454 455 
7735 304 2501 2270 2460 2112 
7736 304 1854 1859 2466 1861 
7737 304 1912 149 896 1304 
7738 304 813 150 1304 896 
7739 304 152 151 1306 897 
7740 304 897 1305 1306 1918 
7741 304 320 1969 454 1967 
7742 304 563 1969 1970 454 
7743 304 1969 1970 454 1967 
7744 304 1728 2503 1554 1632 
7745 304 1618 854 209 210 
7746 304 1264 1210 2354 1263 
7747 304 1962 1813 1809 1795 
7748 304 1807 2120 1962 1815 
7749 304 2023 440 550 466 
7750 304 2023 440 466 2014 
7751 304 2023 440 2014 2020 
7752 304 181 1336 828 1335 
7753 304 958 2078 2075 2076 
7754 304 545 456 2070 477 
7755 304 1980 1986 1981 1988 
7756 304 1981 2445 1988 1986 
7757 304 2041 364 335 471 
7758 304 1713 1541 1619 2082 
7759 304 2176 655 2008 565 
7760 304 545 451 477 2070 
7761 304 2091 2090 2239 1167 
7762 304 971 1071 2088 1070 
7763 304 2111 2503 2502 993 
7764 304 2393 1228 2405 1286 
7765 304 858 1997 970 971 
7766 304 379 2139 1864 488 
7767 304 474 449 2062 2057 
7768 304 1760 1727 2061 1747 
7769 304 2433 2481 2324 2364 
7770 304 2267 2268 2353 2499 
7771 304 1918 152 1307 1306 
7772 304 1913 1910 1914 1906 
7773 304 1402 1403 1301 1906 
7774 304 379 2139 488 489 
7775 304 2228 2170 2367 2325 
7776 304 2093 2010 2092 2089 
7777 304 2471 1864 1899 1866 
7778 304 2139 1864 2471 1866 
7779 304 1413 2419 1924 1522 
7780 304 293 404 1882 292 
7781 304 1460 1943 1938 1885 
7782 304 2093 2010 2089 2019 
7783 304 1927 2523 1006 929 
7784 304 391 390 1872 279 
7785 304 1931 1932 1009 932 
7786 304 975 2089 2092 862 
7787 304 793 726 2267 741 
7788 304 1783 317 1784 73 
7789 304 2324 1192 2326 1113 
7790 304 2464 945 830 831 
7791 304 1788 1810 1774 2071 
7792 304 1727 2063 1747 1657 
7793 304 691 602 601 2150 
7794 304 2465 2327 2469 2229 
7795 304 390 279 278 1872 
7796 304 510 2154 509 607 
7797 304 1043 2391 938 1015 
7798 304 2403 1120 1907 2539 
7799 304 2161 2312 2314 2478 
7800 304 2303 697 698 776 
7801 304 1878 1352 2420 1476 
7802 304 411 1887 410 520 
7803 304 1889 412 522 521 
7804 304 933 821 1937 904 
7805 304 2161 409 519 518 
7806 304 1504 1526 1424 1941 
7807 304 1011 934 822 1941 
7808 304 1887 2163 520 2162 
7809 304 2164 2162 522 619 
7810 304 2464 2461 1810 2132 
7811 304 1200 1043 1113 2324 
7812 304 2101 980 2099 981 
7813 304 1894 2428 2169 1896 
7814 304 2175 1056 956 2076 
7815 304 2435 2324 1113 1015 
7816 304 2391 2433 2434 1960 
7817 304 83 350 1565 1566 
7818 304 2034 2025 467 442 
7819 304 2475 2292 2352 2222 
7820 304 2000 1680 1998 1731 
7821 304 1686 2016 1737 1733 
7822 304 1896 422 531 421 
7823 304 2358 2494 2537 2361 
7824 304 1226 1957 1127 2364 
7825 304 250 251 1634 1775 
7826 304 2364 1266 1267 1204 
7827 304 2107 2053 1654 2047 
7828 304 1895 423 532 422 
7829 304 2345 2344 2381 2542 
7830 304 1001 924 1916 1027 
7831 304 2012 546 464 2006 
7832 304 1237 2348 2539 1238 
7833 304 2389 1400 1908 1909 
7834 304 546 2012 464 543 
7835 304 1890 1385 1888 1483 
7836 304 2423 522 1889 1888 
7837 304 1539 1712 1643 1996 
7838 304 339 1600 2057 367 
7839 304 1244 1243 1278 2359 
7840 304 2356 2233 2397 2235 
7841 304 1119 2402 2357 1945 
7842 304 1728 1658 1554 2068 
7843 304 2355 1180 1261 1179 
7844 304 2121 1863 1860 1852 
7845 304 2112 2109 2059 2501 
7846 304 1824 261 1843 2128 
7847 304 888 804 2124 917 
7848 304 1238 2374 1277 1213 
7849 304 2522 2381 2380 2542 
7850 304 1276 1188 2538 1192 
7851 304 2465 2172 2118 2136 
7852 304 2025 360 442 332 
7853 304 2025 360 467 442 
7854 304 2526 2340 2382 2383 
7855 304 2483 2538 2367 2325 
7856 304 2347 1957 2364 2323 
7857 304 832 1790 833 187 
7858 304 946 945 2463 2464 
7859 304 2522 2379 2380 2156 
7860 304 1279 2345 2344 1252 
7861 304 437 2176 568 2003 
7862 304 2191 2221 2234 742 
7863 304 2329 1150 1056 2404 
7864 304 2340 2382 1269 2537 
7865 304 930 901 1926 1006 
7866 304 437 2176 2003 2008 
7867 304 437 2176 2008 565 
7868 304 1979 549 458 478 
7869 304 2188 751 2330 2186 
7870 304 1240 2360 1280 2231 
7871 304 2206 2209 2050 576 
7872 304 2206 557 667 576 
7873 304 2522 2379 2156 2249 
7874 304 2101 2103 2104 1081 
7875 304 2209 2206 667 576 
7876 304 2525 2543 2251 2341 
7877 304 1087 2548 2261 2210 
7878 304 987 2051 875 874 
7879 304 2000 1715 1644 1762 
7880 304 316 1782 72 343 
7881 304 732 583 2139 586 
7882 304 2548 874 987 986 
7883 304 2139 489 587 586 
7884 304 1143 2380 2379 2523 
7885 304 795 2285 758 2330 
7886 304 2374 1913 1907 2403 
7887 304 1908 2389 2286 1906 
7888 304 2241 2509 2240 2182 
7889 304 1099 2403 1026 1115 
7890 304 1951 2321 1956 1948 
7891 304 1110 1123 1950 1041 
7892 304 2284 2533 2373 2285 
7893 304 2320 2321 2530 2531 
7894 304 822 1011 1944 906 
7895 304 2389 2286 922 1909 
7896 304 316 343 2119 1782 
7897 304 2139 583 488 586 
7898 304 2368 2370 1217 2546 
7899 304 720 2200 2248 639 
7900 304 141 140 1295 808 
7901 304 1904 2473 2277 1868 
7902 304 2290 767 686 687 
7903 304 1783 2119 1803 2120 
7904 304 1101 2370 1132 1196 
7905 304 2022 2035 1756 2025 
7906 304 2522 2338 2345 2542 
7907 304 1783 2119 2120 343 
7908 304 1131 1035 1105 1935 
7909 304 1872 2291 1874 1917 
7910 304 2034 2196 2491 2200 
7911 304 843 2408 842 2486 
7912 304 846 847 202 2075 
7913 304 1987 1537 2075 1663 
7914 304 1783 2119 343 1782 
7915 304 2382 2340 2526 2361 
7916 304 2338 2522 2345 2248 
7917 304 1686 2016 1733 2011 
7918 304 2540 1244 1278 2359 
7919 304 1265 1221 1226 2346 
7920 304 699 2155 610 609 
7921 304 2384 1214 2358 2357 
7922 304 1929 1416 1524 1500 
7923 304 2353 1185 2364 2270 
7924 304 1458 1380 1355 1882 
7925 304 698 2155 2303 699 
7926 304 2111 1658 1554 1631 
7927 304 1093 2393 1187 1202 
7928 304 698 2155 699 609 
7929 304 2155 608 511 609 
7930 304 2405 1268 1286 1276 
7931 304 2269 2481 2367 2170 
7932 304 2162 411 1887 1889 
7933 304 1533 194 839 838 
7934 304 2389 922 999 810 
7935 304 1956 1958 2323 1891 
7936 304 1518 2415 1911 1908 
7937 304 408 297 1885 409 
7938 304 1288 1198 1203 2371 
7939 304 1913 924 1026 1027 
7940 304 1000 1913 1026 1099 
7941 304 1153 1154 2343 1235 
7942 304 1098 2372 1198 1050 
7943 304 999 2286 1025 1028 
7944 304 2403 1277 1195 1115 
7945 304 1931 932 1009 820 
7946 304 2263 2317 620 709 
7947 304 669 556 2203 574 
7948 304 412 1889 411 521 
7949 304 964 852 851 1996 
7950 304 1057 2404 1056 1151 
7951 304 2164 2263 2317 620 
7952 304 2334 2065 2349 2216 
7953 304 1053 954 953 2073 
7954 304 2442 2073 2441 1974 
7955 304 2317 787 786 708 
7956 304 2505 2475 2231 2222 
7957 304 523 2164 522 620 
7958 304 2317 620 619 2164 
7959 304 2164 2263 620 2165 
7960 304 1242 2231 1241 1216 
7961 304 2359 1243 1242 1161 
7962 304 2172 536 566 631 
7963 304 900 1311 816 157 
7964 304 628 2325 2169 717 
7965 304 2095 1074 1169 2250 
7966 304 2402 1141 1225 1139 
7967 304 2055 558 577 473 
7968 304 2500 2498 2058 2062 
7969 304 1211 2355 1225 1261 
7970 304 2260 2315 2515 2317 
7971 304 627 628 2169 717 
7972 304 2296 1924 928 2300 
7973 304 2440 1971 2441 2184 
7974 304 844 843 1976 1535 
7975 304 2371 1281 2366 2365 
7976 304 1971 2073 2184 953 
7977 304 1363 309 310 1896 
7978 304 2405 1146 1276 1285 
7979 304 2123 1850 1846 1843 
7980 304 1187 1286 1202 2393 
7981 304 2327 2538 2229 1146 
7982 304 495 1870 2141 2412 
7983 304 2433 2481 2364 2323 
7984 304 1012 1950 1946 1948 
7985 304 1519 2413 2412 1869 
7986 304 2534 2348 2331 2342 
7987 304 754 2245 750 763 
7988 304 716 797 717 2325 
7989 304 1922 814 898 1307 
7990 304 547 657 2190 642 
7991 304 1242 2223 1161 1160 
7992 304 2420 2418 1924 1923 
7993 304 1308 1410 1922 1409 
7994 304 2431 2417 1923 2298 
7995 304 540 547 2188 642 
7996 304 2309 704 2313 783 
7997 304 636 540 2188 642 
7998 304 2263 788 2260 2317 
7999 304 1418 1419 2390 1930 
8000 304 1198 1281 2372 2371 
8001 304 1431 1508 1432 2434 
8002 304 2225 654 740 2183 
8003 304 1253 1252 1274 2344 
8004 304 472 2044 365 2048 
8005 304 2285 2284 2330 2146 
8006 304 1893 1958 2426 1959 
8007 304 739 740 1973 2335 
8008 304 2142 1868 1867 2277 
8009 304 2335 796 739 740 
8010 304 2335 760 796 2271 
8011 304 654 2488 673 641 
8012 304 2276 2517 2368 2140 
8013 304 2466 1863 1853 1861 
8014 304 1377 2421 1455 1475 
8015 304 290 1880 289 401 
8016 304 1523 1881 1477 1500 
8017 304 2225 654 2183 2488 
8018 304 1253 1274 2543 2344 
8019 304 287 1352 40 1377 
8020 304 2225 2335 740 728 
8021 304 1595 2048 1700 1596 
8022 304 911 180 1334 179 
8023 304 823 1325 1944 906 
8024 304 2134 2273 2516 2470 
8025 304 1325 823 1944 1946 
8026 304 2201 2251 2341 2525 
8027 304 1893 308 1362 1894 
8028 304 2134 2516 2337 2225 
8029 304 769 2222 725 745 
8030 304 1249 1167 2535 1168 
8031 304 664 2134 482 2133 
8032 304 2526 2305 2201 2525 
8033 304 378 485 2125 376 
8034 304 2167 524 622 621 
8035 304 2382 2384 2478 2314 
8036 304 1890 1463 1385 1483 
8037 304 2409 2468 2125 2126 
8038 304 2198 2201 675 2251 
8039 304 2200 2254 2098 2512 
8040 304 275 276 28 1346 
8041 304 1869 1473 1871 1346 
8042 304 2376 1919 2375 1138 
8043 304 847 2077 2075 959 
8044 304 1866 2471 2139 2410 
8045 304 2492 2198 2201 675 
8046 304 2444 1983 1987 1988 
8047 304 2492 747 648 675 
8048 304 1409 1922 1307 1408 
8049 304 1382 297 50 1357 
8050 304 1933 1133 2543 2544 
8051 304 2492 666 2198 675 
8052 304 1369 2409 2125 1864 
8053 304 1927 2381 2304 2524 
8054 304 767 2290 2287 2240 
8055 304 1398 1905 1904 1517 
8056 304 1626 2102 1653 2029 
8057 304 1943 1887 1504 1941 
8058 304 1385 1483 1359 1888 
8059 304 1118 1955 1140 1111 
8060 304 2288 2147 2375 2287 
8061 304 2324 1192 1113 1200 
8062 304 1487 1961 1531 1466 
8063 304 2224 2437 1044 2116 
8064 304 1369 2409 1864 1443 
8065 304 2327 947 948 1048 
8066 304 912 182 1336 181 
8067 304 766 2240 2242 755 
8068 304 1451 1496 1876 1513 
8069 304 775 2301 696 774 
8070 304 1826 2468 2125 1830 
8071 304 2156 511 608 510 
8072 304 1463 1890 1506 1483 
8073 304 823 170 1325 906 
8074 304 1012 936 1950 1948 
8075 304 510 2156 607 608 
8076 304 2301 775 696 697 
8077 304 1111 1041 1955 1140 
8078 304 1369 2409 1443 1366 
8079 304 276 29 28 1346 
8080 304 1871 1453 1473 1518 
8081 304 2409 1366 2125 2468 
8082 304 522 2162 521 619 
8083 304 2515 2316 2357 2402 
8084 304 1057 958 2076 1058 
8085 304 649 2207 2257 2203 
8086 304 786 785 2315 707 
8087 304 1890 1463 1484 1360 
8088 304 2316 2357 2402 1945 
8089 304 1198 1288 1281 2371 
8090 304 392 502 1874 501 
8091 304 2151 396 505 1875 
8092 304 1167 2250 2535 1168 
8093 304 757 765 2332 719 
8094 304 2465 2172 2136 2469 
8095 304 2103 869 2099 2029 
8096 304 2384 1214 2357 1119 
8097 304 1426 1325 1324 1944 
8098 304 936 824 1948 907 
8099 304 1947 2479 2423 2316 
8100 304 592 2280 2143 2141 
8101 304 2517 2138 2271 2516 
8102 304 765 758 2332 719 
8103 304 1947 1482 1887 1526 
8104 304 1869 276 1871 387 
8105 304 1869 276 387 275 
8106 304 2191 2232 2234 2233 
8107 304 1738 1749 1677 1989 
8108 304 1695 2036 2038 1591 
8109 304 636 2186 630 751 
8110 304 2011 1581 1686 1685 
8111 304 1920 2352 1129 1919 
8112 304 2206 2052 557 576 
8113 304 2102 2205 2045 2029 
8114 304 1751 2442 1772 1969 
8115 304 1967 319 1964 455 
8116 304 1561 1562 1967 1666 
8117 304 449 2060 475 2062 
8118 304 2214 578 585 560 
8119 304 2365 1288 2371 1281 
8120 304 340 450 368 2064 
8121 304 363 110 335 1592 
8122 304 2214 578 560 2062 
8123 304 1995 1994 1991 436 
8124 304 741 2214 671 2267 
8125 304 1727 2063 1657 2110 
8126 304 2214 743 585 2500 
8127 304 465 2011 2020 2453 
8128 304 330 2014 1582 1583 
8129 304 1759 2407 1705 2057 
8130 304 63 1363 62 310 
8131 304 656 2500 578 585 
8132 304 1691 2025 1586 1690 
8133 304 2249 2303 2248 776 
8134 304 2508 2197 2249 2250 
8135 304 2264 2052 2261 2206 
8136 304 2197 645 2248 2196 
8137 304 777 748 720 2248 
8138 304 2338 2508 2249 2250 
8139 304 2029 2043 1722 1652 
8140 304 2501 878 2110 991 
8141 304 1744 1769 1654 2047 
8142 304 2248 2381 2253 2303 
8143 304 1164 2397 1070 1069 
8144 304 1715 2000 2081 1645 
8145 304 560 2214 2062 2065 
8146 304 1746 1758 1656 2059 
8147 304 551 2067 554 476 
8148 304 1988 1673 1980 1983 
8149 304 2328 754 798 762 
8150 304 1878 399 509 508 
8151 304 2296 2300 2521 2418 
8152 304 2236 799 2299 774 
8153 304 875 2056 2213 876 
8154 304 2209 670 558 650 
8155 304 2548 2213 2210 1087 
8156 304 1559 76 256 1822 
8157 304 1751 2442 1969 2441 
8158 304 263 1825 2126 1840 
8159 304 2197 752 674 2249 
8160 304 2379 2508 2339 2238 
8161 304 2170 2367 2269 2267 
8162 304 2197 2238 2508 2249 
8163 304 2467 2470 2275 2518 
8164 304 2379 2508 2238 2249 
8165 304 2096 221 1624 866 
8166 304 2380 1227 2379 2535 
8167 304 1078 2398 2097 1172 
8168 304 2054 2049 366 1598 
8169 304 1894 2428 1896 1961 
8170 304 1347 1372 277 1873 
8171 304 2137 1794 1811 2394 
8172 304 736 2315 785 2257 
8173 304 1112 1043 1127 2433 
8174 304 2257 736 753 785 
8175 304 1982 1672 1978 1980 
8176 304 636 2188 719 642 
8177 304 2284 2533 2285 2330 
8178 304 2218 2255 746 783 
8179 304 796 2272 2271 676 
8180 304 1887 2163 519 520 
8181 304 1541 210 211 855 
8182 304 2272 732 676 728 
8183 304 2335 796 740 728 
8184 304 1756 2022 1755 2027 
8185 304 2359 2356 2221 2540 
8186 304 2493 562 652 555 
8187 304 796 2272 676 728 
8188 304 2350 1284 1246 1270 
8189 304 2351 1270 1284 2350 
8190 304 2541 1190 2296 1126 
8191 304 880 2111 992 993 
8192 304 2110 1726 2063 1657 
8193 304 1584 2022 359 2018 
8194 304 529 419 1894 420 
8195 304 309 1896 1894 420 
8196 304 1896 530 531 2169 
8197 304 2113 879 2111 992 
8198 304 419 308 1894 420 
8199 304 308 309 1894 420 
8200 304 2102 1549 1626 1653 
8201 304 1633 883 239 884 
8202 304 2324 1894 2482 2170 
8203 304 1633 1556 2071 829 
8204 304 1556 1788 2071 829 
8205 304 1072 2091 2088 1071 
8206 304 2262 1264 2346 2354 
8207 304 2300 1095 1102 1137 
8208 304 2317 2514 2260 2263 
8209 304 1450 1872 1348 1874 
8210 304 1977 1969 1972 2442 
8211 304 240 239 884 1633 
8212 304 1977 1969 2442 1973 
8213 304 194 1533 1610 838 
8214 304 1588 361 1587 2028 
8215 304 470 363 2038 334 
8216 304 839 195 1533 2395 
8217 304 2459 2460 2054 2058 
8218 304 1745 2458 2048 2051 
8219 304 2497 2265 2212 2211 
8220 304 1972 349 1969 431 
8221 304 1533 1965 838 839 
8222 304 2260 667 2209 2206 
8223 304 2032 2025 442 2028 
8224 304 2502 2227 2217 2334 
8225 304 2032 468 442 553 
8226 304 430 428 2119 343 
8227 304 2197 2248 752 2249 
8228 304 2338 2380 2379 2535 
8229 304 2538 2405 2229 1146 
8230 304 1962 1337 836 1786 
8231 304 1538 848 1615 204 
8232 304 1440 1339 1439 1962 
8233 304 832 1790 187 1794 
8234 304 2034 2032 442 553 
8235 304 674 2301 775 774 
8236 304 2173 2224 1044 2116 
8237 304 428 317 426 2120 
8238 304 2238 2299 774 2236 
8239 304 2374 1280 2375 1191 
8240 304 430 2118 452 316 
8241 304 2541 1190 1126 1284 
8242 304 345 2117 2118 377 
8243 304 430 2118 316 2119 
8244 304 2444 2189 1985 2187 
8245 304 1846 2126 1845 1859 
8246 304 374 484 2126 2123 
8247 304 2299 2238 2520 2236 
8248 304 2130 2123 2275 2126 
8249 304 799 2295 2236 2299 
8250 304 1828 1391 1829 246 
8251 304 2117 377 453 487 
8252 304 2086 1621 2087 860 
8253 304 1199 2467 2247 1018 
8254 304 801 1820 1532 125 
8255 304 943 2131 1965 838 
8256 304 1018 1051 2467 915 
8257 304 2295 2236 2232 759 
8258 304 2130 483 2123 484 
8259 304 2541 1284 1245 2351 
8260 304 2389 1299 810 145 
8261 304 2438 2439 2484 2131 
8262 304 870 2102 871 226 
8263 304 2070 487 2117 453 
8264 304 2378 2296 2422 2298 
8265 304 1912 1405 1917 1404 
8266 304 1834 2122 1853 2466 
8267 304 2378 2296 2298 2541 
8268 304 143 144 893 1298 
8269 304 228 1627 227 2106 
8270 304 2473 2143 2472 2141 
8271 304 2208 985 984 2106 
8272 304 1371 1869 1346 1444 
8273 304 2453 357 2005 464 
8274 304 815 155 899 1309 
8275 304 1354 45 1380 292 
8276 304 2351 2378 2356 2541 
8277 304 1413 1414 1925 1499 
8278 304 995 2072 883 882 
8279 304 515 612 2160 2158 
8280 304 2453 439 357 464 
8281 304 2012 2453 2005 464 
8282 304 2206 2209 2260 2514 
8283 304 787 788 709 2317 
8284 304 895 1301 147 1302 
8285 304 55 1385 302 303 
8286 304 2386 2321 2318 2532 
8287 304 1919 2291 2375 1916 
8288 304 2103 2101 2104 2219 
8289 304 382 383 1867 492 
8290 304 2149 501 2147 1874 
8291 304 1901 1902 1394 1900 
8292 304 2453 543 439 464 
8293 304 449 560 2062 475 
8294 304 1901 914 1900 2388 
8295 304 1899 913 2388 806 
8296 304 2330 2509 2342 2331 
8297 304 2286 2283 2413 2144 
8298 304 1745 2458 2049 2048 
8299 304 560 2065 2062 475 
8300 304 1919 1017 1916 1138 
8301 304 1871 2415 1518 1908 
8302 304 2286 2283 1909 2413 
8303 304 2250 1074 1169 1168 
8304 304 678 677 2278 588 
8305 304 1918 1002 926 897 
8306 304 2278 588 589 678 
8307 304 1482 1461 1887 1526 
8308 304 1420 1930 1934 2306 
8309 304 903 1931 820 932 
8310 304 1010 1942 1940 1939 
8311 304 166 1321 904 1320 
8312 304 2161 409 518 1885 
8313 304 1087 1088 2213 2262 
8314 304 517 516 2159 1885 
8315 304 2389 1906 1300 894 
8316 304 2371 1283 2343 2373 
8317 304 2316 2385 2480 2318 
8318 304 2245 2280 2276 2472 
8319 304 147 148 895 1302 
8320 304 1332 826 910 177 
8321 304 1825 1845 2126 1840 
8322 304 1956 2531 2323 1955 
8323 304 2468 1859 2126 2124 
8324 304 1999 2177 2176 486 
8325 304 2481 2324 2367 2170 
8326 304 1508 1891 1958 1529 
8327 304 1501 1883 1478 1882 
8328 304 1947 1426 1944 2432 
8329 304 2436 1961 1333 1435 
8330 304 1435 1961 1333 1434 
8331 304 938 2433 1043 1112 
8332 304 1959 1894 2427 1893 
8333 304 2434 2433 2391 1954 
8334 304 1959 1894 1893 1530 
8335 304 1893 1958 1959 1508 
8336 304 1484 1386 1892 1360 
8337 304 2336 1054 1053 2073 
8338 304 1640 1772 1636 2408 
8339 304 1973 2180 2442 1977 
8340 304 1638 1971 1751 1764 
8341 304 2247 1199 1018 1134 
8342 304 126 801 125 1831 
8343 304 2336 2442 2441 1973 
8344 304 1671 1975 1566 1670 
8345 304 2174 538 668 633 
8346 304 1934 1930 1420 1419 
8347 304 2222 2505 2230 2177 
8348 304 1169 2250 1168 2536 
8349 304 1772 1636 2408 1974 
8350 304 737 637 2181 635 
8351 304 2541 1190 1284 2351 
8352 304 1574 1573 1991 354 
8353 304 1999 568 2176 2003 
8354 304 853 965 2079 852 
8355 304 459 569 1995 541 
8356 304 1241 1240 1272 2231 
8357 304 1126 1190 2296 1024 
8358 304 436 459 1995 541 
8359 304 1999 436 1995 541 
8360 304 1734 2009 2007 2004 
8361 304 329 2011 1580 1581 
8362 304 1166 1167 1072 2091 
8363 304 2007 2005 2006 2489 
8364 304 1163 1068 1162 2235 
8365 304 1846 2126 1859 2123 
8366 304 1363 309 62 310 
8367 304 2146 2287 596 2145 
8368 304 1716 1761 1646 2007 
8369 304 2220 2398 2219 2340 
8370 304 975 2093 974 1074 
8371 304 1739 2014 1733 2021 
8372 304 677 2271 587 676 
8373 304 2095 1074 2250 2093 
8374 304 2023 2014 466 2018 
8375 304 2348 2243 2241 1157 
8376 304 2452 2001 2088 2086 
8377 304 362 108 1590 107 
8378 304 2108 2046 2258 2261 
8379 304 2257 2513 2515 2362 
8380 304 2052 2046 2206 557 
8381 304 2030 2036 1589 333 
8382 304 1898 888 917 805 
8383 304 2031 1721 1741 2040 
8384 304 889 1898 917 805 
8385 304 2521 2300 2351 2520 
8386 304 364 111 1594 1593 
8387 304 2257 2515 2315 2357 
8388 304 2495 2203 2259 2042 
8389 304 2421 1351 1877 1454 
8390 304 2207 2206 2260 2513 
8391 304 2548 2213 1087 987 
8392 304 2061 2063 2215 2062 
8393 304 1310 1309 1923 899 
8394 304 2054 1703 1746 1758 
8395 304 339 1601 2060 2057 
8396 304 2110 1726 2059 2063 
8397 304 913 1899 2275 917 
8398 304 1614 846 201 202 
8399 304 1184 2266 1183 2346 
8400 304 2117 1801 2118 1818 
8401 304 2172 566 660 631 
8402 304 848 1615 204 203 
8403 304 2479 2311 2315 2357 
8404 304 2077 203 1615 848 
8405 304 2362 2355 2515 2402 
8406 304 2077 1537 847 2075 
8407 304 1980 1986 323 433 
8408 304 1993 1538 1985 1714 
8409 304 255 254 1608 1839 
8410 304 1181 2354 1182 2262 
8411 304 2431 1004 1923 815 
8412 304 2009 1731 1645 2000 
8413 304 1032 1019 927 2431 
8414 304 2324 2435 2391 1015 
8415 304 971 1070 1997 970 
8416 304 972 1072 2088 1071 
8417 304 1811 2394 1808 1819 
8418 304 1033 2436 1016 940 
8419 304 1878 507 398 508 
8420 304 2254 2543 2200 2344 
8421 304 1015 2435 910 939 
8422 304 2022 2098 2026 2027 
8423 304 1035 1928 1105 1935 
8424 304 2036 469 333 2030 
8425 304 1695 2040 2036 1757 
8426 304 1086 1087 2261 1181 
8427 304 2152 1879 2418 1878 
8428 304 2256 1177 1176 1082 
8429 304 2511 1100 1049 950 
8430 304 1180 2258 2355 2261 
8431 304 2469 2216 2135 2227 
8432 304 1045 1046 2463 1144 
8433 304 345 2117 377 315 
8434 304 2114 1144 2227 1094 
8435 304 507 1878 2152 508 
8436 304 2113 2111 2110 2061 
8437 304 878 879 234 2110 
8438 304 1965 2131 2439 1729 
8439 304 2392 1832 885 2121 
8440 304 1179 2362 1178 1260 
8441 304 802 128 886 1833 
8442 304 2508 2250 2535 2239 
8443 304 2253 779 2251 718 
8444 304 2241 1063 2243 2507 
8445 304 2132 1788 829 2071 
8446 304 2189 2077 960 959 
8447 304 1794 2464 1812 1789 
8448 304 1982 1988 1980 1981 
8449 304 1253 1254 1172 2341 
8450 304 2251 2200 2341 2543 
8451 304 377 2136 2118 566 
8452 304 2281 921 1050 996 
8453 304 1903 1395 1396 1516 
8454 304 2282 683 765 682 
8455 304 2332 764 2244 2282 
8456 304 2241 1063 2507 1158 
8457 304 2360 1240 1239 1158 
8458 304 2521 2152 2418 2299 
8459 304 1859 2123 2126 2124 
8460 304 2302 929 1927 1925 
8461 304 604 506 603 2153 
8462 304 264 263 2126 1840 
8463 304 1622 2089 1718 1544 
8464 304 605 507 2153 2152 
8465 304 1544 1648 2087 1718 
8466 304 755 722 2242 766 
8467 304 2531 2321 2530 2386 
8468 304 2145 499 596 498 
8469 304 1766 1983 1730 1674 
8470 304 1887 2163 2161 519 
8471 304 2086 859 860 972 
8472 304 2076 2246 1982 2175 
8473 304 1983 1673 1674 1766 
8474 304 1886 1887 2161 519 
8475 304 766 722 2242 795 
8476 304 1672 1980 1568 1978 
8477 304 2000 1680 1731 1762 
8478 304 326 436 354 1994 
8479 304 1574 326 1994 1575 
8480 304 2548 1085 2108 986 
8481 304 2348 2509 2342 2510 
8482 304 982 2103 981 1081 
8483 304 1992 459 1995 1991 
8484 304 1994 1680 1762 1679 
8485 304 1692 1691 1740 2406 
8486 304 1887 1886 410 519 
8487 304 737 767 755 2240 
8488 304 1064 1065 2506 1159 
8489 304 2104 1176 1257 1175 
8490 304 2032 2455 2028 2456 
8491 304 2198 2201 2251 2252 
8492 304 2505 2475 2222 2230 
8493 304 2257 2207 2260 2513 
8494 304 1896 530 2169 420 
8495 304 2375 2360 2231 1280 
8496 304 2241 1063 1158 1157 
8497 304 2169 420 530 529 
8498 304 2072 1660 1659 1709 
8499 304 1659 2072 1632 1555 
8500 304 2548 2051 2107 2108 
8501 304 2505 2360 2506 2231 
8502 304 2113 991 2501 2110 
8503 304 2072 1555 883 1632 
8504 304 1633 883 884 2071 
8505 304 2061 2215 2217 2062 
8506 304 2050 2049 473 2055 
8507 304 1412 1310 1924 1311 
8508 304 2113 879 992 991 
8509 304 2369 1189 1271 1128 
8510 304 295 294 1381 47 
8511 304 1125 1030 2377 1920 
8512 304 1522 2419 2420 1476 
8513 304 2273 1201 1051 1199 
8514 304 2521 2300 2296 2351 
8515 304 1163 2235 2356 2397 
8516 304 1415 1414 1925 1313 
8517 304 1019 2377 2298 2540 
8518 304 473 2055 2049 448 
8519 304 1066 2084 2223 1161 
8520 304 1961 2435 1333 1434 
8521 304 1162 1067 1161 2084 
8522 304 2359 1162 1161 2084 
8523 304 2404 2078 1152 2076 
8524 304 1768 2043 2038 1742 
8525 304 2402 1139 1225 2385 
8526 304 2223 2359 1161 2084 
8527 304 2544 1206 2383 1116 
8528 304 296 295 1884 1356 
8529 304 2423 522 1888 2164 
8530 304 2478 2526 2529 2159 
8531 304 706 2163 616 2311 
8532 304 2215 2110 2063 2061 
8533 304 2513 2206 2514 2261 
8534 304 470 2042 2038 445 
8535 304 1099 2403 1120 1907 
8536 304 2207 557 2046 575 
8537 304 557 2052 2046 446 
8538 304 2261 1085 2258 2108 
8539 304 873 985 2106 872 
8540 304 1022 1097 1901 916 
8541 304 1913 1000 924 1910 
8542 304 1318 163 1317 2390 
8543 304 924 1000 1913 1026 
8544 304 2274 1097 1189 1020 
8545 304 913 2275 1901 1022 
8546 304 2112 2059 2460 2501 
8547 304 2196 2023 2490 2197 
8548 304 2333 2534 2187 2331 
8549 304 1318 1419 2390 1317 
8550 304 1419 1318 2390 1930 
8551 304 2448 2534 2348 2331 
8552 304 2034 553 442 552 
8553 304 1222 2384 1136 1219 
8554 304 1018 1134 1049 2511 
8555 304 1972 1669 1668 1564 
8556 304 397 396 1877 285 
8557 304 1474 1497 1513 1875 
8558 304 1134 1100 1049 2511 
8559 304 2292 745 734 2222 
8560 304 1376 284 1875 1350 
8561 304 467 2034 442 552 
8562 304 2151 396 1875 1877 
8563 304 2522 2155 2380 2381 
8564 304 2438 255 1821 1609 
8565 304 537 1973 563 431 
8566 304 480 572 645 2196 
8567 304 2492 666 675 648 
8568 304 1060 2189 960 1059 
8569 304 558 2055 2209 2050 
8570 304 2215 2061 2217 2502 
8571 304 1483 2424 2425 1888 
8572 304 2076 2078 1152 1058 
8573 304 2164 2480 2318 2423 
8574 304 2390 1936 1930 1928 
8575 304 2143 2472 2141 2280 
8576 304 2183 564 563 1970 
8577 304 2042 470 574 445 
8578 304 2283 2143 2412 2413 
8579 304 491 492 2140 589 
8580 304 682 681 2282 592 
8581 304 2334 2399 2349 2268 
8582 304 1232 1233 2404 2546 
8583 304 2334 2065 2216 2217 
8584 304 1591 2036 2038 334 
8585 304 2439 1750 2440 1965 
8586 304 2333 1153 1059 1154 
8587 304 2334 2399 2268 2502 
8588 304 2226 2440 1970 2441 
8589 304 88 352 1570 324 
8590 304 475 2067 561 2065 
8591 304 2533 2244 2474 2332 
8592 304 2287 2330 2510 2146 
8593 304 2259 2042 2103 2495 
8594 304 962 2534 2080 2187 
8595 304 2534 2448 2187 2331 
8596 304 2513 2496 2257 2207 
8597 304 731 2236 2238 774 
8598 304 781 782 703 2309 
8599 304 2260 2315 2317 786 
8600 304 1479 1882 1458 1355 
8601 304 2471 2138 2470 2139 
8602 304 1232 2545 1150 1231 
8603 304 2296 1924 1923 928 
8604 304 616 2311 2163 2313 
8605 304 2508 2023 2197 2250 
8606 304 1977 2179 2180 1979 
8607 304 2545 2179 2485 2328 
8608 304 2417 2422 2151 1877 
8609 304 2153 694 2152 2295 
8610 304 2042 2496 2203 2259 
8611 304 1912 925 1915 896 
8612 304 154 153 1308 898 
8613 304 2457 2043 2040 2038 
8614 304 2098 2254 2491 2095 
8615 304 2422 2476 2417 2151 
8616 304 2303 2155 2522 2381 
8617 304 2160 1885 2159 516 
8618 304 2310 1885 2159 2306 
8619 304 1165 1166 1071 2091 
8620 304 2196 2023 2197 480 
8621 304 2361 2218 2313 2494 
8622 304 2179 2335 2278 739 
8623 304 1177 1178 2362 1259 
8624 304 1986 2190 2445 2188 
8625 304 2042 556 445 574 
8626 304 2342 2534 2333 2331 
8627 304 1445 1868 1905 1517 
8628 304 972 2086 971 2088 
8629 304 140 1295 808 1294 
8630 304 2186 2242 630 751 
8631 304 547 540 2188 1986 
8632 304 2487 2336 2337 2226 
8633 304 2390 1419 1418 1317 
8634 304 2184 1023 951 952 
8635 304 955 954 2486 842 
8636 304 1070 2193 2397 2091 
8637 304 1979 458 1977 478 
8638 304 2178 1064 2507 965 
8639 304 866 978 2096 865 
8640 304 349 1563 81 1564 
8641 304 2086 859 971 858 
8642 304 966 2178 965 1065 
8643 304 2307 779 2253 701 
8644 304 1082 2029 982 2103 
8645 304 2113 2270 2215 2501 
8646 304 2112 990 2109 2501 
8647 304 1600 2054 2057 367 
8648 304 1705 2407 1601 2057 
8649 304 1056 1150 2329 1055 
8650 304 2259 2029 1082 2103 
8651 304 2377 1030 1125 1124 
8652 304 1631 881 1554 2111 
8653 304 1721 2099 1652 2040 
8654 304 2377 1030 2293 1920 
8655 304 1982 1639 1642 1753 
8656 304 2496 2042 2046 2205 
8657 304 2000 2003 2178 2081 
8658 304 2503 994 1093 993 
8659 304 1617 1539 851 1996 
8660 304 943 1023 951 2185 
8661 304 1092 993 2502 1093 
8662 304 881 2111 880 993 
8663 304 133 1365 1828 245 
8664 304 2524 1006 2523 1104 
8665 304 2384 1222 1135 2382 
8666 304 2471 2409 1864 2130 
8667 304 1827 1341 248 1830 
8668 304 375 485 2125 2126 
8669 304 1837 1838 2124 1855 
8670 304 889 913 1899 806 
8671 304 2524 930 1926 1006 
8672 304 1369 1341 266 2125 
8673 304 2524 930 1006 1104 
8674 304 2524 930 1104 1035 
8675 304 2524 1006 1926 1927 
8676 304 966 854 853 2396 
8677 304 1540 208 853 2079 
8678 304 1209 1120 1115 2403 
8679 304 1277 1209 1115 2403 
8680 304 2396 1715 2079 2081 
8681 304 1715 1618 2081 2396 
8682 304 1229 2541 1147 1126 
8683 304 928 2300 1924 1005 
8684 304 693 604 603 2153 
8685 304 699 2155 2157 610 
8686 304 1032 1019 2298 1147 
8687 304 2339 2351 1270 2300 
8688 304 407 408 296 1885 
8689 304 2255 784 783 2313 
8690 304 2101 980 981 1080 
8691 304 596 597 2287 686 
8692 304 2495 2104 2537 2219 
8693 304 1886 297 1357 298 
8694 304 1961 2428 2436 2326 
8695 304 1960 2326 2435 2324 
8696 304 2300 2302 1095 2523 
8697 304 969 2083 1069 970 
8698 304 2382 1194 1269 1135 
8699 304 2382 1940 1194 1135 
8700 304 428 430 2119 536 
8701 304 2538 2172 2483 2327 
8702 304 1911 1907 2286 2284 
8703 304 1894 2324 2427 2170 
8704 304 2483 2538 2327 2504 
8705 304 1101 2279 1021 997 
8706 304 2371 2533 2343 2244 
8707 304 1396 1295 1294 2429 
8708 304 2300 1215 1137 1270 
8709 304 2254 1252 1170 1171 
8710 304 903 1931 932 1930 
8711 304 686 685 2287 596 
8712 304 2300 1095 1143 2523 
8713 304 1886 297 409 1885 
8714 304 2155 1881 511 2156 
8715 304 596 2287 2146 685 
8716 304 1912 1001 896 812 
8717 304 1933 1931 1930 932 
8718 304 1540 1618 1715 2396 
8719 304 1816 1799 2461 1817 
8720 304 182 912 1336 1337 
8721 304 1962 1336 1337 1438 
8722 304 2031 1693 1767 2028 
8723 304 2079 1715 2396 1540 
8724 304 722 661 755 2242 
8725 304 1990 2188 1986 2445 
8726 304 1985 961 2189 2077 
8727 304 2226 1053 1148 1117 
8728 304 2275 1022 1051 2518 
8729 304 457 2008 2451 2006 
8730 304 2301 2156 697 607 
8731 304 2301 2154 2156 607 
8732 304 2226 1207 2337 2247 
8733 304 1993 1539 1996 851 
8734 304 1645 1541 2082 2081 
8735 304 2239 2023 2195 2020 
8736 304 2131 1662 1608 1729 
8737 304 2542 1227 2535 1208 
8738 304 2022 441 359 2018 
8739 304 2056 1629 1656 2109 
8740 304 516 614 2159 2160 
8741 304 2011 2014 1733 1686 
8742 304 447 472 2048 2050 
8743 304 2178 2507 2450 1996 
8744 304 667 2207 557 2206 
8745 304 2505 2360 2231 2375 
8746 304 136 1291 806 1290 
8747 304 1950 1956 1955 2531 
8748 304 2529 2478 2159 2310 
8749 304 551 451 545 2070 
8750 304 2463 945 946 1046 
8751 304 2327 1188 1048 1044 
8752 304 2161 2312 2478 2163 
8753 304 1794 186 832 831 
8754 304 52 1383 299 1358 
8755 304 2162 617 618 707 
8756 304 2384 1222 1136 1135 
8757 304 1900 1902 1394 1395 
8758 304 299 1886 1383 298 
8759 304 247 1391 246 1829 
8760 304 2396 966 2079 853 
8761 304 2289 1876 2416 2148 
8762 304 378 266 376 2125 
8763 304 1828 1391 246 1365 
8764 304 853 1540 2079 2396 
8765 304 1870 384 493 1868 
8766 304 2275 2124 919 917 
8767 304 2416 1919 2148 2293 
8768 304 1699 2053 1744 1700 
8769 304 2144 1869 1871 496 
8770 304 1877 286 285 1351 
8771 304 1497 1922 2417 1410 
8772 304 2031 2030 2040 1741 
8773 304 692 603 602 2151 
8774 304 2294 601 690 2148 
8775 304 588 490 587 2138 
8776 304 1507 1430 1958 1529 
8777 304 2433 2481 2323 2426 
8778 304 2293 2150 2416 2417 
8779 304 2322 2347 2346 2364 
8780 304 1430 1431 1958 1529 
8781 304 1330 826 2391 1331 
8782 304 2107 229 874 873 
8783 304 240 183 1788 829 
8784 304 2098 2095 2027 2017 
8785 304 2278 2335 2517 2271 
8786 304 2174 571 2190 1981 
8787 304 601 503 600 2148 
8788 304 2246 2244 2174 2387 
8789 304 2162 521 618 520 
8790 304 502 2289 2149 2148 
8791 304 1261 2355 1179 2362 
8792 304 2485 2183 2337 2335 
8793 304 2517 2138 2516 2369 
8794 304 1968 370 2127 567 
8795 304 867 979 2024 866 
8796 304 2262 1087 1182 1181 
8797 304 2140 491 589 588 
8798 304 563 2183 1973 654 
8799 304 2377 2294 2148 2150 
8800 304 2293 2377 2148 2150 
8801 304 2002 457 2451 2004 
8802 304 2397 2192 2193 1997 
8803 304 2014 2023 2020 2021 
8804 304 2006 438 2004 457 
8805 304 1087 2262 2261 1181 
8806 304 2054 1703 1598 1599 
8807 304 2405 1282 1276 2367 
8808 304 617 2162 618 520 
8809 304 2140 2274 2411 2138 
8810 304 1993 1539 1643 1996 
8811 304 1442 1515 1866 2410 
8812 304 665 550 2194 629 
8813 304 550 533 2194 629 
8814 304 1876 2150 2416 2148 
8815 304 2140 2271 2138 588 
8816 304 491 2140 2138 588 
8817 304 643 731 2194 629 
8818 304 2541 2356 2351 1245 
8819 304 548 439 465 2453 
8820 304 329 2011 358 465 
8821 304 2195 2088 2090 2239 
8822 304 2250 1169 2095 2536 
8823 304 2295 2234 800 2232 
8824 304 2136 723 660 640 
8825 304 1770 1724 1655 2051 
8826 304 2216 2136 2228 2469 
8827 304 1942 2384 1136 1135 
8828 304 1004 928 2296 1923 
8829 304 2537 1269 1256 1257 
8830 304 666 2198 632 553 
8831 304 2283 1098 1203 1028 
8832 304 2164 2318 2424 2423 
8833 304 2490 2338 2249 2250 
8834 304 1584 1583 2018 359 
8835 304 2471 2138 2139 2410 
8836 304 920 1021 1029 2279 
8837 304 2485 2517 2335 2337 
8838 304 2272 2130 2139 732 
8839 304 1935 2543 2477 2308 
8840 304 1143 1095 2300 1137 
8841 304 2542 1227 1208 1130 
8842 304 1198 1098 1203 2283 
8843 304 2111 1658 1727 2061 
8844 304 782 2218 746 783 
8845 304 2382 2314 1940 1942 
8846 304 723 646 640 2216 
8847 304 2498 2266 2211 2112 
8848 304 1943 2312 1941 2314 
8849 304 260 12 259 1842 
8850 304 1824 12 260 1842 
8851 304 902 162 1316 161 
8852 304 2225 2516 2337 2335 
8853 304 2282 2244 2332 2474 
8854 304 2043 2040 1742 1652 
8855 304 1399 1905 1398 1492 
8856 304 2541 1032 1147 1126 
8857 304 901 1927 817 1314 
8858 304 1406 1912 1917 1915 
8859 304 2317 2480 708 2315 
8860 304 1736 2013 1647 2016 
8861 304 2452 2012 2005 2489 
8862 304 2046 2203 556 2042 
8863 304 2234 2294 2297 772 
8864 304 1941 1425 1944 1947 
8865 304 647 2037 573 562 
8866 304 1038 1942 1136 1135 
8867 304 2362 1211 2402 1214 
8868 304 1141 1211 1193 2402 
8869 304 487 551 2070 2135 
8870 304 2128 1856 1847 1842 
8871 304 1200 2353 1282 1204 
8872 304 2464 2132 2115 2461 
8873 304 2497 2265 2211 651 
8874 304 1109 1945 1193 1039 
8875 304 651 2500 656 2265 
8876 304 2316 2385 2318 1952 
8877 304 2312 1941 2314 1945 
8878 304 1119 2402 1945 1193 
8879 304 2046 2206 2513 2261 
8880 304 2128 259 2129 1842 
8881 304 738 2265 651 721 
8882 304 1456 2419 1499 1476 
8883 304 1043 2324 1015 1113 
8884 304 1337 241 1 191 
8885 304 674 665 2194 629 
8886 304 11 1823 259 1842 
8887 304 2461 2132 2115 2070 
8888 304 1233 2365 1281 1234 
8889 304 938 2433 1112 1954 
8890 304 449 2060 339 475 
8891 304 1958 2426 2433 2323 
8892 304 1185 2364 2270 2346 
8893 304 1283 2343 1236 1235 
8894 304 2255 579 733 2203 
8895 304 472 2044 446 336 
8896 304 1032 2298 2541 1147 
8897 304 1802 1781 1801 2118 
8898 304 2365 1288 1281 1234 
8899 304 1782 2118 2119 316 
8900 304 716 2169 2325 717 
8901 304 2176 568 662 565 
8902 304 2115 2461 1817 2464 
8903 304 1236 2373 1283 1212 
8904 304 2118 1781 1780 345 
8905 304 1760 1747 2061 2407 
8906 304 558 473 2050 447 
8907 304 2242 722 630 751 
8908 304 2188 757 2332 719 
8909 304 2086 2013 1647 1997 
8910 304 2091 1166 1248 1247 
8911 304 1981 1979 2174 432 
8912 304 1098 2372 1050 2281 
8913 304 1165 1166 2091 1247 
8914 304 2181 1992 569 1995 
8915 304 495 593 2143 592 
8916 304 1222 1269 2537 1257 
8917 304 2132 2464 2115 2463 
8918 304 2225 654 2488 673 
8919 304 385 1870 274 273 
8920 304 1780 2117 315 1779 
8921 304 1870 385 384 273 
8922 304 1628 2051 2107 874 
8923 304 2105 2456 2202 2037 
8924 304 296 295 1356 48 
8925 304 2051 1628 875 874 
8926 304 2204 2105 2039 2495 
8927 304 899 928 1924 816 
8928 304 2340 2537 2219 2361 
8929 304 2488 638 673 641 
8930 304 271 23 1370 24 
8931 304 1138 1191 2375 1280 
8932 304 805 1828 1898 888 
8933 304 2225 654 673 740 
8934 304 30 1347 277 278 
8935 304 851 1616 1539 206 
8936 304 2225 638 673 2488 
8937 304 2188 751 2186 636 
8938 304 1901 1899 2388 1393 
8939 304 290 1880 401 1881 
8940 304 1628 229 874 2107 
8941 304 184 185 1796 830 
8942 304 2234 2235 2221 2191 
8943 304 1394 1901 1393 1515 
8944 304 635 2182 569 2181 
8945 304 512 2157 1883 2155 
8946 304 1292 2388 1291 1393 
8947 304 230 1628 874 875 
8948 304 1896 1363 1388 1466 
8949 304 685 2146 684 795 
8950 304 1893 308 1894 419 
8951 304 795 2285 2146 684 
8952 304 1303 895 148 1302 
8953 304 1992 459 1991 435 
8954 304 1990 2080 2448 2187 
8955 304 2285 594 2146 684 
8956 304 2447 2450 1991 1995 
8957 304 1765 1989 1676 1984 
8958 304 2285 683 594 684 
8959 304 1303 895 1302 1910 
8960 304 1303 895 1910 812 
8961 304 695 2152 694 2299 
8962 304 229 1550 873 2107 
8963 304 1647 2086 1620 1543 
8964 304 900 158 817 1313 
8965 304 364 1594 112 336 
8966 304 546 438 464 2006 
8967 304 1946 2401 1944 2432 
8968 304 1952 1946 2432 2401 
8969 304 2318 2423 2432 1953 
8970 304 138 890 137 1292 
8971 304 1941 1424 1322 1323 
8972 304 2088 2452 1997 2193 
8973 304 695 2152 2299 606 
8974 304 1324 169 1323 1944 
8975 304 822 169 1323 168 
8976 304 2389 922 810 893 
8977 304 2094 2095 976 2017 
8978 304 198 197 842 1612 
8979 304 2094 2095 2017 2027 
8980 304 844 956 1976 843 
8981 304 415 1890 524 1892 
8982 304 220 2094 864 865 
8983 304 2344 1197 2381 2542 
8984 304 179 911 827 1334 
8985 304 2437 912 1336 828 
8986 304 162 163 819 1317 
8987 304 2437 1336 1335 828 
8988 304 1659 2072 1709 1763 
8989 304 911 180 828 1335 
8990 304 774 2301 696 695 
8991 304 1804 1815 2120 1803 
8992 304 2464 2132 1810 1796 
8993 304 2437 1044 941 940 
8994 304 2461 1779 2117 1799 
8995 304 1871 1473 1372 1346 
8996 304 1862 2392 2129 2121 
8997 304 76 9 8 1822 
8998 304 276 1871 1372 1346 
8999 304 1869 1473 1346 1444 
9000 304 2299 2301 774 695 
9001 304 2311 785 784 706 
9002 304 20 19 267 1369 
9003 304 2125 1827 265 1826 
9004 304 2125 2130 1864 2409 
9005 304 2125 267 1864 378 
9006 304 785 2311 707 706 
9007 304 1549 2102 871 2106 
9008 304 21 269 1368 268 
9009 304 1931 1320 1937 1421 
9010 304 1420 1931 1938 1421 
9011 304 1371 274 1345 27 
9012 304 1918 152 1306 897 
9013 304 1342 21 1368 268 
9014 304 1374 1441 1450 1874 
9015 304 2091 2090 1072 2088 
9016 304 1881 291 290 1379 
9017 304 607 2301 606 696 
9018 304 286 287 1879 398 
9019 304 784 705 783 2313 
9020 304 1905 1445 1517 1492 
9021 304 1353 1881 290 1379 
9022 304 403 402 512 1883 
9023 304 55 1385 1359 302 
9024 304 1897 426 424 346 
9025 304 1420 1319 1931 1421 
9026 304 2171 1896 2428 1895 
9027 304 1364 1897 1390 1468 
9028 304 377 2136 566 487 
9029 304 1340 1897 313 1785 
9030 304 346 74 1785 1784 
9031 304 1782 2118 316 1781 
9032 304 974 2090 2087 973 
9033 304 1897 1440 1390 1468 
9034 304 2179 478 663 1979 
9035 304 1723 1549 2106 2045 
9036 304 320 1563 81 349 
9037 304 96 95 1578 356 
9038 304 2089 1544 2087 1718 
9039 304 94 93 1576 355 
9040 304 2001 2086 972 2088 
9041 304 1402 1906 1301 1300 
9042 304 2014 330 358 440 
9043 304 631 2325 628 717 
9044 304 705 2311 784 706 
9045 304 118 339 367 1600 
9046 304 631 2325 717 660 
9047 304 2127 370 570 567 
9048 304 1908 1518 1493 1401 
9049 304 130 803 129 1835 
9050 304 1069 2192 2397 1997 
9051 304 1908 1493 1400 1401 
9052 304 1197 2524 2381 2542 
9053 304 2000 2081 2178 2079 
9054 304 1910 1404 1403 1302 
9055 304 1197 2344 1279 2542 
9056 304 854 1541 2081 855 
9057 304 1377 2421 1475 1351 
9058 304 2272 581 732 728 
9059 304 2151 1879 2153 506 
9060 304 854 1541 855 210 
9061 304 1549 2102 2106 2045 
9062 304 1923 2417 2431 1410 
9063 304 2174 2244 2246 2190 
9064 304 2306 2160 2158 1884 
9065 304 935 823 1944 906 
9066 304 1948 824 1949 1327 
9067 304 2084 968 2082 2083 
9068 304 456 477 2069 2070 
9069 304 1939 1422 1423 1943 
9070 304 1504 1943 1423 1525 
9071 304 2117 2461 2115 2070 
9072 304 835 836 190 1792 
9073 304 1816 2464 1806 1817 
9074 304 949 1791 835 834 
9075 304 2246 2244 2387 2365 
9076 304 634 1973 739 653 
9077 304 2122 2247 2467 2511 
9078 304 1613 844 1976 1535 
9079 304 2439 2484 2129 1966 
9080 304 1823 1858 1841 2129 
9081 304 1988 1673 1983 1766 
9082 304 2550 1999 2177 2223 
9083 304 1938 1931 1937 1421 
9084 304 2114 1144 1094 1045 
9085 304 911 2436 827 1334 
9086 304 2502 2061 2217 2068 
9087 304 2092 219 864 863 
9088 304 2508 2023 2250 2239 
9089 304 2521 2418 2422 2296 
9090 304 2114 1045 1094 995 
9091 304 2205 2043 2103 2042 
9092 304 1933 1930 1935 1928 
9093 304 2136 2117 2465 2135 
9094 304 1127 2364 1204 1226 
9095 304 250 1634 1556 1774 
9096 304 2071 1810 1774 1797 
9097 304 1094 2227 2114 2503 
9098 304 1530 1960 1509 1433 
9099 304 1794 2464 1789 831 
9100 304 274 27 26 1345 
9101 304 1728 2072 1763 2068 
9102 304 67 1778 314 1777 
9103 304 2179 739 756 634 
9104 304 2216 2136 2469 2135 
9105 304 634 1973 2179 739 
9106 304 2405 2349 2538 2229 
9107 304 552 2198 632 2200 
9108 304 379 2139 489 1866 
9109 304 2129 429 258 370 
9110 304 273 1868 1367 272 
9111 304 272 273 25 1367 
9112 304 1880 401 400 289 
9113 304 274 273 1345 26 
9114 304 42 1353 289 290 
9115 304 757 750 2190 2244 
9116 304 2118 452 345 377 
9117 304 2236 2237 2233 2015 
9118 304 1156 2534 1155 1237 
9119 304 1917 1495 1488 1406 
9120 304 2296 1102 928 1024 
9121 304 1467 1895 1510 1487 
9122 304 2378 2476 2377 2298 
9123 304 2113 1092 2502 2399 
9124 304 1934 1418 1419 1511 
9125 304 2190 633 2174 750 
9126 304 1601 1602 368 2060 
9127 304 2161 2549 2478 2159 
9128 304 286 1351 1377 39 
9129 304 2322 2166 2481 713 
9130 304 2263 711 710 621 
9131 304 1891 417 305 306 
9132 304 1961 1960 1509 1894 
9133 304 1486 1894 1388 1466 
9134 304 2236 2237 2015 2238 
9135 304 1962 1815 1809 1813 
9136 304 2224 2428 2436 1963 
9137 304 2120 1895 1897 532 
9138 304 1805 1897 1785 346 
9139 304 1812 2115 2464 2137 
9140 304 428 536 2119 534 
9141 304 1487 1961 1466 1896 
9142 304 2061 2111 2068 2502 
9143 304 1896 1895 1389 1487 
9144 304 357 328 2005 464 
9145 304 1447 1898 1289 1391 
9146 304 98 97 1580 357 
9147 304 2499 743 2267 2214 
9148 304 1812 2115 2137 1818 
9149 304 117 118 367 1600 
9150 304 559 2500 578 656 
9151 304 405 404 1882 293 
9152 304 403 402 1883 291 
9153 304 2174 2190 750 2244 
9154 304 2190 633 750 657 
9155 304 2190 750 757 657 
9156 304 1570 1571 1984 1675 
9157 304 2073 954 1974 2486 
9158 304 320 349 431 1969 
9159 304 2537 2256 1257 2104 
9160 304 1175 1081 1080 2104 
9161 304 415 525 1892 524 
9162 304 2202 2492 2204 2037 
9163 304 2037 2036 2030 469 
9164 304 2200 2253 2251 718 
9165 304 2328 2278 761 756 
9166 304 676 2139 2138 587 
9167 304 2487 2488 1970 2127 
9168 304 2125 2130 2409 2126 
9169 304 2409 1447 1443 1366 
9170 304 2274 2140 2411 2279 
9171 304 1904 921 892 997 
9172 304 2209 650 576 667 
9173 304 2409 1366 2468 1898 
9174 304 1830 1341 1366 2125 
9175 304 798 2328 762 761 
9176 304 2292 771 690 2294 
9177 304 472 447 576 2050 
9178 304 2177 725 737 2230 
9179 304 2293 2150 2148 2416 
9180 304 756 2328 798 761 
9181 304 558 2209 576 2050 
9182 304 1772 1969 1668 1751 
9183 304 1631 881 2111 880 
9184 304 2204 2220 2202 2219 
9185 304 1460 1382 1357 1885 
9186 304 2167 623 622 525 
9187 304 1891 417 527 526 
9188 304 2165 1888 2424 1890 
9189 304 2099 2043 1652 2040 
9190 304 416 1891 525 526 
9191 304 470 334 2038 444 
9192 304 2037 562 2204 2039 
9193 304 1562 1667 1967 1666 
9194 304 286 1879 1377 1351 
9195 304 2343 1288 1234 1235 
9196 304 2384 2382 2361 2537 
9197 304 1880 1456 1378 1476 
9198 304 2156 2154 1927 1881 
9199 304 1972 427 1977 458 
9200 304 2453 543 464 2012 
9201 304 800 2234 730 2232 
9202 304 1721 1757 1741 2040 
9203 304 2352 1242 2223 2359 
9204 304 562 469 2039 2037 
9205 304 968 967 2084 2082 
9206 304 2100 2398 2202 2199 
9207 304 1414 1415 1925 1523 
9208 304 1703 2054 1598 2049 
9209 304 2339 2237 2091 2350 
9210 304 2498 2215 2270 2460 
9211 304 577 559 2497 2058 
9212 304 1704 1705 1600 2057 
9213 304 2022 2025 1690 1586 
9214 304 663 668 2328 1979 
9215 304 1635 1730 1641 1985 
9216 304 1986 2190 2188 547 
9217 304 1988 1673 1766 1771 
9218 304 764 2245 2280 763 
9219 304 1730 1987 1641 1985 
9220 304 2028 442 2032 468 
9221 304 1967 1968 1970 455 
9222 304 2208 2045 2205 2047 
9223 304 1965 1662 1729 1661 
9224 304 1594 2041 2044 364 
9225 304 2515 2355 2362 2513 
9226 304 841 2408 1534 1974 
9227 304 2041 556 2042 2046 
9228 304 1615 1538 1635 1985 
9229 304 2129 2185 2133 2121 
9230 304 373 374 2123 483 
9231 304 804 1837 2124 887 
9232 304 968 856 855 2082 
9233 304 1515 1866 1489 1446 
9234 304 216 2087 1544 1621 
9235 304 2077 1538 1615 1985 
9236 304 1152 1233 1234 2365 
9237 304 2230 2148 689 2149 
9238 304 1514 2417 1923 1410 
9239 304 2131 801 1820 1532 
9240 304 771 2294 691 690 
9241 304 2476 2422 2297 2151 
9242 304 2019 2089 1718 2010 
9243 304 216 215 860 1621 
9244 304 706 2163 2311 707 
9245 304 2024 1624 1651 1547 
9246 304 1931 1320 1421 1319 
9247 304 2160 1885 516 1884 
9248 304 217 218 1622 862 
9249 304 2216 658 2267 2228 
9250 304 2209 2212 749 2263 
9251 304 2318 2321 2386 2165 
9252 304 2000 2009 2003 2081 
9253 304 2127 542 1970 1968 
9254 304 1635 1615 1985 1641 
9255 304 951 2184 1965 2185 
9256 304 1735 1739 1718 2019 
9257 304 1649 1735 1718 2010 
9258 304 2015 2012 659 548 
9259 304 2021 2011 2016 2020 
9260 304 439 329 2453 357 
9261 304 1615 2077 1985 1641 
9262 304 1651 2033 1720 2096 
9263 304 2500 2265 2499 743 
9264 304 457 437 2008 565 
9265 304 1012 1952 1946 1950 
9266 304 2072 1728 1632 2503 
9267 304 1632 237 882 1554 
9268 304 372 2133 481 482 
9269 304 2321 1950 1948 2532 
9270 304 1100 1023 942 2185 
9271 304 1972 427 458 321 
9272 304 1750 2440 1967 1964 
9273 304 2007 2006 2004 2451 
9274 304 483 2134 482 581 
9275 304 2134 483 582 581 
9276 304 482 2134 664 581 
9277 304 489 2139 488 586 
9278 304 2473 2143 2141 2412 
9279 304 1999 568 2003 463 
9280 304 106 1589 333 1588 
9281 304 1682 2002 1734 2004 
9282 304 2012 2233 2191 2006 
9283 304 1430 1507 1958 1956 
9284 304 1682 1683 1578 2004 
9285 304 2191 546 2006 544 
9286 304 285 1875 396 1877 
9287 304 978 979 866 2096 
9288 304 397 507 398 1879 
9289 304 2461 2071 2070 2069 
9290 304 463 326 355 1998 
9291 304 2383 2529 2526 2527 
9292 304 1431 1430 1954 1329 
9293 304 2009 2085 2003 2081 
9294 304 1585 360 1586 103 
9295 304 1767 1692 1740 2406 
9296 304 527 2166 624 2168 
9297 304 2322 792 791 713 
9298 304 2002 1682 1578 2004 
9299 304 2291 1872 1914 1917 
9300 304 1911 2414 2145 1873 
9301 304 1490 2411 1902 2410 
9302 304 2210 2458 2055 2213 
9303 304 2223 2235 2085 2008 
9304 304 1756 2406 1691 2025 
9305 304 1952 1110 1139 1950 
9306 304 1692 1588 1587 2028 
9307 304 747 2305 781 780 
9308 304 1988 2246 1981 1982 
9309 304 747 2305 780 2201 
9310 304 1515 1902 2410 1490 
9311 304 1380 293 46 1355 
9312 304 1865 1442 2410 1490 
9313 304 1442 1515 2410 1490 
9314 304 646 658 554 2216 
9315 304 1724 2053 1744 1654 
9316 304 1911 2414 1914 2145 
9317 304 2257 649 736 2207 
9318 304 2436 939 1016 827 
9319 304 1911 2288 2284 2145 
9320 304 705 616 2311 706 
9321 304 2292 771 2294 2221 
9322 304 178 179 827 1333 
9323 304 1941 1423 1939 1322 
9324 304 2145 498 596 2146 
9325 304 910 2435 827 939 
9326 304 2435 2436 827 939 
9327 304 284 283 1350 36 
9328 304 215 214 2086 1543 
9329 304 1983 1986 1980 1988 
9330 304 2031 2030 2028 2456 
9331 304 774 731 674 2238 
9332 304 407 406 516 1884 
9333 304 2156 1881 511 510 
9334 304 1911 2288 2145 1914 
9335 304 193 837 838 1610 
9336 304 1659 1728 1632 2072 
9337 304 2322 791 712 713 
9338 304 2269 2322 2481 713 
9339 304 1618 1541 1645 2081 
9340 304 1727 1658 2111 1631 
9341 304 672 2232 724 730 
9342 304 2237 2091 2350 2397 
9343 304 1541 1713 1645 2082 
9344 304 238 1632 882 883 
9345 304 649 669 556 2203 
9346 304 1980 460 1978 1981 
9347 304 2255 733 783 784 
9348 304 2418 2296 1923 2422 
9349 304 1982 1980 1988 1771 
9350 304 470 2042 574 555 
9351 304 2255 2493 2218 746 
9352 304 1993 1616 1714 1643 
9353 304 1738 1993 1714 1643 
9354 304 2075 1982 2078 1988 
9355 304 2333 2534 2342 1155 
9356 304 2180 2073 2442 2486 
9357 304 2174 754 750 633 
9358 304 2174 2328 2245 754 
9359 304 2417 1923 2422 1877 
9360 304 1871 496 497 2144 
9361 304 1724 1550 2107 1654 
9362 304 870 2102 983 871 
9363 304 1452 1375 1876 1349 
9364 304 284 1875 283 395 
9365 304 2241 2240 2505 2181 
9366 304 2201 2492 2202 2198 
9367 304 1977 2179 1979 478 
9368 304 1457 1524 1500 1883 
9369 304 2212 2263 2530 2319 
9370 304 2322 2265 790 791 
9371 304 1975 1977 458 1972 
9372 304 1536 2074 1642 1613 
9373 304 2037 573 479 2492 
9374 304 2128 2133 2122 2121 
9375 304 1627 1549 2106 1723 
9376 304 1865 2139 1866 489 
9377 304 2442 2073 1974 2486 
9378 304 1616 205 850 849 
9379 304 1320 820 1931 904 
9380 304 1965 1662 1661 1610 
9381 304 933 1010 1939 821 
9382 304 1711 1966 1729 1964 
9383 304 1616 1538 205 849 
9384 304 1661 1710 1965 1533 
9385 304 1960 2326 2324 1894 
9386 304 1962 2120 1895 1897 
9387 304 1993 1616 850 849 
9388 304 1616 1993 1538 849 
9389 304 458 1979 1975 432 
9390 304 1514 2417 1410 1497 
9391 304 1549 227 871 226 
9392 304 2443 2486 2175 2180 
9393 304 2102 1549 871 226 
9394 304 1750 1967 1764 1666 
9395 304 1618 1715 2081 1645 
9396 304 857 1542 213 212 
9397 304 1572 1989 1676 1677 
9398 304 328 1579 2005 2004 
9399 304 2013 2452 2005 2489 
9400 304 968 969 856 2083 
9401 304 1761 1716 2013 2007 
9402 304 1971 1750 1710 1965 
9403 304 1989 1738 1676 1677 
9404 304 2494 2495 2537 2219 
9405 304 2529 2383 2526 2382 
9406 304 2421 2422 1877 1879 
9407 304 1727 2063 2110 2061 
9408 304 1430 1958 1954 1956 
9409 304 988 1088 2213 1087 
9410 304 2014 1583 1688 1687 
9411 304 1739 2014 1688 1687 
9412 304 1298 2389 893 1909 
9413 304 914 890 1900 2388 
9414 304 2409 2275 1899 1898 
9415 304 614 516 613 2160 
9416 304 2434 1433 1530 1432 
9417 304 2165 2320 2167 1892 
9418 304 2524 930 1035 1926 
9419 304 1288 2343 1234 2365 
9420 304 2421 2422 1879 2418 
9421 304 2165 2320 1892 2424 
9422 304 1076 2095 2017 976 
9423 304 2320 1951 1956 1892 
9424 304 1709 2066 1708 1763 
9425 304 1163 1244 1245 2356 
9426 304 1909 2430 996 893 
9427 304 1962 1895 1963 1468 
9428 304 1909 1298 2430 893 
9429 304 341 2066 1605 2069 
9430 304 1299 893 810 144 
9431 304 1954 1112 938 1014 
9432 304 2391 826 938 1015 
9433 304 2069 477 456 342 
9434 304 1558 2069 1606 1557 
9435 304 1945 2401 2432 1944 
9436 304 1557 1634 2069 1664 
9437 304 2320 1951 1892 2424 
9438 304 2463 2465 2229 2137 
9439 304 1899 1392 1393 1489 
9440 304 2180 1973 2336 2485 
9441 304 2182 1992 2447 2448 
9442 304 1606 342 124 123 
9443 304 1617 208 852 207 
9444 304 2540 1205 2359 1278 
9445 304 854 966 2081 2396 
9446 304 2012 2453 2452 2005 
9447 304 1682 2009 1681 1754 
9448 304 218 2092 1622 862 
9449 304 2423 1887 1947 1889 
9450 304 220 221 1546 865 
9451 304 1899 1515 1866 1489 
9452 304 2024 2100 2202 2199 
9453 304 1650 2035 1740 1756 
9454 304 1767 2033 2406 1740 
9455 304 1596 1701 2048 1700 
9456 304 2000 1715 1731 1645 
9457 304 2318 2316 2432 2423 
9458 304 2269 794 793 715 
9459 304 1196 2368 1217 1218 
9460 304 1939 1108 934 1010 
9461 304 1884 1885 1938 2306 
9462 304 893 1297 143 1298 
9463 304 1119 1108 1039 1945 
9464 304 2161 1943 2310 2314 
9465 304 2163 2161 2313 2478 
9466 304 2384 1214 1119 1219 
9467 304 1942 1119 2384 1945 
9468 304 2310 1943 2161 1885 
9469 304 934 1939 1010 905 
9470 304 1920 1919 1915 1921 
9471 304 1631 881 880 236 
9472 304 2515 2257 2362 2357 
9473 304 1519 1492 1905 1399 
9474 304 2368 2545 2328 2387 
9475 304 1122 1275 2368 1218 
9476 304 2040 1757 1742 1652 
9477 304 2541 1229 1147 2540 
9478 304 2029 1548 2099 1652 
9479 304 1308 1922 2431 898 
9480 304 1031 1920 1129 1103 
9481 304 1437 1963 1962 2437 
9482 304 2401 2316 1952 2402 
9483 304 1480 1938 1884 1885 
9484 304 1548 2029 1722 1652 
9485 304 1697 1592 1696 2038 
9486 304 1332 1960 2435 2391 
9487 304 2367 1200 1282 1192 
9488 304 1033 1188 2504 1044 
9489 304 1276 2538 2367 1192 
9490 304 319 78 1560 347 
9491 304 2443 1972 2442 1977 
9492 304 1918 1920 1915 1921 
9493 304 2336 2442 1973 2180 
9494 304 2438 2439 2131 1729 
9495 304 814 1922 898 1003 
9496 304 1287 2369 1271 1275 
9497 304 1613 2074 1642 1976 
9498 304 1460 1938 1525 1503 
9499 304 469 573 443 2037 
9500 304 1540 1617 2079 1644 
9501 304 392 393 1874 502 
9502 304 2447 2507 2181 2241 
9503 304 1480 1938 1503 1512 
9504 304 1459 1502 1479 1884 
9505 304 2243 2447 2507 2080 
9506 304 1975 1976 1752 1773 
9507 304 977 1076 2017 976 
9508 304 1922 814 926 1003 
9509 304 2293 1019 1003 1030 
9510 304 975 2093 1074 2095 
9511 304 2094 2092 864 976 
9512 304 2490 2098 2095 2027 
9513 304 2253 2158 611 2157 
9514 304 1266 1185 1184 2346 
9515 304 1971 1967 1751 1764 
9516 304 1143 1227 2379 2380 
9517 304 1420 1884 1512 1938 
9518 304 1087 2548 987 1086 
9519 304 2003 1999 2223 2176 
9520 304 1299 893 144 1298 
9521 304 1922 2293 1918 1921 
9522 304 2285 2282 2332 2474 
9523 304 937 1955 1111 1013 
9524 304 764 2245 763 750 
9525 304 2316 2385 1952 2402 
9526 304 1942 1119 1945 1108 
9527 304 2154 606 2299 2152 
9528 304 2400 825 1954 1949 
9529 304 999 2389 810 894 
9530 304 2374 1280 1191 1213 
9531 304 2415 1911 2145 1873 
9532 304 2282 2144 593 2143 
9533 304 216 2087 1621 860 
9534 304 1035 2381 2524 2304 
9535 304 2523 2524 1104 1130 
9536 304 2333 1059 1060 1154 
9537 304 825 1949 908 1328 
9538 304 834 833 948 2394 
9539 304 2233 2237 2193 2015 
9540 304 1226 1957 2364 1221 
9541 304 1556 1788 1774 2071 
9542 304 1957 2433 1127 2364 
9543 304 1962 1338 1786 1795 
9544 304 2086 1717 2001 2087 
9545 304 2539 1212 1209 1120 
9546 304 2505 2223 2177 2222 
9547 304 2187 1060 2189 961 
9548 304 1440 1339 1962 1795 
9549 304 2077 847 960 959 
9550 304 799 2295 759 2236 
9551 304 866 1624 222 221 
9552 304 243 1339 1787 1795 
9553 304 1967 1750 1964 1666 
9554 304 1553 879 234 235 
9555 304 2090 2088 2195 2001 
9556 304 2378 2234 2294 2297 
9557 304 1897 1962 1809 1795 
9558 304 1563 1967 1667 1969 
9559 304 1068 969 968 2083 
9560 304 2302 2300 1095 1005 
9561 304 1068 968 2084 2083 
9562 304 2537 1258 2358 1222 
9563 304 1717 2086 1621 2087 
9564 304 2384 2358 2361 2313 
9565 304 1940 1107 1194 1135 
9566 304 1407 1495 1921 1406 
9567 304 2071 1634 2461 1797 
9568 304 1933 1133 1116 1106 
9569 304 715 626 625 2170 
9570 304 1094 2503 994 1093 
9571 304 580 745 2222 2176 
9572 304 2293 1920 1918 1921 
9573 304 1982 1980 1978 1981 
9574 304 1306 1408 1918 1921 
9575 304 250 249 1774 1556 
9576 304 2461 1810 2132 2071 
9577 304 2381 2524 2380 2542 
9578 304 1279 2345 1252 1251 
9579 304 2522 2338 2542 2380 
9580 304 2154 2418 2152 2299 
9581 304 1810 2461 2464 1816 
9582 304 1911 2288 1907 2284 
9583 304 2200 2254 2491 2098 
9584 304 1411 1514 1498 1923 
9585 304 2461 1810 2071 1797 
9586 304 2509 2348 2342 2331 
9587 304 2465 2119 2137 2118 
9588 304 1755 1649 1719 2027 
9589 304 2522 2379 2249 2338 
9590 304 2384 1214 1219 2358 
9591 304 947 2394 948 833 
9592 304 2201 2525 2341 2340 
9593 304 1793 2394 2547 1807 
9594 304 935 1012 1946 823 
9595 304 2363 2369 1275 2368 
9596 304 1802 2118 1801 1819 
9597 304 2545 1218 2363 1231 
9598 304 2540 2541 2298 1147 
9599 304 1982 1672 1980 1771 
9600 304 2431 1004 815 927 
9601 304 1920 1031 1129 1125 
9602 304 854 1541 210 1618 
9603 304 1712 1749 1643 1996 
9604 304 1407 1496 1921 1495 
9605 304 2231 1242 1241 1160 
9606 304 958 846 2075 959 
9607 304 2093 2250 2095 2490 
9608 304 2522 2379 2338 2380 
9609 304 2117 1801 1818 1800 
9610 304 1811 1812 2137 1818 
9611 304 2342 2284 2373 2539 
9612 304 2385 2402 2355 1225 
9613 304 2498 2112 2211 2058 
9614 304 1012 2401 1952 1040 
9615 304 1812 2115 1817 2464 
9616 304 2052 2046 2261 2206 
9617 304 1819 2118 1818 2137 
9618 304 1849 2468 1830 1829 
9619 304 2519 2521 2520 2295 
9620 304 1864 1899 1489 1443 
9621 304 2075 1987 1663 1988 
9622 304 2308 1930 1934 1935 
9623 304 1220 1274 1114 2543 
9624 304 1913 1195 1027 1026 
9625 304 1942 1939 1945 2314 
9626 304 2229 2463 1047 1145 
9627 304 350 458 1975 432 
9628 304 2393 1228 1286 1202 
9629 304 264 375 2125 2126 
9630 304 2144 1869 496 2143 
9631 304 1493 1908 1400 1909 
9632 304 251 1557 1634 1776 
9633 304 276 1372 29 1346 
9634 304 1409 1922 1308 1307 
9635 304 2000 1715 2081 2079 
9636 304 1002 1920 926 1031 
9637 304 897 814 926 1918 
9638 304 2362 1177 1259 2358 
9639 304 515 516 1884 2160 
9640 304 1420 1931 1930 2306 
9641 304 536 2119 534 2172 
9642 304 1420 1419 1930 1318 
9643 304 711 2167 621 2530 
9644 304 1226 1957 1221 1142 
9645 304 2538 1188 2327 2504 
9646 304 1942 1939 2314 1940 
9647 304 2362 1211 1214 1260 
9648 304 1363 1896 1487 1466 
9649 304 949 2547 2116 1791 
9650 304 1364 1897 312 1390 
9651 304 32 1348 279 280 
9652 304 2224 2428 2326 2436 
9653 304 2197 2238 2249 674 
9654 304 1070 2397 1997 1069 
9655 304 1374 33 280 1348 
9656 304 2171 2325 628 2172 
9657 304 2284 1907 2286 2373 
9658 304 1715 1540 2079 1644 
9659 304 857 1997 2083 970 
9660 304 418 528 1893 527 
9661 304 1866 269 268 1368 
9662 304 2046 2208 2258 2496 
9663 304 1917 1450 1872 1521 
9664 304 942 2392 943 885 
9665 304 942 802 950 2121 
9666 304 1364 65 312 64 
9667 304 296 297 49 1382 
9668 304 161 1316 818 1315 
9669 304 1327 1948 907 1326 
9670 304 857 1997 970 858 
9671 304 2162 1889 522 521 
9672 304 1420 1419 1502 1934 
9673 304 1851 1860 2121 1862 
9674 304 2307 2305 2160 2527 
9675 304 2139 2272 676 2138 
9676 304 2421 2418 1879 2420 
9677 304 1900 914 998 807 
9678 304 2382 2314 1942 2384 
9679 304 1854 1853 1861 2466 
9680 304 2415 1453 1518 1911 
9681 304 1911 1403 1906 1914 
9682 304 2000 1715 2079 1644 
9683 304 610 611 2253 700 
9684 304 2421 2420 1455 1498 
9685 304 613 515 612 2160 
9686 304 1931 903 1318 1930 
9687 304 600 502 2149 2148 
9688 304 1947 1482 1526 1505 
9689 304 2423 1887 1889 2162 
9690 304 1221 2347 1224 1118 
9691 304 2059 1704 1746 2054 
9692 304 2151 1875 505 2150 
9693 304 1406 1405 1488 1917 
9694 304 1441 1452 1495 1874 
9695 304 1466 1961 1531 1509 
9696 304 890 1900 2388 1292 
9697 304 2291 2145 1914 1872 
9698 304 388 389 1873 498 
9699 304 1471 1442 1865 1490 
9700 304 2414 1453 1494 1448 
9701 304 1866 1442 1368 1446 
9702 304 1904 1398 1517 1397 
9703 304 892 1297 2430 1296 
9704 304 2150 394 1876 1875 
9705 304 2291 2145 1872 2147 
9706 304 2151 2476 2417 2150 
9707 304 303 1888 1385 302 
9708 304 1947 1527 1953 2425 
9709 304 390 389 1872 278 
9710 304 571 460 433 1981 
9711 304 2160 2305 2307 702 
9712 304 503 502 600 2148 
9713 304 2293 2476 2377 2150 
9714 304 1973 740 739 653 
9715 304 1462 1889 1482 1384 
9716 304 1869 1473 1444 1493 
9717 304 149 1912 1303 1304 
9718 304 1470 1868 1367 1445 
9719 304 1002 1920 1915 1918 
9720 304 702 2307 2160 612 
9721 304 2133 638 481 664 
9722 304 1462 1483 1527 2425 
9723 304 1936 2157 1883 1882 
9724 304 1896 530 420 421 
9725 304 2426 1959 2427 1893 
9726 304 1527 1505 2425 1947 
9727 304 1482 2425 1462 1505 
9728 304 2318 2423 1953 2424 
9729 304 1891 2168 2166 527 
9730 304 326 93 355 1575 
9731 304 1156 2348 1238 1157 
9732 304 1060 2534 2333 1155 
9733 304 592 2280 2141 681 
9734 304 1904 808 2279 997 
9735 304 1628 1550 2107 1724 
9736 304 1789 2464 830 831 
9737 304 1891 1387 1485 1893 
9738 304 1595 2048 1596 365 
9739 304 1723 2045 1743 1653 
9740 304 1867 1491 1903 1904 
9741 304 1264 2354 1182 1263 
9742 304 85 351 1567 1568 
9743 304 1726 1759 2063 1657 
9744 304 1982 1975 1773 1976 
9745 304 77 76 1559 318 
9746 304 1436 1435 1963 1334 
9747 304 1894 1486 1509 1466 
9748 304 1043 2391 1015 2324 
9749 304 352 88 1570 87 
9750 304 87 352 323 1569 
9751 304 1486 1530 1894 1509 
9752 304 1180 2258 2261 1085 
9753 304 2090 973 972 2087 
9754 304 98 99 329 1581 
9755 304 1685 2016 2005 1736 
9756 304 2368 2277 2276 2140 
9757 304 2142 2472 2473 2277 
9758 304 2142 2472 2141 2473 
9759 304 1868 2142 2473 2277 
9760 304 2374 1195 1213 1191 
9761 304 1913 1195 2374 1916 
9762 304 2460 2459 2054 2059 
9763 304 2225 2127 638 2488 
9764 304 2066 1604 1708 2064 
9765 304 2133 638 2127 481 
9766 304 1616 1993 1714 1538 
9767 304 1060 2534 1155 1061 
9768 304 1991 459 1995 436 
9769 304 1983 352 1984 1570 
9770 304 2080 2534 2448 2187 
9771 304 1695 2040 1757 1742 
9772 304 2225 2127 2133 638 
9773 304 1912 924 1910 1916 
9774 304 924 1913 1910 1916 
9775 304 1695 2036 1694 1757 
9776 304 1768 2045 2043 1653 
9777 304 2072 2066 2070 2069 
9778 304 2033 2031 2456 2199 
9779 304 855 1541 2082 211 
9780 304 957 2076 2074 844 
9781 304 957 2074 845 844 
9782 304 2074 1536 200 1613 
9783 304 2408 843 1612 1535 
9784 304 974 2093 2087 2090 
9785 304 2035 2094 2017 2027 
9786 304 2512 1076 1077 1171 
9787 304 2523 2524 1130 2380 
9788 304 2090 1072 2088 972 
9789 304 2149 501 598 2147 
9790 304 2147 391 1874 501 
9791 304 2466 1863 1861 2128 
9792 304 2374 1280 1213 2360 
9793 304 1982 1976 1773 1642 
9794 304 2123 2275 2124 2466 
9795 304 1672 1671 1978 1567 
9796 304 1413 2419 1522 1499 
9797 304 1024 928 2296 1004 
9798 304 1747 1759 1657 2063 
9799 304 1004 2298 2431 1923 
9800 304 1574 1991 1994 354 
9801 304 2176 655 565 662 
9802 304 2000 2009 2081 1645 
9803 304 2000 1680 1762 1994 
9804 304 1580 97 1579 357 
9805 304 1523 2419 1925 1499 
9806 304 1684 1761 1736 2005 
9807 304 1720 2035 2096 2033 
9808 304 900 2302 1005 1924 
9809 304 1585 2022 1690 1586 
9810 304 983 2259 2029 1082 
9811 304 1925 900 1312 1924 
9812 304 2302 2300 1005 1924 
9813 304 1706 2407 2060 1601 
9814 304 2058 2049 2055 448 
9815 304 2044 472 446 2052 
9816 304 339 119 1601 118 
9817 304 2390 1936 1928 1316 
9818 304 1704 2054 1599 1703 
9819 304 351 460 1980 433 
9820 304 1929 1417 1936 1501 
9821 304 1571 88 1570 324 
9822 304 1988 1983 1987 1766 
9823 304 1926 1936 2304 1929 
9824 304 473 448 2049 366 
9825 304 2059 1704 2054 2057 
9826 304 1758 1703 1702 2049 
9827 304 2002 457 2004 356 
9828 304 1761 1716 1736 2013 
9829 304 2002 2009 2004 2451 
9830 304 363 470 2038 445 
9831 304 1926 1936 1929 1417 
9832 304 1758 2458 2459 2049 
9833 304 990 2112 2109 989 
9834 304 2056 1725 1758 1656 
9835 304 183 240 249 3 
9836 304 1316 1936 1926 1417 
9837 304 513 2158 1882 2157 
9838 304 1199 2467 1018 1051 
9839 304 338 117 1599 116 
9840 304 1035 1131 2344 1935 
9841 304 2121 1863 1852 2122 
9842 304 1824 1843 1850 2128 
9843 304 2496 2208 2205 2046 
9844 304 2072 2066 2069 1709 
9845 304 2071 2072 2069 1709 
9846 304 2131 1848 1820 1831 
9847 304 2547 948 2394 834 
9848 304 2467 2518 1051 2273 
9849 304 1781 1782 71 316 
9850 304 1634 1660 2071 1664 
9851 304 2117 1801 1800 1780 
9852 304 2247 1199 1134 1207 
9853 304 2273 2337 1207 2247 
9854 304 834 835 189 1791 
9855 304 1848 2131 2392 1831 
9856 304 1939 2314 1943 1941 
9857 304 2347 1955 2323 2531 
9858 304 2173 1814 1807 2394 
9859 304 2111 2503 1554 2068 
9860 304 1803 1814 2120 2119 
9861 304 315 1780 69 70 
9862 304 1957 2433 2364 2323 
9863 304 2167 2165 2530 2320 
9864 304 1860 1852 1851 2121 
9865 304 2173 2547 2116 949 
9866 304 1340 1440 1787 1339 
9867 304 1337 836 1786 191 
9868 304 2120 1895 532 2171 
9869 304 1013 1949 1955 1948 
9870 304 1950 1013 1955 1948 
9871 304 2071 2072 2070 2069 
9872 304 16 263 1840 15 
9873 304 1971 2395 1965 1710 
9874 304 2395 1971 1965 2184 
9875 304 2076 1982 2074 1976 
9876 304 2070 2066 477 2069 
9877 304 2076 2074 844 1976 
9878 304 844 2074 1613 1976 
9879 304 886 803 918 2466 
9880 304 1846 1825 2123 1843 
9881 304 2498 2112 2058 2460 
9882 304 2122 1853 1863 1852 
9883 304 1835 1836 887 2466 
9884 304 801 943 2392 885 
9885 304 2444 2445 1990 1986 
9886 304 2498 2112 2460 2270 
9887 304 1821 2438 1609 1966 
9888 304 2045 2208 2106 2047 
9889 304 1341 1827 248 18 
9890 304 1899 1392 1443 1447 
9891 304 1826 1849 2468 1830 
9892 304 2075 1987 1988 2189 
9893 304 2140 1865 2138 2411 
9894 304 2129 257 1841 1823 
9895 304 1243 1205 1278 2359 
9896 304 2129 257 1823 258 
9897 304 2415 2413 1871 2144 
9898 304 1909 2283 2412 2413 
9899 304 2430 921 996 809 
9900 304 676 2271 587 2138 
9901 304 2285 2284 2146 2144 
9902 304 2140 2279 2277 1867 
9903 304 1606 1557 2069 1664 
9904 304 2152 1879 1878 507 
9905 304 1475 2421 1455 1498 
9906 304 1315 901 1926 818 
9907 304 2302 2418 2419 2154 
9908 304 2444 1988 2445 1986 
9909 304 1927 1881 1500 1883 
9910 304 251 252 1557 1776 
9911 304 512 2157 513 1883 
9912 304 1426 1527 1953 1947 
9913 304 1889 2423 2425 1947 
9914 304 1427 1426 1953 1946 
9915 304 2515 2514 2513 2260 
9916 304 1660 1633 2071 1555 
9917 304 303 1888 302 414 
9918 304 1483 1506 1527 2425 
9919 304 1951 1427 1953 1948 
9920 304 2125 2130 2126 485 
9921 304 2124 2409 2468 1898 
9922 304 1723 2045 2106 2047 
9923 304 1723 1769 1743 2047 
9924 304 895 1301 1302 1910 
9925 304 812 149 1303 148 
9926 304 2189 2444 1987 1988 
9927 304 2216 2136 2135 640 
9928 304 964 963 1996 851 
9929 304 1818 2117 1800 1817 
9930 304 963 1993 1996 851 
9931 304 1818 2117 1817 2115 
9932 304 2376 1272 2231 1216 
9933 304 264 265 17 1826 
9934 304 1580 2011 2005 1685 
9935 304 2045 1723 1743 2047 
9936 304 345 2117 315 1780 
9937 304 2158 2527 2160 2306 
9938 304 2008 457 544 2006 
9939 304 457 438 544 2006 
9940 304 2503 1554 1632 882 
9941 304 2251 2543 2525 2307 
9942 304 830 2132 1796 829 
9943 304 703 614 2160 2159 
9944 304 2071 1634 2069 2461 
9945 304 1768 1697 1696 2038 
9946 304 2041 1592 1697 2038 
9947 304 1685 2016 1736 1737 
9948 304 1069 2192 1997 2083 
9949 304 1948 2532 1946 1953 
9950 304 1578 2002 2004 356 
9951 304 2423 2479 1887 2162 
9952 304 2320 2321 2531 1956 
9953 304 1951 1428 1427 1948 
9954 304 2011 1580 2005 357 
9955 304 1768 2041 1697 2038 
9956 304 2453 2011 2005 357 
9957 304 2094 977 865 2017 
9958 304 1530 1486 1894 1893 
9959 304 2171 2325 2172 2483 
9960 304 1330 2434 1431 1432 
9961 304 1894 2428 1961 2326 
9962 304 2391 2433 1960 2324 
9963 304 2476 2293 2377 2298 
9964 304 977 978 865 2017 
9965 304 2226 2440 2441 2184 
9966 304 334 2036 2038 444 
9967 304 1858 1862 2129 1856 
9968 304 2468 1830 1366 2125 
9969 304 2097 2252 2199 2512 
9970 304 2341 2097 2398 1172 
9971 304 1816 1799 1798 2461 
9972 304 2333 1153 1154 2343 
9973 304 2365 2445 2244 2343 
9974 304 2375 2290 2287 2147 
9975 304 2186 1992 2448 2449 
9976 304 2285 2282 765 2332 
9977 304 2398 1078 2097 2100 
9978 304 635 2182 2181 2240 
9979 304 2241 2509 2182 2448 
9980 304 2182 2186 2509 2242 
9981 304 1078 1077 1172 2097 
9982 304 97 328 1579 357 
9983 304 1186 2399 1092 1091 
9984 304 2023 441 2018 466 
9985 304 2356 1163 2397 1245 
9986 304 1766 1987 1663 1641 
9987 304 1987 1537 1663 1641 
9988 304 2453 533 465 548 
9989 304 2452 2001 2086 2016 
9990 304 1766 1987 1641 1730 
9991 304 1164 1165 2397 1246 
9992 304 1692 1691 2406 1587 
9993 304 2350 1165 2397 2091 
9994 304 1582 2014 2011 1686 
9995 304 2028 361 1587 332 
9996 304 2036 469 2039 444 
9997 304 1585 331 1584 2022 
9998 304 2457 2103 2105 2040 
9999 304 2022 1584 1689 2018 
10000 304 2092 1649 2027 1719 
10001 304 2028 2025 442 332 
10002 304 2196 572 552 2026 
10003 304 469 2030 2037 443 
10004 304 1692 1693 2028 1767 
10005 304 2189 2075 2078 1988 
10006 304 1079 1078 2398 2100 
10007 304 1547 867 223 2099 
10008 304 2199 2455 2456 2033 
10009 304 2035 2027 2017 2098 
10010 304 2103 2495 2105 2219 
10011 304 983 2259 1082 1083 
10012 304 962 2187 2080 1985 
10013 304 1584 1689 2018 1688 
10014 304 2036 2040 2457 2105 
10015 304 2021 2019 2195 2087 
10016 304 1743 2045 2047 2041 
10017 304 2053 1770 1724 1744 
10018 304 1594 2041 364 1593 
10019 304 2053 2051 2108 2107 
10020 304 2457 2495 2105 2103 
10021 304 2358 2384 2361 2537 
10022 304 2452 2193 2015 2012 
10023 304 846 847 2075 959 
10024 304 340 120 1603 1602 
10025 304 1595 2044 1699 1700 
10026 304 1699 2053 1700 2044 
10027 304 2064 340 1603 1602 
10028 304 472 2052 2048 2050 
10029 304 472 2044 2048 2052 
10030 304 2076 957 956 844 
10031 304 958 846 845 2074 
10032 304 846 958 2075 2074 
10033 304 957 958 845 2074 
10034 304 958 957 2076 2074 
10035 304 2020 533 2015 2194 
10036 304 2066 451 2070 477 
10037 304 2358 1214 1219 1259 
10038 304 1737 1717 2016 1647 
10039 304 2112 2056 2459 2059 
10040 304 1684 1761 2005 2004 
10041 304 218 219 1545 2092 
10042 304 1717 1648 1733 2021 
10043 304 2459 1758 2049 2054 
10044 304 1008 1933 1106 1036 
10045 304 977 2094 864 976 
10046 304 2459 1758 2054 2059 
10047 304 2469 2465 2135 2136 
10048 304 1648 1739 1733 2021 
10049 304 1695 2040 1742 2038 
10050 304 2457 2043 2103 2040 
10051 304 2333 1059 2189 1060 
10052 304 867 868 2099 980 
10053 304 2227 2462 2216 2135 
10054 304 2112 2056 2059 2109 
10055 304 1966 1964 2439 1729 
10056 304 1018 2511 1049 918 
10057 304 1023 943 942 2185 
10058 304 2181 2447 2450 2507 
10059 304 1968 429 425 1966 
10060 304 1686 2016 2011 1685 
10061 304 1776 1634 2461 2069 
10062 304 1832 126 1831 885 
10063 304 2243 2447 2080 2448 
10064 304 2131 837 943 801 
10065 304 342 341 1605 2069 
10066 304 76 8 256 1822 
10067 304 2226 1207 2247 1117 
10068 304 9 318 257 1822 
10069 304 546 438 2006 544 
10070 304 1992 435 2449 535 
10071 304 264 1826 16 1840 
10072 304 592 2280 681 2282 
10073 304 2329 1149 2180 1055 
10074 304 1558 342 314 124 
10075 304 2142 2278 589 679 
10076 304 2461 1776 1777 1798 
10077 304 456 314 2461 2069 
10078 304 1992 1991 1995 2447 
10079 304 2435 2436 1096 2326 
10080 304 1605 2066 1709 2069 
10081 304 799 2295 2299 694 
10082 304 2234 800 730 772 
10083 304 1483 1462 1359 2425 
10084 304 2164 2263 2165 2386 
10085 304 2423 2479 2162 2480 
10086 304 2312 1887 2479 2163 
10087 304 2311 2357 2479 2163 
10088 304 2357 2312 2479 2163 
10089 304 2159 2527 2306 2160 
10090 304 1993 963 1996 2080 
10091 304 2165 1890 2424 1892 
10092 304 518 408 1885 409 
10093 304 1232 2545 2546 2404 
10094 304 2276 2141 2472 2280 
10095 304 1233 1232 1217 2546 
10096 304 1217 1233 2546 1281 
10097 304 2327 2224 2504 1044 
10098 304 1992 1991 2447 2449 
10099 304 2450 2447 2181 1995 
10100 304 2181 1992 1995 2447 
10101 304 2043 2041 2205 2045 
10102 304 1838 1898 1857 1828 
10103 304 1644 1712 1996 1732 
10104 304 2188 757 719 642 
10105 304 852 1617 851 1996 
10106 304 2290 597 2287 2147 
10107 304 1772 1972 1752 1669 
10108 304 1069 2235 2083 1068 
10109 304 2223 2085 2081 2003 
10110 304 1069 2235 1068 1163 
10111 304 2392 2121 2185 2129 
10112 304 2000 1999 2178 2003 
10113 304 1972 349 1564 1969 
10114 304 2234 2294 772 2221 
10115 304 525 2167 1892 524 
10116 304 1999 2223 2176 2177 
10117 304 1538 848 204 849 
10118 304 463 2003 437 568 
10119 304 2524 1197 1130 2542 
10120 304 2033 2035 2455 2406 
10121 304 1651 2033 2031 1767 
10122 304 2200 2251 2341 2252 
10123 304 1257 1175 1256 2104 
10124 304 2327 1188 1044 2504 
10125 304 2025 2022 360 1586 
10126 304 2199 2035 2033 2096 
10127 304 2355 2513 2258 2362 
10128 304 1701 1702 1597 2048 
10129 304 1635 1714 1765 1985 
10130 304 2088 1997 2086 971 
10131 304 647 2037 562 2204 
10132 304 1737 1717 1733 2016 
10133 304 364 471 2044 446 
10134 304 2311 785 2257 784 
10135 304 1666 1750 1964 1665 
10136 304 2480 2162 708 2315 
10137 304 1857 1898 1829 1828 
10138 304 1184 2266 2346 2270 
10139 304 1960 2326 1894 1961 
10140 304 2217 2334 2268 2502 
10141 304 2538 2367 1192 2504 
10142 304 962 961 1985 849 
10143 304 1071 2091 2088 1070 
10144 304 2119 2137 2118 1819 
10145 304 2053 1724 2107 1654 
10146 304 2088 2452 2193 2015 
10147 304 2224 2327 2119 2173 
10148 304 1826 264 2468 1840 
10149 304 2224 1895 2120 2171 
10150 304 2548 2051 2108 2210 
10151 304 339 1601 368 2060 
10152 304 2547 1791 1807 2116 
10153 304 1200 2353 1204 2364 
10154 304 2324 2435 1113 2326 
10155 304 867 980 2099 2024 
10156 304 979 867 2024 980 
10157 304 2191 2221 742 2008 
10158 304 2109 989 2213 876 
10159 304 2015 2012 2193 2233 
10160 304 2234 800 772 2297 
10161 304 692 693 2297 773 
10162 304 1547 867 2099 2024 
10163 304 1993 1538 849 1985 
10164 304 1547 2099 1721 2024 
10165 304 1606 1605 1664 2069 
10166 304 2444 1988 1986 1983 
10167 304 2243 2534 2080 1062 
10168 304 961 2189 960 1060 
10169 304 1627 1550 2106 228 
10170 304 1990 540 434 1986 
10171 304 1595 1594 1699 2044 
10172 304 985 2107 873 2106 
10173 304 227 1549 871 2106 
10174 304 2201 2251 2252 2341 
10175 304 1968 429 1966 2129 
10176 304 2094 977 864 865 
10177 304 2310 1938 1885 2306 
10178 304 2095 1076 1075 976 
10179 304 1650 2035 1756 1719 
10180 304 1133 1933 2543 1114 
10181 304 962 2187 1985 961 
10182 304 2113 879 991 2110 
10183 304 2107 1550 873 2106 
10184 304 1550 228 873 2106 
10185 304 1984 352 1986 434 
10186 304 1965 1662 1610 2131 
10187 304 2116 941 1044 949 
10188 304 2497 2265 651 738 
10189 304 2264 2210 2262 2261 
10190 304 785 2311 2315 707 
10191 304 949 2173 948 1044 
10192 304 2050 2049 2055 2458 
10193 304 1261 1260 2362 1179 
10194 304 650 2209 576 558 
10195 304 835 1962 949 941 
10196 304 2247 1199 1207 2273 
10197 304 261 2123 1843 2128 
10198 304 372 2133 482 2123 
10199 304 2467 2470 2518 2273 
10200 304 2134 2123 2467 2275 
10201 304 802 1833 2121 1832 
10202 304 1649 1735 2027 1755 
10203 304 2389 922 893 1909 
10204 304 1519 1493 1400 1909 
10205 304 2283 1909 2281 996 
10206 304 949 1791 2116 1962 
10207 304 2116 941 949 1962 
10208 304 2231 1242 1160 2223 
10209 304 2150 394 1875 504 
10210 304 324 352 1984 434 
10211 304 1968 370 567 429 
10212 304 2056 2109 2213 876 
10213 304 2335 760 739 796 
10214 304 2339 2351 2300 2520 
10215 304 901 160 1314 159 
10216 304 1993 962 2080 1985 
10217 304 403 292 291 1883 
10218 304 2540 2352 2294 2221 
10219 304 1690 2022 1755 1756 
10220 304 407 408 1885 517 
10221 304 240 249 1556 1788 
10222 304 614 703 2160 613 
10223 304 1991 1679 1732 1678 
10224 304 2161 2549 2159 615 
10225 304 2092 2094 1623 1719 
10226 304 1996 965 2079 2178 
10227 304 326 463 436 1994 
10228 304 1968 2440 2185 2439 
10229 304 1330 2391 909 1954 
10230 304 1429 1430 1949 1956 
10231 304 1972 1976 1752 1975 
10232 304 1563 1967 1969 320 
10233 304 528 529 1894 2170 
10234 304 1968 1966 425 1964 
10235 304 2171 1895 532 531 
10236 304 1628 1551 875 230 
10237 304 1814 1803 1802 2119 
10238 304 1186 1185 2399 1091 
10239 304 2269 2481 2364 2367 
10240 304 2118 2465 2115 2137 
10241 304 1890 2165 524 1892 
10242 304 318 76 1559 1822 
10243 304 2442 2408 2486 1974 
10244 304 2278 2335 2271 760 
10245 304 2537 1257 1256 2104 
10246 304 2443 2486 2180 2442 
10247 304 2442 2408 1974 1772 
10248 304 458 427 1977 478 
10249 304 2459 2112 2055 2213 
10250 304 2031 2105 2456 2202 
10251 304 939 2435 1113 1015 
10252 304 1089 2266 1088 1183 
10253 304 671 560 2065 2214 
10254 304 2262 1264 2354 1182 
10255 304 2439 1750 1965 1729 
10256 304 562 2493 2039 555 
10257 304 1750 2440 1965 1971 
10258 304 753 733 2257 784 
10259 304 2367 1200 2324 2364 
10260 304 2481 2170 2269 2168 
10261 304 396 395 505 1875 
10262 304 1374 34 1349 281 
10263 304 2352 1129 1216 1125 
10264 304 2376 1129 1272 1216 
10265 304 2375 2376 1138 1280 
10266 304 1205 2352 1216 1125 
10267 304 2377 1919 2352 1920 
10268 304 1561 1967 1964 1666 
10269 304 1939 1941 1945 2314 
10270 304 2201 2218 2204 647 
10271 304 2543 2525 2307 2308 
10272 304 1279 2345 1251 2542 
10273 304 2056 1629 1725 1656 
10274 304 285 286 38 1351 
10275 304 292 1354 291 1883 
10276 304 2137 2463 2464 946 
10277 304 291 1354 1379 1883 
10278 304 2274 1029 998 1020 
10279 304 2463 1047 1145 1046 
10280 304 1111 1042 2400 937 
10281 304 1517 1868 1491 1470 
10282 304 381 380 1865 269 
10283 304 2464 1816 2461 1817 
10284 304 1042 1111 2400 1118 
10285 304 187 1794 186 832 
10286 304 2229 2327 1146 1047 
10287 304 2356 2235 2359 2221 
10288 304 1782 1803 2119 1802 
10289 304 317 1783 343 73 
10290 304 1956 1949 2400 1954 
10291 304 2119 1814 2173 2394 
10292 304 867 1624 222 866 
10293 304 2024 2097 2096 979 
10294 304 1079 979 1078 2100 
10295 304 1997 2489 2452 2013 
10296 304 2400 825 1949 937 
10297 304 1145 2229 1146 1047 
10298 304 1812 2115 1818 1817 
10299 304 984 2208 1083 1084 
10300 304 2259 2494 2495 2256 
10301 304 2362 2513 2496 2257 
10302 304 2103 2042 2259 2205 
10303 304 341 342 477 2069 
10304 304 228 227 872 2106 
10305 304 2354 2346 2262 2212 
10306 304 2347 1210 1224 1140 
10307 304 184 183 829 1788 
10308 304 2347 1210 1140 2531 
10309 304 601 690 2148 600 
10310 304 2531 2321 2386 2532 
10311 304 1111 1013 1955 1041 
10312 304 579 2493 652 555 
10313 304 1041 2531 1955 1140 
10314 304 1330 1431 1954 1329 
10315 304 1210 1123 1140 2531 
10316 304 1111 1118 1955 2400 
10317 304 2501 878 991 990 
10318 304 2072 2066 1709 1763 
10319 304 2148 689 2149 600 
10320 304 2294 601 2148 2150 
10321 304 2064 1602 2060 368 
10322 304 1760 1706 1747 2407 
10323 304 881 2503 994 882 
10324 304 2292 2294 690 2148 
10325 304 265 1827 6 17 
10326 304 2305 2159 2527 2526 
10327 304 2076 2075 2074 1982 
10328 304 480 572 2196 2026 
10329 304 1622 1649 1718 2010 
10330 304 2357 2312 1945 2316 
10331 304 2075 1987 2189 2077 
10332 304 2026 2018 2023 441 
10333 304 198 843 1612 842 
10334 304 843 198 1612 1535 
10335 304 755 2182 635 2240 
10336 304 2019 1648 2087 2021 
10337 304 1879 287 2420 1878 
10338 304 287 1352 2420 1878 
10339 304 287 40 39 1377 
10340 304 2526 2309 2305 2159 
10341 304 287 286 1879 1377 
10342 304 1883 2155 2157 2304 
10343 304 2253 701 779 700 
10344 304 843 2408 1612 842 
10345 304 718 2200 720 632 
10346 304 1119 2402 1193 1214 
10347 304 2054 1704 1600 2057 
10348 304 527 625 2168 624 
10349 304 2427 1960 2433 2324 
10350 304 2527 2159 2305 2160 
10351 304 419 529 1894 528 
10352 304 1959 1894 1530 1960 
10353 304 1739 1735 1688 2018 
10354 304 2140 1865 2411 1867 
10355 304 2529 2527 2159 2526 
10356 304 1868 1517 1491 1904 
10357 304 1296 808 1295 1904 
10358 304 1905 1472 1519 2412 
10359 304 2293 1922 1003 2431 
10360 304 2326 2367 2483 2504 
10361 304 1868 2141 493 1870 
10362 304 2398 2202 2252 2220 
10363 304 703 781 2305 702 
10364 304 2454 2027 2026 2490 
10365 304 1380 293 1355 1882 
10366 304 2171 1896 1895 531 
10367 304 2059 1704 2057 1759 
10368 304 181 912 828 1336 
10369 304 1332 826 177 1331 
10370 304 1332 1331 1433 2391 
10371 304 1986 2190 547 1981 
10372 304 2243 2447 2448 2241 
10373 304 2169 420 529 1894 
10374 304 529 627 530 2169 
10375 304 1571 1572 1989 1676 
10376 304 2444 1990 2187 2080 
10377 304 2067 2060 450 2064 
10378 304 2064 450 368 2060 
10379 304 1993 1738 1765 1989 
10380 304 1156 2534 1061 1155 
10381 304 2304 1928 1936 1926 
10382 304 2009 2002 1998 2003 
10383 304 2534 1156 1061 1062 
10384 304 2304 1928 1926 1035 
10385 304 2007 2192 2489 2006 
10386 304 2236 2519 2232 2233 
10387 304 2338 2250 2536 2535 
10388 304 2001 2088 2195 2020 
10389 304 437 2002 2008 2003 
10390 304 1758 1702 1745 2049 
10391 304 2459 2055 2049 2458 
10392 304 2191 2012 2006 546 
10393 304 2427 1960 1894 1959 
10394 304 1960 1530 2434 1433 
10395 304 2060 2065 2062 2217 
10396 304 658 646 723 2216 
10397 304 1695 1591 2038 1696 
10398 304 881 1554 2503 882 
10399 304 240 1633 884 829 
10400 304 2067 2060 2064 2217 
10401 304 792 793 2269 741 
10402 304 1341 19 266 18 
10403 304 1341 1369 1366 2125 
10404 304 1971 841 1534 1974 
10405 304 2125 267 378 266 
10406 304 1341 265 266 2125 
10407 304 2002 327 1577 1998 
10408 304 2347 1140 1955 2531 
10409 304 2279 1904 1867 1903 
10410 304 1398 1905 1517 1492 
10411 304 2387 2276 2245 2328 
10412 304 96 328 1578 1579 
10413 304 2223 1242 2352 2231 
10414 304 328 96 1578 356 
10415 304 2274 1902 1901 1900 
10416 304 1075 2095 1074 1169 
10417 304 505 504 602 2150 
10418 304 2304 1928 1035 1935 
10419 304 1284 1229 2541 1245 
10420 304 584 2191 544 546 
10421 304 1272 1241 2231 1216 
10422 304 1229 2356 2541 1245 
10423 304 2148 689 600 690 
10424 304 2423 522 2164 2162 
10425 304 2347 2212 2354 2386 
10426 304 736 2260 729 786 
10427 304 1123 1950 2531 2532 
10428 304 2545 1232 2546 1217 
10429 304 1979 2329 2246 2387 
10430 304 1035 1928 1926 1007 
10431 304 1979 2328 2387 2174 
10432 304 2336 2442 2180 2073 
10433 304 2342 1155 2534 1237 
10434 304 351 1978 1567 1568 
10435 304 2408 954 1974 841 
10436 304 2333 2533 2342 2331 
10437 304 1660 1556 2071 1633 
10438 304 2131 1607 1820 1839 
10439 304 1310 1309 1411 1923 
10440 304 2226 2185 2184 1023 
10441 304 1751 2441 1971 1974 
10442 304 1812 2464 1817 1806 
10443 304 1772 1972 1668 1969 
10444 304 489 490 2138 587 
10445 304 1100 1134 2247 2511 
10446 304 2509 2448 2348 2331 
10447 304 1563 1967 320 1562 
10448 304 371 2127 570 481 
10449 304 2348 2534 2448 2243 
10450 304 2204 2202 2037 2105 
10451 304 2307 779 701 780 
10452 304 1506 1527 2425 1953 
10453 304 2452 2193 2012 2489 
10454 304 2255 2494 2203 2257 
10455 304 2302 2418 2154 2300 
10456 304 1548 870 869 225 
10457 304 1185 2270 2399 1091 
10458 304 2043 2042 2041 2038 
10459 304 2055 2058 2112 2459 
10460 304 2498 2500 2058 2211 
10461 304 2094 220 1623 1546 
10462 304 474 559 2058 578 
10463 304 1304 1912 1915 896 
10464 304 2055 577 2497 2058 
10465 304 218 2092 1545 1622 
10466 304 448 2055 2058 577 
10467 304 995 2072 2503 2114 
10468 304 1826 264 16 17 
10469 304 606 2154 2299 2301 
10470 304 2520 2300 2379 2299 
10471 304 2154 2301 2379 2299 
10472 304 2339 2508 2535 2239 
10473 304 842 2408 1534 841 
10474 304 407 296 295 1884 
10475 304 780 779 675 2251 
10476 304 1636 1640 2408 1612 
10477 304 702 780 2307 701 
10478 304 1253 1220 2543 1274 
10479 304 2403 1913 1026 1195 
10480 304 2408 842 1534 1612 
10481 304 615 704 2159 614 
10482 304 2308 1930 1935 1933 
10483 304 1009 1932 1937 1940 
10484 304 1772 1640 1976 2408 
10485 304 2210 2458 2213 2051 
10486 304 2246 2175 1975 1982 
10487 304 2263 727 2260 788 
10488 304 2548 2213 987 2051 
10489 304 2209 670 650 749 
10490 304 2459 2056 2213 2458 
10491 304 2076 956 1976 844 
10492 304 1745 2458 2051 2056 
10493 304 1501 1458 1511 1882 
10494 304 2537 1258 2256 2358 
10495 304 2253 777 720 2248 
10496 304 813 1304 1915 896 
10497 304 401 1880 400 510 
10498 304 1143 2300 2523 2379 
10499 304 639 748 2248 720 
10500 304 2379 2508 2249 2338 
10501 304 1501 1511 1936 1882 
10502 304 1939 1422 1943 1937 
10503 304 2218 2309 2313 783 
10504 304 1320 1321 904 1937 
10505 304 821 1321 1939 1937 
10506 304 2537 1258 1257 2256 
10507 304 2161 2312 2163 1887 
10508 304 1254 1220 1273 2544 
10509 304 43 44 1379 291 
10510 304 2533 2244 2332 2445 
10511 304 2189 1059 2078 959 
10512 304 2533 2333 2342 2343 
10513 304 1321 821 904 1937 
10514 304 1993 2446 1989 1984 
10515 304 2170 625 2269 2168 
10516 304 2239 2093 2090 2195 
10517 304 1187 1286 2399 1268 
10518 304 2119 2327 2224 2172 
10519 304 285 1875 1877 1376 
10520 304 1728 1748 1658 2068 
10521 304 1496 1921 1876 1513 
10522 304 2405 1282 2367 2349 
10523 304 1408 1922 1921 1513 
10524 304 2349 2405 2538 2367 
10525 304 2405 1276 2538 2367 
10526 304 1496 1408 1921 1513 
10527 304 1096 2435 1113 939 
10528 304 1893 308 419 307 
10529 304 2349 2367 2228 2267 
10530 304 1961 1960 2435 1434 
10531 304 1174 2100 2398 2104 
10532 304 777 2303 776 2248 
10533 304 2225 2127 2487 2133 
10534 304 1934 1418 1511 1936 
10535 304 2093 2090 2195 2087 
10536 304 611 2307 612 2158 
10537 304 174 173 1328 908 
10538 304 2046 2513 2258 2261 
10539 304 403 513 1882 1883 
10540 304 2306 2308 1934 2158 
10541 304 2072 1555 2071 883 
10542 304 2113 2270 2501 1091 
10543 304 2106 2208 2108 2047 
10544 304 2523 2524 2380 1927 
10545 304 901 1927 1314 1926 
10546 304 513 1883 2157 1882 
10547 304 2262 2112 2211 2266 
10548 304 1449 1516 1867 1491 
10549 304 1308 1309 2431 1410 
10550 304 2266 1088 2262 2213 
10551 304 1089 2213 989 1088 
10552 304 1296 808 1904 892 
10553 304 1382 1480 1356 1885 
10554 304 271 1370 1344 24 
10555 304 1905 1472 2412 1870 
10556 304 1089 2213 1088 2266 
10557 304 380 1866 1865 269 
10558 304 1381 295 1356 1884 
10559 304 1371 275 27 28 
10560 304 384 273 272 1868 
10561 304 1980 460 1981 433 
10562 304 2254 2543 2344 1253 
10563 304 2201 2252 2198 2202 
10564 304 319 1561 1967 1964 
10565 304 1397 1296 1295 1904 
10566 304 1526 1947 1425 1941 
10567 304 1887 1526 1941 1947 
10568 304 657 757 2190 642 
10569 304 1525 1938 1422 1503 
10570 304 1904 1398 1397 1296 
10571 304 2186 2182 630 2242 
10572 304 462 539 2449 535 
10573 304 320 1563 349 1969 
10574 304 1404 1521 1914 1520 
10575 304 2509 2330 2186 2331 
10576 304 1030 926 2293 1920 
10577 304 2002 327 457 356 
10578 304 1977 537 478 427 
10579 304 562 573 469 2037 
10580 304 2105 2030 2456 2037 
10581 304 2037 2036 469 2039 
10582 304 1934 1479 1882 1511 
10583 304 2310 2161 2478 2159 
10584 304 892 1296 2430 1904 
10585 304 436 463 1999 1994 
10586 304 1888 1483 1359 2425 
10587 304 566 487 2136 640 
10588 304 1941 822 1323 905 
10589 304 2181 737 635 2240 
10590 304 704 615 2159 2549 
10591 304 2158 2527 2306 2308 
10592 304 2290 737 2230 2240 
10593 304 854 1541 1618 2081 
10594 304 2177 2240 2181 2505 
10595 304 2160 1885 1884 2306 
10596 304 404 514 1882 513 
10597 304 45 293 1380 292 
10598 304 2253 2200 2248 720 
10599 304 2054 1600 1599 367 
10600 304 1979 2328 2174 668 
10601 304 2174 668 754 633 
10602 304 2344 2345 2381 2248 
10603 304 353 89 1571 324 
10604 304 2338 2345 2542 2536 
10605 304 468 361 2028 332 
10606 304 109 363 1591 1592 
10607 304 2308 1930 1933 2306 
10608 304 548 2012 2453 2015 
10609 304 2293 926 1030 1003 
10610 304 219 2092 864 1623 
10611 304 1646 1713 1619 2083 
10612 304 1162 2356 1244 1163 
10613 304 2181 2505 2506 2177 
10614 304 2091 1165 1070 1071 
10615 304 928 1005 1924 816 
10616 304 1197 1208 1130 2542 
10617 304 2522 2338 2249 2248 
10618 304 2035 2033 1740 2406 
10619 304 2490 2250 2249 2197 
10620 304 1000 1910 811 895 
10621 304 2259 2029 2103 2205 
10622 304 403 292 1883 1882 
10623 304 1082 2259 1177 1083 
10624 304 1000 1913 1906 1910 
10625 304 1316 2390 1317 902 
10626 304 812 1912 1303 149 
10627 304 1296 808 892 141 
10628 304 1177 2256 2358 2259 
10629 304 917 1899 889 913 
10630 304 149 150 896 1304 
10631 304 1540 209 2396 853 
10632 304 1178 1177 2259 1083 
10633 304 1101 2279 997 2277 
10634 304 1917 1921 2289 1495 
10635 304 2256 2495 2259 2103 
10636 304 914 2274 1020 1097 
10637 304 2256 1176 1258 1257 
10638 304 889 1898 1289 1290 
10639 304 2428 1961 2436 1963 
10640 304 1335 1963 2437 1334 
10641 304 2208 983 984 1083 
10642 304 1887 1383 1358 299 
10643 304 2357 2384 2478 2313 
10644 304 1482 1461 1358 1887 
10645 304 1961 2428 1510 1963 
10646 304 2214 743 2500 2499 
10647 304 1893 1958 1508 1891 
10648 304 527 528 1893 2168 
10649 304 1894 2168 528 2170 
10650 304 2269 794 715 2170 
10651 304 1969 1563 1668 1667 
10652 304 1387 1891 306 1893 
10653 304 2074 1639 1614 1536 
10654 304 1891 2168 527 1893 
10655 304 792 714 713 2269 
10656 304 715 714 2269 625 
10657 304 1972 1772 1668 1669 
10658 304 715 625 2269 2170 
10659 304 528 625 2170 2168 
10660 304 1981 1975 1982 2246 
10661 304 2443 2486 2442 1976 
10662 304 2276 2141 2280 680 
10663 304 2276 2517 2140 2278 
10664 304 1771 1639 1982 1753 
10665 304 1566 1670 1975 1565 
10666 304 66 1340 1390 313 
10667 304 2278 679 2276 761 
10668 304 879 880 2111 992 
10669 304 1521 2414 1914 1520 
10670 304 1914 1912 1404 1910 
10671 304 1162 2356 1163 2235 
10672 304 1505 1526 1947 1425 
10673 304 2414 1872 1521 1914 
10674 304 2506 1160 1065 2223 
10675 304 1872 1917 1521 1914 
10676 304 1426 1505 1947 1425 
10677 304 2110 1727 2061 2111 
10678 304 2414 2145 1872 1914 
10679 304 2110 1727 2111 1553 
10680 304 878 990 2109 877 
10681 304 2291 2145 2147 2288 
10682 304 1911 1520 1494 1403 
10683 304 1404 1917 1914 1521 
10684 304 240 183 249 1788 
10685 304 404 403 513 1882 
10686 304 2390 1936 1316 1418 
10687 304 2377 1030 1124 1019 
10688 304 2356 2378 2540 2541 
10689 304 155 1310 156 899 
10690 304 771 2294 2221 772 
10691 304 771 742 772 2221 
10692 304 966 967 854 2081 
10693 304 1967 1968 455 1964 
10694 304 1274 1131 1114 2344 
10695 304 1982 2075 1663 1988 
10696 304 2131 1662 1610 1532 
10697 304 1898 1447 1366 1391 
10698 304 2418 1878 2154 2152 
10699 304 2409 1447 1366 1898 
10700 304 2125 2130 485 1864 
10701 304 1933 1008 1928 1036 
10702 304 931 2390 819 1008 
10703 304 1371 275 28 1346 
10704 304 1522 1924 1498 2420 
10705 304 1871 1453 1372 1473 
10706 304 1084 1085 2258 1179 
10707 304 1456 2419 1476 1880 
10708 304 1869 1473 1493 1871 
10709 304 2414 1453 1448 1347 
10710 304 1523 1414 1499 1925 
10711 304 2223 1066 1161 1160 
10712 304 2480 2479 2357 2316 
10713 304 1886 297 298 409 
10714 304 44 1354 1379 291 
10715 304 2515 2316 2402 2385 
10716 304 1383 298 1357 51 
10717 304 1893 417 418 527 
10718 304 496 386 1869 387 
10719 304 2017 978 2096 2097 
10720 304 2310 1885 2161 2159 
10721 304 616 518 615 2161 
10722 304 1377 2421 1351 1879 
10723 304 512 402 511 1883 
10724 304 502 600 2149 599 
10725 304 1486 1362 1388 1894 
10726 304 2155 512 511 1883 
10727 304 2433 2427 2324 2481 
10728 304 1518 1911 1402 1908 
10729 304 1335 1963 1334 1436 
10730 304 2427 1960 1959 2433 
10731 304 2438 2439 1729 1966 
10732 304 2444 2333 2187 2331 
10733 304 1990 2448 2186 2331 
10734 304 2448 1990 2187 2331 
10735 304 2181 637 541 635 
10736 304 1869 276 275 1346 
10737 304 2186 2533 2445 2331 
10738 304 1673 1672 1980 1568 
10739 304 2186 2533 2331 2330 
10740 304 1673 1980 1569 1568 
10741 304 2186 2533 2330 2188 
10742 304 2036 1695 1590 1591 
10743 304 2025 2022 1690 1756 
10744 304 1691 2025 1587 1586 
10745 304 942 2511 1100 2185 
10746 304 1693 1692 2028 1588 
10747 304 2104 1176 1175 1081 
10748 304 1990 2444 2187 2331 
10749 304 894 146 1301 1300 
10750 304 337 115 366 1597 
10751 304 498 595 596 2146 
10752 304 2415 2284 2146 2145 
10753 304 1800 1799 1817 2117 
10754 304 253 1607 1820 1532 
10755 304 1236 2333 1154 2343 
10756 304 1365 1898 1289 805 
10757 304 2333 1155 2342 1236 
10758 304 1704 2054 1600 1599 
10759 304 1237 2348 1238 1156 
10760 304 2415 1453 1911 1873 
10761 304 897 1305 1918 813 
10762 304 1237 2348 1156 2534 
10763 304 1911 1453 1518 1494 
10764 304 923 1000 1906 811 
10765 304 1496 1408 1407 1921 
10766 304 264 265 1826 2125 
10767 304 2381 2477 1935 2344 
10768 304 2377 1919 2293 2148 
10769 304 1899 2409 1443 1864 
10770 304 2399 2113 1092 1091 
10771 304 903 1318 1930 2390 
10772 304 2415 1453 1873 1871 
10773 304 1886 298 410 409 
10774 304 406 407 295 1884 
10775 304 825 174 1329 1328 
10776 304 1210 1264 2347 1224 
10777 304 2376 1216 2231 2352 
10778 304 271 1865 270 382 
10779 304 194 193 838 1610 
10780 304 1191 2375 2374 1916 
10781 304 1230 1275 1218 2363 
10782 304 184 1788 829 1796 
10783 304 1275 2368 1218 2363 
10784 304 1231 1230 1218 2363 
10785 304 2132 1788 1810 1796 
10786 304 196 841 1611 840 
10787 304 1977 537 427 431 
10788 304 1822 1966 257 1841 
10789 304 78 77 1560 347 
10790 304 2545 1218 1231 1217 
10791 304 1617 207 852 851 
10792 304 2363 1149 1231 1230 
10793 304 1616 206 850 205 
10794 304 2517 2545 2368 2363 
10795 304 271 1865 382 1867 
10796 304 2452 2001 2016 2020 
10797 304 2276 2517 2278 2328 
10798 304 2021 2011 2020 2014 
10799 304 219 2092 1623 1545 
10800 304 2091 2090 1167 1072 
10801 304 2047 2052 2108 2053 
10802 304 1177 2358 1258 1259 
10803 304 2302 2418 2300 1924 
10804 304 1167 2339 2535 2239 
10805 304 2053 1744 1654 2047 
10806 304 942 2511 950 1100 
10807 304 870 2102 2029 983 
10808 304 2070 487 453 545 
10809 304 945 2132 830 944 
10810 304 1212 2342 1237 1236 
10811 304 2367 2326 1192 2504 
10812 304 1212 2342 1236 2373 
10813 304 185 1789 1796 830 
10814 304 2468 264 2126 1840 
10815 304 1977 1969 1973 431 
10816 304 654 2488 641 564 
10817 304 2105 2100 2219 2202 
10818 304 374 484 2123 483 
10819 304 2134 483 482 2123 
10820 304 1868 1867 1491 1470 
10821 304 1905 1445 1492 1472 
10822 304 382 383 271 1867 
10823 304 2488 570 641 542 
10824 304 2374 2284 2510 2539 
10825 304 1277 2403 2374 2539 
10826 304 2218 2309 2526 2313 
10827 304 34 33 281 1374 
10828 304 704 705 2313 783 
10829 304 1198 2283 1203 2371 
10830 304 2371 2143 2280 2472 
10831 304 933 821 1939 1937 
10832 304 1343 23 1370 270 
10833 304 2373 2283 2286 2144 
10834 304 1938 1420 1421 1512 
10835 304 23 271 1370 270 
10836 304 702 780 2305 2307 
10837 304 2528 2529 2527 2306 
10838 304 2280 2474 2244 2282 
10839 304 1387 1891 1361 306 
10840 304 1387 307 59 60 
10841 304 781 703 2305 2309 
10842 304 1330 1329 1954 909 
10843 304 2120 1784 1783 317 
10844 304 1441 1452 1874 1349 
10845 304 315 1779 344 69 
10846 304 2138 2274 2411 2410 
10847 304 2165 2167 524 1892 
10848 304 1782 1783 72 343 
10849 304 2244 2366 2371 2245 
10850 304 2523 1143 2380 1130 
10851 304 2377 1919 2148 2352 
10852 304 2299 2238 2301 2379 
10853 304 1991 1573 1989 325 
10854 304 1490 2411 2410 1865 
10855 304 2339 2351 2520 2350 
10856 304 2084 2223 2085 2081 
10857 304 1604 2064 1603 1708 
10858 304 1903 1902 2411 2279 
10859 304 1270 2339 2300 1215 
10860 304 1758 2458 2049 1745 
10861 304 1867 1471 1370 1865 
10862 304 2339 2300 1215 2379 
10863 304 2415 1453 1871 1518 
10864 304 1563 1967 1562 1667 
10865 304 1227 1143 2379 1215 
10866 304 2352 2376 1129 1919 
10867 304 2480 2317 619 2164 
10868 304 84 350 1566 322 
10869 304 468 2028 442 332 
10870 304 2034 467 2026 552 
10871 304 2028 1692 2406 1587 
10872 304 1226 1221 2364 2346 
10873 304 1832 802 885 2121 
10874 304 1860 1856 2129 1862 
10875 304 441 2023 2026 480 
10876 304 1720 2035 2033 1740 
10877 304 1226 1957 1142 1127 
10878 304 1902 1901 1515 2410 
10879 304 372 261 2123 373 
10880 304 76 318 9 1822 
10881 304 942 2392 885 2121 
10882 304 1561 319 1967 348 
10883 304 906 169 1324 1944 
10884 304 1450 1872 1521 1469 
10885 304 1903 1902 1516 2411 
10886 304 2411 1471 1516 1867 
10887 304 168 905 1322 1323 
10888 304 1912 1017 1001 1916 
10889 304 822 169 906 1944 
10890 304 1406 1305 1304 1915 
10891 304 905 821 167 1322 
10892 304 1350 283 1875 1876 
10893 304 1941 1425 1323 1944 
10894 304 2400 1112 1954 1014 
10895 304 2417 1513 1922 1497 
10896 304 2416 1919 2293 1921 
10897 304 44 1354 291 292 
10898 304 1425 1941 1323 1424 
10899 304 778 779 700 2253 
10900 304 1929 1927 1500 1883 
10901 304 1620 214 858 213 
10902 304 414 2165 1890 1888 
10903 304 524 2165 523 621 
10904 304 1337 1336 1962 912 
10905 304 711 2167 712 622 
10906 304 1889 1384 301 300 
10907 304 2086 214 215 859 
10908 304 1713 2082 1619 2083 
10909 304 1185 1090 2270 1091 
10910 304 1895 312 423 311 
10911 304 1896 309 421 420 
10912 304 912 836 1337 182 
10913 304 958 2078 2076 1058 
10914 304 2002 327 437 457 
10915 304 2437 941 828 940 
10916 304 2400 1112 1014 1042 
10917 304 2085 2223 2008 2003 
10918 304 338 116 1598 366 
10919 304 1620 2086 1997 858 
10920 304 1703 2054 2049 1758 
10921 304 2086 1647 1620 1997 
10922 304 2405 2399 1286 1268 
10923 304 2505 2223 2222 2231 
10924 304 1906 2286 1025 999 
10925 304 1236 2333 2343 2342 
10926 304 2039 2038 2036 444 
10927 304 470 2039 444 2038 
10928 304 2113 991 992 1091 
10929 304 2405 2399 1268 2349 
10930 304 2039 2038 2042 2457 
10931 304 579 669 733 2203 
10932 304 1286 1187 2399 2393 
10933 304 2205 2208 2047 2046 
10934 304 1109 935 1040 2401 
10935 304 2044 2052 446 2046 
10936 304 2401 2316 2402 1945 
10937 304 2122 886 918 2466 
10938 304 1109 2402 1945 2401 
10939 304 567 1968 542 2127 
10940 304 2142 383 492 1867 
10941 304 1869 495 2143 2412 
10942 304 2278 760 756 739 
10943 304 1141 1952 2401 1040 
10944 304 1375 1451 1876 1350 
10945 304 959 1059 2078 1058 
10946 304 503 502 2148 1876 
10947 304 1799 2117 2461 1817 
10948 304 2019 1648 1718 2087 
10949 304 1012 936 1948 907 
10950 304 824 1948 907 1327 
10951 304 1129 1919 1138 1103 
10952 304 162 902 1316 1317 
10953 304 1548 870 225 1626 
10954 304 2166 526 624 623 
10955 304 1952 1141 2401 2402 
10956 304 414 1888 413 523 
10957 304 2166 2167 1891 525 
10958 304 1109 1141 2401 1040 
10959 304 2139 1864 2130 2471 
10960 304 1814 1815 2120 1807 
10961 304 2119 343 316 430 
10962 304 2428 2482 1894 2169 
10963 304 1896 530 421 531 
10964 304 1986 540 461 547 
10965 304 461 1986 547 433 
10966 304 351 1980 323 433 
10967 304 1986 461 323 433 
10968 304 1141 1109 2401 2402 
10969 304 989 1088 2213 988 
10970 304 2009 2085 2082 2083 
10971 304 1428 1948 1327 1326 
10972 304 901 1927 1926 1006 
10973 304 1927 1416 1314 1926 
10974 304 337 473 447 2048 
10975 304 1992 2182 569 535 
10976 304 1315 901 1314 1926 
10977 304 755 2182 2240 2242 
10978 304 2181 569 541 1995 
10979 304 2085 2084 2082 2083 
10980 304 1706 1760 1707 2060 
10981 304 2139 489 2138 587 
10982 304 1001 925 1912 896 
10983 304 592 681 2141 591 
10984 304 1903 1395 1516 1902 
10985 304 2276 2141 680 2142 
10986 304 150 813 1304 1305 
10987 304 1857 1898 2468 1829 
10988 304 2422 2378 2476 2297 
10989 304 2298 1923 2296 2422 
10990 304 2192 2085 2007 2083 
10991 304 1912 812 1303 1910 
10992 304 695 2152 606 605 
10993 304 2033 2455 2028 2406 
10994 304 1382 1460 1480 1885 
10995 304 2253 701 700 611 
10996 304 2254 2543 1253 2341 
10997 304 616 705 2311 2313 
10998 304 2035 2025 2455 2406 
10999 304 2426 2427 2168 1893 
11000 304 1849 1857 2468 1829 
11001 304 2427 2481 2168 2170 
11002 304 2269 2481 624 713 
11003 304 792 793 714 2269 
11004 304 2275 2134 2130 2470 
11005 304 2275 2130 2471 2470 
11006 304 437 2176 565 568 
11007 304 136 889 135 1290 
11008 304 2176 655 662 734 
11009 304 1903 1295 1904 1397 
11010 304 2268 2217 2502 2215 
11011 304 246 1365 245 1828 
11012 304 2370 2472 2276 2277 
11013 304 2267 2268 2499 2065 
11014 304 2349 2227 2393 2334 
11015 304 716 715 794 2170 
11016 304 1838 804 2124 888 
11017 304 2372 2277 1101 2281 
11018 304 2285 758 2332 765 
11019 304 1986 2190 1981 2445 
11020 304 539 540 2186 636 
11021 304 2149 2290 2147 598 
11022 304 2174 2328 754 668 
11023 304 1898 1838 2124 888 
11024 304 1760 2064 1707 2060 
11025 304 2280 764 763 681 
11026 304 2148 2375 1919 2289 
11027 304 913 1022 917 2275 
11028 304 592 2280 2282 2143 
11029 304 1867 1516 2411 1903 
11030 304 314 1778 2461 1777 
11031 304 679 2142 590 589 
11032 304 1963 2116 1962 2437 
11033 304 2472 2142 2276 2277 
11034 304 2291 1872 1874 2147 
11035 304 890 2388 137 1292 
11036 304 766 2240 755 767 
11037 304 1900 891 807 998 
11038 304 2429 1293 1395 1900 
11039 304 2289 2291 1874 2147 
11040 304 2155 1881 2156 1927 
11041 304 405 2158 1884 1882 
11042 304 139 891 1293 1294 
11043 304 2200 2198 2251 2252 
11044 304 1459 1381 1356 1884 
11045 304 1880 2154 510 1881 
11046 304 2154 1880 2419 1881 
11047 304 1523 2419 1880 1881 
11048 304 1524 1929 1500 1883 
11049 304 2469 2465 2227 2135 
11050 304 1507 1464 1892 1484 
11051 304 1200 2353 2364 2367 
11052 304 1354 1457 1883 1478 
11053 304 1911 1403 1402 1906 
11054 304 1000 1910 1906 811 
11055 304 2229 1144 2227 2463 
11056 304 797 2325 794 2228 
11057 304 1891 2168 1893 2426 
11058 304 1812 2464 1806 1789 
11059 304 534 628 631 2172 
11060 304 2381 1935 2157 2304 
11061 304 1242 2231 1216 2352 
11062 304 2506 1240 2231 2360 
11063 304 1999 568 463 486 
11064 304 891 139 1293 807 
11065 304 1354 292 1380 1883 
11066 304 799 2295 694 759 
11067 304 1890 1951 1506 2424 
11068 304 139 138 1293 807 
11069 304 1951 2321 1953 2424 
11070 304 1426 1947 1953 2432 
11071 304 1970 455 542 564 
11072 304 680 2280 762 763 
11073 304 2328 2278 2179 2485 
11074 304 2147 391 501 500 
11075 304 1789 2464 1806 1796 
11076 304 450 340 476 2064 
11077 304 1506 1951 1953 2424 
11078 304 342 314 456 2069 
11079 304 110 1593 335 1592 
11080 304 997 920 808 2279 
11081 304 1592 1593 335 2041 
11082 304 1199 2273 1271 1207 
11083 304 639 645 2196 2248 
11084 304 2544 1933 2308 2543 
11085 304 2208 983 1083 2259 
11086 304 303 1888 414 1890 
11087 304 1626 870 2102 2029 
11088 304 2415 2413 2144 2286 
11089 304 2208 983 2259 2102 
11090 304 2274 1902 1900 2279 
11091 304 984 2102 2106 871 
11092 304 2429 998 920 891 
11093 304 832 2137 2394 1794 
11094 304 1869 1871 1493 2413 
11095 304 1793 188 834 833 
11096 304 2173 1044 2327 948 
11097 304 2362 1178 1260 1259 
11098 304 998 920 1029 2279 
11099 304 2064 2061 1760 2068 
11100 304 1536 2074 200 201 
11101 304 1919 2289 1915 1921 
11102 304 2064 2061 2068 2217 
11103 304 2430 1909 1905 1399 
11104 304 1939 1422 1321 1423 
11105 304 2416 1919 1921 2289 
11106 304 1817 2461 2115 2117 
11107 304 2009 2085 2081 2082 
11108 304 1791 1962 1813 1807 
11109 304 1540 209 853 208 
11110 304 2096 221 866 865 
11111 304 1962 1791 2116 1807 
11112 304 2094 2035 2017 2096 
11113 304 2103 2256 2495 2104 
11114 304 1623 2092 1719 1545 
11115 304 2501 878 990 2109 
11116 304 990 989 2109 877 
11117 304 2019 1648 1739 1718 
11118 304 2093 974 2087 2089 
11119 304 2056 1629 876 1551 
11120 304 2210 1087 2213 2262 
11121 304 1962 1815 1813 1807 
11122 304 1446 1864 1489 1443 
11123 304 1857 2124 2468 1898 
11124 304 2064 2061 2217 2060 
11125 304 805 1828 888 133 
11126 304 805 1828 133 1365 
11127 304 949 2547 1791 834 
11128 304 2241 1063 1157 2243 
11129 304 2420 1924 1498 1923 
11130 304 2152 1879 507 2153 
11131 304 1024 1032 2296 1126 
11132 304 2098 2025 2022 2026 
11133 304 800 759 2295 2232 
11134 304 397 2151 1879 1877 
11135 304 823 935 1944 1946 
11136 304 1188 2538 1192 2504 
11137 304 1959 1958 2426 2433 
11138 304 1011 934 1945 1039 
11139 304 1939 1108 1010 1942 
11140 304 660 797 2325 717 
11141 304 1332 826 1331 2391 
11142 304 1297 1398 2430 1296 
11143 304 1909 1519 1905 1399 
11144 304 2389 1400 1909 1298 
11145 304 922 2283 996 1909 
11146 304 1942 1119 1108 1136 
11147 304 1560 319 347 1964 
11148 304 142 892 1297 809 
11149 304 922 1909 996 893 
11150 304 1560 1711 1964 1966 
11151 304 1711 1560 1964 1665 
11152 304 1107 1932 1037 1009 
11153 304 1935 1036 1105 1114 
11154 304 1933 1930 1008 932 
11155 304 425 319 1964 347 
11156 304 2439 1750 1729 1964 
11157 304 1570 1983 1569 1674 
11158 304 2532 1952 1946 1953 
11159 304 1851 2392 1832 1848 
11160 304 1973 2183 1970 2336 
11161 304 839 2184 840 2395 
11162 304 923 1906 1025 999 
11163 304 195 2395 839 840 
11164 304 1967 1968 1964 2440 
11165 304 2243 1063 1157 1062 
11166 304 842 197 1534 1612 
11167 304 2516 2369 2273 2337 
11168 304 2003 2178 2081 2223 
11169 304 1907 1913 2374 2288 
11170 304 1538 848 849 2077 
11171 304 2012 2015 2232 2233 
11172 304 2178 1066 1065 966 
11173 304 216 2087 860 861 
11174 304 1818 2117 2115 2118 
11175 304 1968 1966 1964 2439 
11176 304 2064 2061 2060 1760 
11177 304 639 645 2248 748 
11178 304 1629 877 876 232 
11179 304 2208 2046 2258 2108 
11180 304 2358 1214 1259 2362 
11181 304 1437 1963 1436 1468 
11182 304 2372 1101 2370 1132 
11183 304 2064 2217 2462 2067 
11184 304 1609 2438 1608 1729 
11185 304 1382 297 49 50 
11186 304 2310 1943 1885 1938 
11187 304 933 1009 1937 1940 
11188 304 1009 1931 904 1937 
11189 304 319 425 1964 455 
11190 304 1321 166 904 821 
11191 304 1939 1422 1937 1321 
11192 304 2310 1943 1938 1937 
11193 304 2339 1247 1248 1270 
11194 304 958 2078 1058 959 
11195 304 2464 1816 1806 1810 
11196 304 2274 1097 1901 2518 
11197 304 2535 1248 1167 1249 
11198 304 1034 1095 929 2523 
11199 304 1244 1229 1245 2356 
11200 304 2086 2013 1997 2452 
11201 304 2292 734 770 771 
11202 304 925 1915 1103 1017 
11203 304 2505 2475 2230 2375 
11204 304 2007 2005 2489 2013 
11205 304 899 1311 816 1924 
11206 304 2147 391 500 1872 
11207 304 2169 2325 2483 2482 
11208 304 2132 1788 1796 829 
11209 304 1804 1805 1784 2120 
11210 304 1332 910 1333 178 
11211 304 2076 2246 2078 1982 
11212 304 197 842 1534 841 
11213 304 840 195 1611 196 
11214 304 65 66 1390 313 
11215 304 2521 2520 2295 2299 
11216 304 2192 2085 2451 2007 
11217 304 2375 2475 2230 2148 
11218 304 1440 1468 1962 1439 
11219 304 1019 2377 2293 2298 
11220 304 1305 813 1304 1915 
11221 304 2376 1272 1138 1280 
11222 304 2376 2375 2231 1280 
11223 304 2540 1205 1278 1124 
11224 304 1919 2291 1916 1915 
11225 304 2431 898 1003 927 
11226 304 2095 976 1075 975 
11227 304 2548 987 1086 986 
11228 304 2540 1205 1124 2377 
11229 304 1085 1084 2258 2108 
11230 304 1084 1178 1179 2258 
11231 304 1211 2355 1261 2362 
11232 304 2513 2496 2207 2046 
11233 304 2261 2264 2514 2354 
11234 304 2298 2541 2540 2378 
11235 304 2223 2221 2235 2008 
11236 304 2009 2085 2451 2003 
11237 304 2352 1920 1129 1125 
11238 304 2352 2377 1125 1205 
11239 304 890 914 916 2388 
11240 304 2544 1206 1116 1273 
11241 304 1038 1940 1135 1107 
11242 304 1940 1942 1135 2382 
11243 304 933 1010 1940 1939 
11244 304 2235 2191 2008 2221 
11245 304 1119 2384 1219 1136 
11246 304 1255 2544 1273 1206 
11247 304 1116 2544 1933 2528 
11248 304 2085 2192 2451 2235 
11249 304 2192 2006 2451 2235 
11250 304 2383 1932 1116 1194 
11251 304 2524 1926 1035 2304 
11252 304 1206 2383 1116 1194 
11253 304 2296 1102 1024 1190 
11254 304 1317 163 819 2390 
11255 304 2531 2354 1210 1223 
11256 304 2317 2514 2263 2386 
11257 304 2046 2052 2261 2108 
11258 304 1952 2385 2318 2532 
11259 304 1939 1108 1942 1945 
11260 304 1109 2402 1193 1945 
11261 304 241 1337 1786 191 
11262 304 2383 1932 2528 1116 
11263 304 2478 2361 2384 2382 
11264 304 1057 2404 1151 1152 
11265 304 1056 2404 1150 1151 
11266 304 1133 2544 1116 1273 
11267 304 1538 848 2077 1615 
11268 304 2084 1068 2235 1162 
11269 304 2192 2085 2083 2235 
11270 304 1175 1174 2104 1080 
11271 304 1066 2084 1161 1067 
11272 304 2234 2232 2519 2233 
11273 304 1254 1255 1173 2398 
11274 304 2394 947 948 2327 
11275 304 2103 869 981 2099 
11276 304 2136 723 640 2216 
11277 304 953 1971 1974 841 
11278 304 1539 1617 1712 1996 
11279 304 2136 2117 2135 487 
11280 304 2353 1282 1267 1268 
11281 304 2070 551 487 545 
11282 304 2070 2072 2114 2462 
11283 304 1200 2364 1127 2324 
11284 304 2547 948 834 949 
11285 304 1266 1265 2346 1184 
11286 304 1023 2184 951 2185 
11287 304 2181 2450 1995 2177 
11288 304 1899 1515 1489 1393 
11289 304 1795 1440 1339 1787 
11290 304 2450 1999 1995 2177 
11291 304 2226 1023 2184 1052 
11292 304 2440 1968 1964 2439 
11293 304 1023 2226 1117 1052 
11294 304 74 317 1784 346 
11295 304 2180 2485 2336 2363 
11296 304 1207 1134 2247 1117 
11297 304 75 74 1785 346 
11298 304 2111 1658 2061 2068 
11299 304 2343 1236 2342 2373 
11300 304 2110 1657 1553 1630 
11301 304 943 951 1965 2185 
11302 304 2370 2368 1217 1196 
11303 304 2184 2440 1965 2185 
11304 304 2359 1242 1205 2352 
11305 304 1309 815 2431 1923 
11306 304 815 898 2431 927 
11307 304 942 2511 2185 2121 
11308 304 361 105 1587 332 
11309 304 963 2507 964 1996 
11310 304 2376 2352 1129 1216 
11311 304 1031 1920 1030 1125 
11312 304 1912 1406 1304 1915 
11313 304 2262 1088 1183 1182 
11314 304 1833 802 2121 886 
11315 304 2522 2155 2156 2380 
11316 304 2463 2465 2137 2115 
11317 304 551 2216 640 646 
11318 304 975 2093 2095 2092 
11319 304 2233 2237 2350 2397 
11320 304 2229 2349 2469 2227 
11321 304 859 2086 860 215 
11322 304 2250 2490 2536 2095 
11323 304 2402 1139 2385 1952 
11324 304 1141 1952 1139 2402 
11325 304 2538 2349 2469 2229 
11326 304 2102 2208 2106 2045 
11327 304 66 75 1785 313 
11328 304 1087 1088 2262 1182 
11329 304 2332 758 2330 719 
11330 304 2383 1940 1932 1194 
11331 304 2398 1078 1173 1172 
11332 304 518 517 2159 1885 
11333 304 2327 2538 2469 2229 
11334 304 2422 2418 2521 2153 
11335 304 1461 1504 1886 1887 
11336 304 1270 2339 1215 1248 
11337 304 2250 1073 2093 1074 
11338 304 2411 2279 1867 1903 
11339 304 405 2158 514 515 
11340 304 1298 1297 1399 2430 
11341 304 1101 2281 2277 997 
11342 304 1909 1519 2412 1905 
11343 304 1922 814 1307 1918 
11344 304 1254 2398 1173 1172 
11345 304 2186 1992 2449 535 
11346 304 2114 2115 2070 2227 
11347 304 1918 152 897 814 
11348 304 1760 1748 2068 1658 
11349 304 897 1305 813 151 
11350 304 902 1007 818 1926 
11351 304 1760 1658 2068 2061 
11352 304 406 516 1884 515 
11353 304 2415 2413 2286 1908 
11354 304 2545 2179 2328 1979 
11355 304 2419 1523 1927 1881 
11356 304 2329 1149 1055 1150 
11357 304 2180 1979 2443 1977 
11358 304 2531 1223 1210 1123 
11359 304 47 294 1355 46 
11360 304 2180 2175 1979 2329 
11361 304 2253 2158 2157 2477 
11362 304 1665 1711 1729 1964 
11363 304 2543 1933 2308 1935 
11364 304 2543 1274 1114 2344 
11365 304 1962 1337 912 836 
11366 304 2253 2158 2477 2307 
11367 304 1351 286 38 39 
11368 304 612 2307 611 701 
11369 304 285 1376 1351 38 
11370 304 296 1382 49 1356 
11371 304 1979 2175 2180 2443 
11372 304 1634 2071 1774 1797 
11373 304 513 2158 2157 611 
11374 304 1775 1634 1774 1797 
11375 304 2531 2354 1223 2386 
11376 304 947 946 1047 2137 
11377 304 1035 1928 1007 1105 
11378 304 1504 1461 1886 1481 
11379 304 935 1011 2401 1109 
11380 304 1133 1220 1114 2543 
11381 304 2059 1704 1759 1746 
11382 304 1759 2063 2057 2059 
11383 304 1461 1383 1358 1887 
11384 304 1482 2425 1505 1947 
11385 304 295 1381 1356 48 
11386 304 2465 2119 2118 2172 
11387 304 2237 2088 2193 2015 
11388 304 1205 1242 1216 2352 
11389 304 2059 2054 2460 2057 
11390 304 2485 2183 2335 1973 
11391 304 1914 1912 1910 1916 
11392 304 1901 913 916 2388 
11393 304 1100 2226 2185 2247 
11394 304 1461 1383 1887 1886 
11395 304 2008 2002 2451 2003 
11396 304 655 2191 544 584 
11397 304 1455 287 2420 1879 
11398 304 1100 2226 2247 1117 
11399 304 161 160 1315 818 
11400 304 1100 2226 1117 1023 
11401 304 2353 2364 1267 1204 
11402 304 1100 2226 1023 2185 
11403 304 2063 2059 2460 2057 
11404 304 1948 1429 1327 1949 
11405 304 1950 1952 1946 2532 
11406 304 1008 931 1928 1036 
11407 304 2107 2106 2108 2047 
11408 304 985 986 2107 2108 
11409 304 2437 1334 2436 911 
11410 304 1960 1332 1433 2391 
11411 304 1933 932 1008 1106 
11412 304 1962 1439 1437 1438 
11413 304 1114 1933 1935 1036 
11414 304 2426 1958 1891 2323 
11415 304 1961 1435 1963 1510 
11416 304 1867 272 1344 1868 
11417 304 2083 970 1997 1069 
11418 304 2535 1215 1227 2379 
11419 304 2281 2412 2473 1905 
11420 304 2192 2489 2193 1997 
11421 304 2094 220 864 1623 
11422 304 1479 1882 1355 1884 
11423 304 1480 1459 1356 1884 
11424 304 2308 1934 2158 2477 
11425 304 1265 1264 2346 1183 
11426 304 2255 579 2203 2493 
11427 304 1041 2531 1140 1123 
11428 304 890 2388 806 137 
11429 304 2523 2154 2300 2302 
11430 304 1901 1902 1515 1394 
11431 304 2255 579 2493 746 
11432 304 297 298 50 1357 
11433 304 1186 2399 1267 1268 
11434 304 1549 1627 2106 227 
11435 304 1482 1889 1887 1358 
11436 304 2255 2493 2203 2494 
11437 304 2389 1400 1298 1299 
11438 304 1362 1486 1893 1894 
11439 304 2388 1899 1291 1393 
11440 304 2203 753 733 2257 
11441 304 1082 2029 983 982 
11442 304 1772 1640 1752 1976 
11443 304 414 2165 1888 523 
11444 304 2047 2052 2053 2044 
11445 304 2208 2102 2106 984 
11446 304 413 1888 301 412 
11447 304 1690 2022 1689 1755 
11448 304 1649 2092 2027 2010 
11449 304 41 42 1378 289 
11450 304 1395 1902 1490 1516 
11451 304 2411 1471 1867 1865 
11452 304 1648 1544 2087 1621 
11453 304 2262 2264 2212 2055 
11454 304 2264 2262 2212 2354 
11455 304 2107 985 2108 2106 
11456 304 1007 931 1105 1928 
11457 304 2455 2202 2199 2456 
11458 304 1383 1461 1481 1886 
11459 304 2316 1945 2432 1947 
11460 304 1639 2075 1982 2074 
11461 304 846 2075 1614 2074 
11462 304 2077 203 848 847 
11463 304 1957 1221 1118 2347 
11464 304 1993 963 850 851 
11465 304 2075 1537 202 1614 
11466 304 2462 2217 2068 2503 
11467 304 1584 1583 1688 2018 
11468 304 1639 2075 2074 1614 
11469 304 1987 1537 1641 2077 
11470 304 1547 1625 2099 223 
11471 304 1092 2113 992 1091 
11472 304 1186 1187 1092 2399 
11473 304 2102 1549 226 1626 
11474 304 1943 1481 1504 1886 
11475 304 2102 984 983 871 
11476 304 2103 2256 1081 1082 
11477 304 1155 2333 1060 1154 
11478 304 1157 1158 2360 1239 
11479 304 2438 2439 1966 2484 
11480 304 429 318 347 1966 
11481 304 2438 255 1609 1608 
11482 304 1571 1989 1984 1676 
11483 304 2455 2202 2456 2032 
11484 304 1972 1772 1752 1976 
11485 304 2507 965 1996 2178 
11486 304 1989 1738 1765 1676 
11487 304 329 98 1581 1580 
11488 304 2428 1487 1510 1895 
11489 304 1159 1064 1158 2506 
11490 304 2506 1240 2360 1158 
11491 304 2506 1240 1158 1159 
11492 304 962 1993 849 1985 
11493 304 2041 2042 2043 2205 
11494 304 2506 1240 1159 2231 
11495 304 2506 2360 2505 2241 
11496 304 2498 2215 2460 2062 
11497 304 766 2240 767 2287 
11498 304 119 339 1601 368 
11499 304 2072 1728 2503 2068 
11500 304 2240 2509 2242 2182 
11501 304 463 326 1998 1994 
11502 304 1975 1671 1753 1773 
11503 304 1640 1637 1976 1535 
11504 304 2041 363 445 335 
11505 304 1060 2534 1061 2187 
11506 304 2032 2492 2037 479 
11507 304 1722 1626 1653 2029 
11508 304 2242 722 751 795 
11509 304 2182 661 630 2242 
11510 304 199 844 1613 1535 
11511 304 479 573 2037 443 
11512 304 1751 2442 2441 1974 
11513 304 1638 1636 1751 1974 
11514 304 1716 2013 1647 1736 
11515 304 1686 2016 1685 1737 
11516 304 1717 2001 2021 2016 
11517 304 2021 2011 2014 1733 
11518 304 755 2182 2242 661 
11519 304 2043 2041 2045 1768 
11520 304 755 2182 661 635 
11521 304 635 2182 661 569 
11522 304 1415 1927 1523 1500 
11523 304 2264 2206 2209 2050 
11524 304 2263 2260 2209 2514 
11525 304 2209 2260 2263 727 
11526 304 1439 1962 1339 1338 
11527 304 1978 1567 1566 322 
11528 304 2264 2354 2212 2514 
11529 304 2209 2264 2212 2514 
11530 304 1983 1675 1984 1730 
11531 304 1022 2518 1097 1201 
11532 304 2376 1129 1919 1138 
11533 304 1698 2047 1743 1769 
11534 304 2014 1582 2011 358 
11535 304 2416 1919 2289 2148 
11536 304 1572 1573 1989 1677 
11537 304 2273 1201 1199 1271 
11538 304 1585 331 102 1584 
11539 304 2031 1693 2028 2030 
11540 304 2377 1919 1920 2293 
11541 304 2340 2382 2537 2361 
11542 304 2475 1919 2352 2148 
11543 304 2475 1919 2148 2375 
11544 304 1551 231 876 875 
11545 304 1745 1702 2048 2049 
11546 304 2523 1034 1104 1006 
11547 304 2498 2215 2062 2065 
11548 304 160 901 1315 818 
11549 304 2056 1725 1745 1758 
11550 304 2318 1952 2432 2316 
11551 304 2002 437 1998 2003 
11552 304 2089 1544 861 2087 
11553 304 1946 1426 1953 2432 
11554 304 2303 699 2157 2253 
11555 304 2316 1947 2432 2423 
11556 304 1933 1935 1036 1928 
11557 304 2263 2212 2530 2386 
11558 304 1943 1481 1886 1460 
11559 304 1584 1585 2022 1689 
11560 304 1587 104 1586 332 
11561 304 1766 1988 1663 1987 
11562 304 2032 479 2037 443 
11563 304 158 900 157 1312 
11564 304 1758 2056 1656 2059 
11565 304 2215 2110 2061 2113 
11566 304 1726 2109 2059 1656 
11567 304 1746 1726 2059 1656 
11568 304 1726 1759 1746 2059 
11569 304 1091 2270 2501 1090 
11570 304 2063 2407 2057 2062 
11571 304 1895 2428 2224 1963 
11572 304 1788 240 829 1556 
11573 304 1954 909 1014 938 
11574 304 1958 1431 1954 2434 
11575 304 363 1592 335 2041 
11576 304 2274 1189 2369 1128 
11577 304 2036 2457 2040 2038 
11578 304 456 2461 2070 2069 
11579 304 1329 825 1954 909 
11580 304 1949 1329 1328 825 
11581 304 1558 67 314 1777 
11582 304 249 1788 1774 1556 
11583 304 2032 2025 2028 2455 
11584 304 188 1793 1790 833 
11585 304 832 1790 1794 2394 
11586 304 187 188 1790 833 
11587 304 2319 2167 711 2530 
11588 304 2167 2165 621 2530 
11589 304 2263 2319 711 2530 
11590 304 2118 1801 1819 1818 
11591 304 2497 2055 2211 2212 
11592 304 1811 1794 2137 1812 
11593 304 2394 1814 1808 1819 
11594 304 559 2497 2058 2211 
11595 304 2369 1122 2279 1128 
11596 304 1602 1706 1707 2060 
11597 304 1802 2118 1819 2119 
11598 304 2274 1029 1020 1128 
11599 304 1021 920 997 2279 
11600 304 2526 2383 2525 2340 
11601 304 1856 1823 1842 2129 
11602 304 1562 1561 1967 348 
11603 304 918 2511 1049 950 
11604 304 2101 2100 1080 2104 
11605 304 2378 2221 2234 2356 
11606 304 1823 259 1842 2129 
11607 304 2064 1602 1707 2060 
11608 304 1460 1938 1503 1480 
11609 304 840 2184 839 952 
11610 304 803 129 1834 886 
11611 304 1023 2184 1052 952 
11612 304 347 1560 1964 1966 
11613 304 1244 1229 2540 1278 
11614 304 483 373 482 2123 
11615 304 1825 263 2126 262 
11616 304 2124 915 919 887 
11617 304 1727 2111 1553 1631 
11618 304 2128 259 1842 260 
11619 304 2128 1856 1842 2129 
11620 304 1993 962 849 850 
11621 304 2463 1047 1046 946 
11622 304 2131 801 2392 1831 
11623 304 1973 537 653 634 
11624 304 958 2078 959 2075 
11625 304 2035 1650 2094 1719 
11626 304 2094 1650 1623 1719 
11627 304 1867 272 1868 383 
11628 304 2064 1748 1708 1763 
11629 304 1298 1909 2430 1399 
11630 304 1517 1905 1904 1868 
11631 304 1904 1398 1296 2430 
11632 304 2150 503 2148 1876 
11633 304 2476 2294 2377 2150 
11634 304 2390 1936 1418 1930 
11635 304 873 228 872 2106 
11636 304 2066 2064 1708 1763 
11637 304 1526 1504 1887 1941 
11638 304 1460 1943 1885 1886 
11639 304 2034 2025 2098 2026 
11640 304 412 1889 301 300 
11641 304 1461 1504 1887 1526 
11642 304 1098 2281 1050 996 
11643 304 1098 2283 2281 996 
11644 304 2006 2005 2007 2004 
11645 304 2489 2012 2005 2006 
11646 304 2124 804 919 917 
11647 304 296 407 1885 1884 
11648 304 2185 2122 2121 2511 
11649 304 2185 1100 2247 2511 
11650 304 2148 689 690 2292 
11651 304 922 1098 996 2283 
11652 304 1069 2235 1163 2397 
11653 304 2064 1748 1707 1708 
11654 304 2362 1177 2358 2259 
11655 304 1079 2100 1080 980 
11656 304 897 1305 151 1306 
11657 304 2421 1475 1454 1514 
11658 304 1180 2258 1085 1179 
11659 304 2100 2101 1080 980 
11660 304 2355 2513 2514 2261 
11661 304 937 1955 1013 1949 
11662 304 2490 2098 2027 2026 
11663 304 1648 1717 1621 2087 
11664 304 1939 933 1937 1940 
11665 304 1942 1010 1038 1108 
11666 304 2305 2218 2309 2526 
11667 304 1175 1174 1256 2104 
11668 304 1267 2364 1185 1266 
11669 304 1426 1947 1944 1425 
11670 304 1755 1756 2027 1719 
11671 304 1174 2100 2104 1080 
11672 304 1505 1527 1426 1947 
11673 304 1890 1951 1892 1528 
11674 304 1507 1484 1892 1528 
11675 304 2085 2008 2451 2003 
11676 304 631 2325 660 2172 
11677 304 1042 1142 1118 1957 
11678 304 2098 2025 2035 2022 
11679 304 1971 1750 1764 1710 
11680 304 2340 2537 1256 2104 
11681 304 1637 1613 1642 1976 
11682 304 1972 1565 1564 321 
11683 304 1971 2395 1611 840 
11684 304 1671 1978 1566 1975 
11685 304 1670 1972 1752 1975 
11686 304 1971 2184 840 953 
11687 304 2436 1033 1016 1096 
11688 304 1998 1999 2000 2003 
11689 304 1738 1993 1749 1989 
11690 304 1962 912 2437 941 
11691 304 2447 1749 1993 1989 
11692 304 2005 464 2004 2006 
11693 304 627 628 530 2169 
11694 304 1963 2116 2224 1895 
11695 304 928 2300 1005 1102 
11696 304 1962 836 941 835 
11697 304 1343 1442 1368 1865 
11698 304 998 2274 1020 914 
11699 304 1076 2254 1170 1171 
11700 304 1933 1133 1036 1114 
11701 304 2088 2239 2195 2020 
11702 304 2300 1095 1005 1102 
11703 304 1717 2086 2016 1647 
11704 304 1737 1736 1647 2016 
11705 304 2005 2012 464 2006 
11706 304 2030 361 2028 443 
11707 304 160 901 1314 1315 
11708 304 1870 1868 2473 1905 
11709 304 2525 2528 2308 2544 
11710 304 2037 2028 2456 2032 
11711 304 2031 1693 2030 1741 
11712 304 2037 2028 2032 443 
11713 304 1416 1929 1926 1927 
11714 304 1722 2043 1742 1652 
11715 304 1412 1413 1311 1924 
11716 304 2101 2024 2099 980 
11717 304 2040 2101 2099 2103 
11718 304 2029 869 2099 1548 
11719 304 887 803 2466 915 
11720 304 2033 2455 2456 2028 
11721 304 2508 2338 2535 2250 
11722 304 2037 2028 443 2030 
11723 304 902 1316 1926 818 
11724 304 2037 2028 2030 2456 
11725 304 2044 472 365 336 
11726 304 2235 1162 2359 2084 
11727 304 557 446 2046 575 
11728 304 2044 364 446 336 
11729 304 2052 2206 2050 576 
11730 304 447 558 576 2050 
11731 304 1748 1728 1763 2068 
11732 304 1867 1868 1904 2277 
11733 304 1977 1969 431 1972 
11734 304 1750 1971 1764 1967 
11735 304 2226 2441 1970 2336 
11736 304 2185 1968 2127 1970 
11737 304 2179 2335 2485 2278 
11738 304 305 1386 304 1892 
11739 304 1888 2164 2424 2423 
11740 304 2022 2098 2027 2035 
11741 304 416 415 1892 304 
11742 304 1717 1648 2021 2087 
11743 304 2009 1713 2083 2082 
11744 304 2011 2452 2016 2020 
11745 304 2083 2192 1997 2007 
11746 304 328 438 356 2004 
11747 304 2084 1068 2083 2235 
11748 304 2015 2236 2232 2233 
11749 304 271 1865 1370 270 
11750 304 2543 2344 1114 1935 
11751 304 1898 888 2124 917 
11752 304 2520 2350 2351 2233 
11753 304 2090 2250 2093 2239 
11754 304 2192 2235 2233 2006 
11755 304 2011 1581 1685 1580 
11756 304 2034 2196 2200 552 
11757 304 1078 978 1077 2097 
11758 304 1076 2095 2512 2017 
11759 304 2431 1019 927 1003 
11760 304 1078 979 978 2097 
11761 304 1038 1940 1942 1135 
11762 304 1629 877 232 1552 
11763 304 1629 877 1552 2109 
11764 304 1867 1471 1516 1449 
11765 304 2011 1582 1686 1581 
11766 304 1759 1726 2063 2059 
11767 304 989 877 876 2109 
11768 304 1920 1002 926 1918 
11769 304 2165 1888 2164 2424 
11770 304 1918 1002 897 813 
11771 304 1338 241 1337 1786 
11772 304 1814 2119 1819 2394 
11773 304 428 426 534 2120 
11774 304 628 534 2171 2172 
11775 304 1782 2118 1781 1802 
11776 304 2122 2123 2128 2466 
11777 304 949 1791 1962 835 
11778 304 372 373 2123 482 
11779 304 2467 1018 918 2511 
11780 304 1199 2467 1051 2273 
11781 304 2130 2123 2126 484 
11782 304 262 374 2126 2123 
11783 304 375 264 263 2126 
11784 304 2124 915 887 2466 
11785 304 2348 1239 1238 1157 
11786 304 1903 1516 1396 1491 
11787 304 2452 2088 2020 2015 
11788 304 2371 1283 2373 1203 
11789 304 1528 1951 1892 1956 
11790 304 416 415 525 1892 
11791 304 2188 2332 2330 719 
11792 304 2284 2342 2510 2539 
11793 304 2236 2519 2233 2520 
11794 304 875 2056 876 1551 
11795 304 901 1927 1006 817 
11796 304 2309 703 2305 2159 
11797 304 2159 704 703 614 
11798 304 1511 1934 1936 1882 
11799 304 1943 1887 1886 1504 
11800 304 1943 1481 1460 1525 
11801 304 1886 1460 1357 1885 
11802 304 1321 1320 1422 1937 
11803 304 2311 705 784 2313 
11804 304 875 2056 1551 2051 
11805 304 1562 320 348 1967 
11806 304 875 2056 2051 2213 
11807 304 2440 1965 2185 2439 
11808 304 2545 2485 2180 2363 
11809 304 2408 954 842 2486 
11810 304 2336 1054 2180 1149 
11811 304 1054 1055 2486 2180 
11812 304 1055 2175 2486 2180 
11813 304 2363 2336 2180 1149 
11814 304 2545 1149 2363 2180 
11815 304 2051 987 875 2213 
11816 304 843 2408 1976 1535 
11817 304 1975 1977 1972 2443 
11818 304 405 406 294 1884 
11819 304 987 988 875 2213 
11820 304 988 876 875 2213 
11821 304 2452 2020 2453 2015 
11822 304 976 2092 864 863 
11823 304 1986 1980 1981 433 
11824 304 1622 217 862 2089 
11825 304 2189 2075 2077 959 
11826 304 2360 2348 2241 1157 
11827 304 2092 976 975 863 
11828 304 571 547 2190 1981 
11829 304 2200 639 552 2196 
11830 304 480 645 2197 2196 
11831 304 975 2089 862 974 
11832 304 441 2022 467 2026 
11833 304 208 1617 852 2079 
11834 304 207 1539 206 851 
11835 304 1934 1479 1511 1502 
11836 304 2348 2360 1239 1157 
11837 304 1211 1141 1225 2402 
11838 304 2114 1045 995 2132 
11839 304 2334 2399 2502 2393 
11840 304 881 2111 993 2503 
11841 304 2137 2465 2229 2327 
11842 304 297 296 1885 1382 
11843 304 2000 2009 1998 2003 
11844 304 2376 1272 1280 2231 
11845 304 1644 2000 1996 2079 
11846 304 1066 967 2081 2084 
11847 304 2250 1073 1074 1168 
11848 304 1167 2250 1168 1073 
11849 304 437 2002 457 2008 
11850 304 1579 328 2005 357 
11851 304 1766 1983 1987 1730 
11852 304 1580 1684 2005 1579 
11853 304 2012 2453 2015 2452 
11854 304 2239 2237 2088 2091 
11855 304 2283 2372 2281 2472 
11856 304 683 2285 765 758 
11857 304 2478 2526 2159 2309 
11858 304 380 381 1865 490 
11859 304 2533 2285 2330 2332 
11860 304 2400 1112 1042 1957 
11861 304 2090 2250 2239 1167 
11862 304 1180 2258 1179 2355 
11863 304 297 408 1885 296 
11864 304 1903 1396 1295 1397 
11865 304 1206 1269 1256 2340 
11866 304 2262 1264 1182 1183 
11867 304 2050 2049 2458 2048 
11868 304 1628 1551 2051 875 
11869 304 2112 2056 2109 2213 
11870 304 2529 2478 2310 2314 
11871 304 1262 1263 1181 2354 
11872 304 2266 1088 1183 2262 
11873 304 1185 1266 2364 2346 
11874 304 1182 2354 1181 1263 
11875 304 1751 2441 1969 1967 
11876 304 815 899 1004 1923 
11877 304 2119 1814 2120 2173 
11878 304 2173 2116 1807 2120 
11879 304 2378 2521 2351 2519 
11880 304 914 2274 1097 1901 
11881 304 1019 2293 2431 2298 
11882 304 2140 1865 1867 491 
11883 304 2488 570 2127 638 
11884 304 2464 832 2137 946 
11885 304 2545 1979 2387 2329 
11886 304 2371 1283 1203 1288 
11887 304 2474 2283 2373 2144 
11888 304 2144 1869 2143 2413 
11889 304 2546 2365 2366 1281 
11890 304 1979 2545 2387 2328 
11891 304 1450 1872 1469 1348 
11892 304 815 1309 2431 1308 
11893 304 2464 832 946 831 
11894 304 925 813 1915 896 
11895 304 1129 2376 1272 1138 
11896 304 2464 832 831 1794 
11897 304 2417 1513 1497 1875 
11898 304 1911 1453 1494 2414 
11899 304 769 2292 689 2230 
11900 304 1120 2403 1099 1115 
11901 304 1027 1195 1916 1191 
11902 304 2475 2292 2222 2230 
11903 304 309 308 1894 1388 
11904 304 1881 402 511 401 
11905 304 744 2236 643 731 
11906 304 832 2137 946 947 
11907 304 2379 2156 2301 2154 
11908 304 2452 2020 2011 2453 
11909 304 1397 1491 1904 1903 
11910 304 1814 2173 1807 2120 
11911 304 2254 1253 1252 1171 
11912 304 1167 1166 1248 2091 
11913 304 900 2302 1924 1925 
11914 304 2045 2043 1653 2029 
11915 304 1927 1881 1523 1500 
11916 304 2212 2263 2319 789 
11917 304 2209 2264 2050 2055 
11918 304 2112 2058 2055 2211 
11919 304 2518 2471 2470 2275 
11920 304 2467 2470 2273 2134 
11921 304 2322 2166 2319 2530 
11922 304 2166 2322 2323 2530 
11923 304 1097 2518 1189 1201 
11924 304 1096 1188 1192 2504 
11925 304 2325 2136 660 2172 
11926 304 715 716 626 2170 
11927 304 2369 2517 2337 2516 
11928 304 2043 1722 1653 2029 
11929 304 2369 1287 2337 2363 
11930 304 903 164 820 1319 
11931 304 2516 2517 2337 2335 
11932 304 1055 1054 1149 2180 
11933 304 1471 1343 1370 1865 
11934 304 2266 1089 1184 1183 
11935 304 2500 559 2058 2211 
11936 304 2273 1189 2369 2518 
11937 304 1961 2436 2435 2326 
11938 304 1982 1672 1771 1753 
11939 304 2499 2212 2211 2346 
11940 304 2467 2518 2275 1051 
11941 304 1519 2413 1869 1493 
11942 304 1493 1908 1909 2413 
11943 304 2292 734 771 2221 
11944 304 2292 771 770 690 
11945 304 2295 2234 2232 2519 
11946 304 2474 2533 2332 2285 
11947 304 2366 2370 2546 1281 
11948 304 973 861 860 2087 
11949 304 889 136 806 1290 
11950 304 2287 2330 2146 795 
11951 304 1761 1683 1734 2004 
11952 304 1291 1899 806 1290 
11953 304 2284 2533 2330 2342 
11954 304 893 1297 1298 2430 
11955 304 2371 1283 1288 2343 
11956 304 2147 391 1872 1874 
11957 304 1272 1240 1280 2231 
11958 304 1683 1682 1734 2004 
11959 304 2009 2007 2004 2451 
11960 304 2290 768 688 2230 
11961 304 2299 2521 2300 2418 
11962 304 1982 1639 2074 1642 
11963 304 1538 205 849 204 
11964 304 1222 2382 2537 1269 
11965 304 2284 2533 2342 2373 
11966 304 2495 2103 2104 2219 
11967 304 2545 2368 2546 2387 
11968 304 2545 2329 2387 2546 
11969 304 2365 2404 1233 2546 
11970 304 2329 2246 2546 2404 
11971 304 2546 2365 1281 1233 
11972 304 2175 2329 2180 1055 
11973 304 2407 1760 2060 2061 
11974 304 2328 2517 2278 2485 
11975 304 1638 1636 1974 1534 
11976 304 449 474 367 2057 
11977 304 2517 2369 2363 2368 
11978 304 2353 2349 2399 2268 
11979 304 2130 483 484 582 
11980 304 1145 2405 1228 1285 
11981 304 2393 1228 1202 1144 
11982 304 2114 1144 1045 2463 
11983 304 2325 2136 2172 2469 
11984 304 2067 658 2065 2216 
11985 304 2349 2353 2399 1268 
11986 304 1123 1139 2532 1223 
11987 304 2033 1767 1720 1740 
11988 304 2533 2343 2342 2373 
11989 304 1223 2385 2532 2386 
11990 304 220 2094 865 1546 
11991 304 2430 809 996 893 
11992 304 2199 2035 2096 2017 
11993 304 2074 1639 1536 1642 
11994 304 1979 549 478 663 
11995 304 2328 668 663 798 
11996 304 2100 979 2024 980 
11997 304 1547 1651 2024 1721 
11998 304 2293 1920 1921 1919 
11999 304 2531 1223 1123 2532 
12000 304 2146 2145 2284 2510 
12001 304 2532 2385 1223 1139 
12002 304 1919 1017 1103 1915 
12003 304 1837 1836 2124 887 
12004 304 1897 1962 2120 1809 
12005 304 1702 2049 1597 2048 
12006 304 338 2054 448 366 
12007 304 2255 746 783 733 
12008 304 1551 1628 2051 1655 
12009 304 2458 2052 2051 2210 
12010 304 1724 1628 1655 2051 
12011 304 1551 2056 1725 2051 
12012 304 667 727 729 2260 
12013 304 2385 2164 2480 2318 
12014 304 2224 2173 2120 2116 
12015 304 963 1993 850 962 
12016 304 196 197 1534 841 
12017 304 350 1978 432 1975 
12018 304 2224 2119 2120 2173 
12019 304 1153 2343 1234 1235 
12020 304 33 32 280 1348 
12021 304 501 500 598 2147 
12022 304 2510 2288 2145 2284 
12023 304 389 2145 498 499 
12024 304 697 2249 775 776 
12025 304 2197 752 645 665 
12026 304 2155 1881 1927 1883 
12027 304 2155 1881 1883 511 
12028 304 1881 291 1379 1883 
12029 304 2303 2155 2157 699 
12030 304 2343 1153 1234 2365 
12031 304 2384 1942 1945 2314 
12032 304 2245 2174 750 2244 
12033 304 2244 757 750 764 
12034 304 1530 1508 1893 1959 
12035 304 2188 757 642 2190 
12036 304 2078 1153 1152 1058 
12037 304 419 418 1893 307 
12038 304 419 418 528 1893 
12039 304 891 140 808 1294 
12040 304 2143 1869 2412 2413 
12041 304 2429 998 891 1900 
12042 304 1101 2370 1196 2277 
12043 304 2282 683 682 593 
12044 304 2332 764 2282 765 
12045 304 2142 2140 2277 1867 
12046 304 2302 2154 1927 2523 
12047 304 851 1616 206 850 
12048 304 2419 1927 2154 1881 
12049 304 2077 1538 1985 849 
12050 304 2282 682 765 764 
12051 304 1316 1936 1417 1418 
12052 304 1991 1679 1994 1732 
12053 304 2450 1732 1996 1991 
12054 304 2436 911 1016 940 
12055 304 2133 2123 2128 2122 
12056 304 2280 764 681 2282 
12057 304 2408 1640 1976 1535 
12058 304 1636 1772 1751 1974 
12059 304 2175 2246 1975 1979 
12060 304 2175 1975 1982 1976 
12061 304 2450 1732 1991 1994 
12062 304 2499 2265 2269 743 
12063 304 1682 2009 1754 1734 
12064 304 1992 459 435 569 
12065 304 325 2449 1991 435 
12066 304 2177 1999 541 486 
12067 304 325 2449 435 353 
12068 304 1990 2188 2445 2186 
12069 304 741 2214 2267 743 
12070 304 2186 1992 535 2182 
12071 304 2182 661 569 535 
12072 304 2473 2143 2412 2281 
12073 304 1896 1363 1389 310 
12074 304 2045 1768 2041 1743 
12075 304 329 98 1580 357 
12076 304 2239 2237 2015 2088 
12077 304 582 2134 732 2130 
12078 304 2521 2152 2299 2295 
12079 304 2021 2023 2195 2019 
12080 304 2272 2130 732 2134 
12081 304 1174 2340 1255 1256 
12082 304 2023 2239 2194 2020 
12083 304 1701 1770 1745 2048 
12084 304 2056 1725 2051 1745 
12085 304 448 2054 2049 366 
12086 304 2458 2052 2210 2050 
12087 304 2058 2049 448 2054 
12088 304 2501 1089 1090 2266 
12089 304 1701 1770 2048 1700 
12090 304 1401 2389 1299 1400 
12091 304 1174 2340 1256 2104 
12092 304 2132 945 1045 944 
12093 304 1530 1960 1894 1509 
12094 304 2547 948 949 2173 
12095 304 2412 1870 2473 1905 
12096 304 583 582 732 2130 
12097 304 2124 1898 917 2275 
12098 304 583 2130 732 2139 
12099 304 2272 2130 2134 2470 
12100 304 2275 1022 917 919 
12101 304 2141 1870 2473 2412 
12102 304 1626 2029 1722 1548 
12103 304 1904 2473 1868 1905 
12104 304 582 2134 581 732 
12105 304 2274 1189 2518 2369 
12106 304 1865 2139 489 2138 
12107 304 22 1343 1368 269 
12108 304 271 1865 1867 1370 
12109 304 2183 2225 2335 740 
12110 304 581 2134 2272 732 
12111 304 1001 1017 1027 1916 
12112 304 1454 1875 1497 1474 
12113 304 1496 1495 1876 1921 
12114 304 688 2290 2149 598 
12115 304 1474 1451 1875 1513 
12116 304 2150 394 504 503 
12117 304 1922 1921 2416 2293 
12118 304 1454 1875 1474 1376 
12119 304 1945 2432 1947 1944 
12120 304 1482 2425 1947 1889 
12121 304 738 2265 721 790 
12122 304 2531 1223 2532 2386 
12123 304 85 351 322 1567 
12124 304 738 2265 790 2212 
12125 304 2402 2385 2355 2515 
12126 304 1591 1592 2038 1696 
12127 304 789 2263 711 710 
12128 304 2353 1185 2399 1267 
12129 304 1979 2174 2387 2246 
12130 304 2263 789 788 710 
12131 304 2480 2385 2515 2317 
12132 304 2223 1065 1066 1160 
12133 304 2005 328 2004 464 
12134 304 644 667 729 2260 
12135 304 855 967 2081 854 
12136 304 2223 2221 2008 2222 
12137 304 1579 1684 2005 2004 
12138 304 1983 1987 1730 1984 
12139 304 2447 2507 2080 1996 
12140 304 1185 1186 2399 1267 
12141 304 1730 1987 1985 1984 
12142 304 2131 801 943 2392 
12143 304 1971 2395 840 2184 
12144 304 1971 2440 1965 2184 
12145 304 2033 1651 1720 1767 
12146 304 2022 1585 360 1586 
12147 304 2094 2095 2027 2092 
12148 304 2094 977 2017 976 
12149 304 2025 2028 2455 2406 
12150 304 2033 1651 2031 2096 
12151 304 2027 2093 2095 2490 
12152 304 2043 2041 1768 2038 
12153 304 2041 1743 1697 1698 
12154 304 2031 2024 1721 2040 
12155 304 980 868 2099 981 
12156 304 1699 2047 1769 1744 
12157 304 2303 697 776 2249 
12158 304 1986 1983 1984 2444 
12159 304 480 550 2197 665 
12160 304 989 988 2213 876 
12161 304 2458 2056 2213 2051 
12162 304 2502 2227 2334 2393 
12163 304 1044 2327 948 1048 
12164 304 1185 2353 2399 2270 
12165 304 984 872 871 2106 
12166 304 2078 1153 1058 1059 
12167 304 2114 1045 2132 2463 
12168 304 752 775 674 2249 
12169 304 2114 2115 2132 2070 
12170 304 2067 450 476 2064 
12171 304 2066 341 477 2069 
12172 304 2405 1144 2393 2227 
12173 304 2465 2135 2117 2115 
12174 304 2229 1144 2463 1145 
12175 304 2229 1144 1145 2405 
12176 304 2290 688 687 598 
12177 304 1871 2415 497 1873 
12178 304 502 2289 2148 1876 
12179 304 2381 1935 2304 1035 
12180 304 2086 858 971 1997 
12181 304 2304 1936 2157 1883 
12182 304 2148 2375 2149 2230 
12183 304 501 502 1874 2149 
12184 304 859 2086 971 972 
12185 304 2488 542 641 564 
12186 304 2183 564 2488 654 
12187 304 2537 1258 1222 1257 
12188 304 2201 2252 2202 2220 
12189 304 552 2198 2034 553 
12190 304 1081 2101 1080 2104 
12191 304 2341 2097 1172 2512 
12192 304 2264 2052 2206 2050 
12193 304 2107 1654 2106 2047 
12194 304 2052 2053 2051 2108 
12195 304 2458 2052 2050 2048 
12196 304 2025 2022 467 360 
12197 304 2050 2049 2048 473 
12198 304 2264 2052 2050 2210 
12199 304 1838 1857 2124 1855 
12200 304 26 273 1367 25 
12201 304 2520 2237 2339 2350 
12202 304 718 675 2198 666 
12203 304 1270 2300 1190 1137 
12204 304 513 2158 611 514 
12205 304 1932 1933 2306 2528 
12206 304 2525 2528 2544 2383 
12207 304 2306 1933 2308 2528 
12208 304 26 273 1345 1367 
12209 304 1933 2544 1116 1133 
12210 304 1932 1933 1116 1106 
12211 304 2022 331 467 360 
12212 304 2283 2372 2472 2371 
12213 304 1607 254 1820 1839 
12214 304 1109 1011 1945 1039 
12215 304 2333 1153 2343 2078 
12216 304 2533 2445 2333 2343 
12217 304 2085 2009 2451 2007 
12218 304 1238 2374 2539 1277 
12219 304 2415 2413 1908 1871 
12220 304 2266 1090 2270 1184 
12221 304 2136 723 2216 2228 
12222 304 1012 2401 935 1946 
12223 304 1186 1187 2399 1268 
12224 304 2462 1763 2066 2072 
12225 304 2084 1068 1162 1067 
12226 304 2367 2324 2326 2482 
12227 304 2428 2482 2169 2483 
12228 304 2424 2320 2321 2165 
12229 304 2365 2404 2546 2246 
12230 304 254 1607 1608 1839 
12231 304 1894 2324 2482 2326 
12232 304 1243 1244 1162 2359 
12233 304 1153 2078 2365 2343 
12234 304 283 1375 35 282 
12235 304 2035 2094 2027 1719 
12236 304 2244 2366 2245 2387 
12237 304 2164 522 620 619 
12238 304 1988 2246 1982 2078 
12239 304 2543 2525 2308 2544 
12240 304 2190 633 657 571 
12241 304 1899 889 806 1290 
12242 304 2190 633 571 2174 
12243 304 1559 1822 1609 1966 
12244 304 2494 2537 2361 2219 
12245 304 2341 1255 2398 2340 
12246 304 2384 1222 2382 2537 
12247 304 2202 2398 2252 2199 
12248 304 1822 1821 1609 1966 
12249 304 117 1600 367 1599 
12250 304 2111 2113 993 2502 
12251 304 2535 1248 1249 1215 
12252 304 1848 2438 2484 2131 
12253 304 1908 1402 1300 1906 
12254 304 305 1386 57 304 
12255 304 304 56 1360 57 
12256 304 2389 1908 1300 1906 
12257 304 1312 1413 1924 1311 
12258 304 1981 1982 1975 1978 
12259 304 2439 1750 1964 2440 
12260 304 2461 344 1779 1778 
12261 304 370 259 258 2129 
12262 304 262 261 1843 14 
12263 304 314 344 2461 1778 
12264 304 2001 2021 2020 2195 
12265 304 1756 2406 1740 1691 
12266 304 787 727 2260 729 
12267 304 1497 1409 1513 1922 
12268 304 2414 1448 1520 1469 
12269 304 325 1573 90 91 
12270 304 821 1939 1322 905 
12271 304 821 1321 1322 1939 
12272 304 525 2167 524 622 
12273 304 2435 2436 1333 827 
12274 304 1961 2436 1333 2435 
12275 304 2521 2152 2295 2153 
12276 304 1397 1396 1491 1903 
12277 304 2435 910 827 1333 
12278 304 1332 910 2435 1333 
12279 304 284 1350 37 36 
12280 304 1385 1888 1359 302 
12281 304 412 1889 300 411 
12282 304 55 54 302 1359 
12283 304 1868 1470 1367 1344 
12284 304 86 1569 323 1568 
12285 304 86 87 323 1569 
12286 304 272 1868 1367 1344 
12287 304 67 1558 124 4 
12288 304 1558 67 124 314 
12289 304 1365 134 805 1289 
12290 304 1981 1979 432 1975 
12291 304 1978 351 1567 322 
12292 304 352 1983 323 1569 
12293 304 1986 1983 323 352 
12294 304 351 86 323 1568 
12295 304 1447 1898 1290 1289 
12296 304 1899 1898 1290 1447 
12297 304 2400 1042 1014 937 
12298 304 895 1301 1910 811 
12299 304 2054 338 1599 1598 
12300 304 1299 2389 1300 145 
12301 304 2408 954 841 842 
12302 304 2036 362 333 469 
12303 304 999 2389 894 1906 
12304 304 361 106 333 1588 
12305 304 1478 1380 1882 1883 
12306 304 1589 2030 333 1588 
12307 304 2014 1739 1733 1687 
12308 304 867 1624 866 2024 
12309 304 2255 579 746 733 
12310 304 1501 1883 1882 1936 
12311 304 1380 1458 1478 1882 
12312 304 1882 294 405 293 
12313 304 338 2054 366 1598 
12314 304 2387 2546 2365 2366 
12315 304 1939 1321 1322 1423 
12316 304 1882 294 293 1355 
12317 304 2372 2277 2281 2472 
12318 304 2474 2283 2144 2143 
12319 304 2286 922 1028 999 
12320 304 1324 1425 1944 1323 
12321 304 247 1341 1366 1830 
12322 304 2286 1121 1025 1028 
12323 304 1501 1929 1883 1936 
12324 304 513 2158 514 1882 
12325 304 179 1334 827 1333 
12326 304 2468 1830 1829 1366 
12327 304 1830 247 1829 1366 
12328 304 834 1793 1791 189 
12329 304 188 1793 834 189 
12330 304 247 1391 1829 1366 
12331 304 1391 1898 1829 1366 
12332 304 1636 2408 1534 1612 
12333 304 1898 2468 1829 1366 
12334 304 951 2184 839 1965 
12335 304 116 338 1598 1599 
12336 304 2134 2516 2225 2272 
12337 304 1455 287 1879 1377 
12338 304 802 127 1832 885 
12339 304 844 2074 200 1613 
12340 304 1716 1647 1997 1620 
12341 304 199 844 200 1613 
12342 304 1455 287 1377 1352 
12343 304 1756 2406 2025 2035 
12344 304 1619 856 211 212 
12345 304 856 1542 212 1619 
12346 304 2001 1717 2021 2087 
12347 304 974 1073 2090 973 
12348 304 2001 2090 972 2087 
12349 304 309 1363 1388 1896 
12350 304 955 956 843 2486 
12351 304 2131 837 801 1532 
12352 304 1691 2025 2406 1587 
12353 304 837 2131 838 1610 
12354 304 2110 1727 1553 1657 
12355 304 878 1552 233 877 
12356 304 1297 1398 1399 2430 
12357 304 1834 129 128 886 
12358 304 2150 394 503 1876 
12359 304 128 802 127 1833 
12360 304 1833 802 127 1832 
12361 304 843 956 1976 2486 
12362 304 262 1825 14 1843 
12363 304 133 1838 1828 888 
12364 304 1838 1898 1828 888 
12365 304 689 600 599 2149 
12366 304 1828 1391 1365 1898 
12367 304 274 275 27 1371 
12368 304 388 389 277 1873 
12369 304 2443 2486 1976 2175 
12370 304 1821 256 1609 255 
12371 304 516 517 2159 614 
12372 304 1848 2438 2131 1839 
12373 304 975 2089 974 2093 
12374 304 2438 255 1608 1839 
12375 304 1382 297 1357 1885 
12376 304 1822 1559 1609 256 
12377 304 298 51 50 1357 
12378 304 1342 20 267 1369 
12379 304 1832 127 126 885 
12380 304 2125 267 266 1369 
12381 304 309 1896 1388 1894 
12382 304 1342 1369 267 1864 
12383 304 379 1864 267 378 
12384 304 379 268 267 1864 
12385 304 691 2476 2297 602 
12386 304 716 2169 717 627 
12387 304 602 2476 2151 2150 
12388 304 388 498 1873 497 
12389 304 1019 2293 1003 2431 
12390 304 1373 2414 1347 278 
12391 304 1978 1672 1567 1568 
12392 304 389 278 1873 1872 
12393 304 1682 2002 1577 1681 
12394 304 594 595 2146 684 
12395 304 956 2175 1976 2486 
12396 304 2486 2175 1055 956 
12397 304 2505 2360 2375 2240 
12398 304 1998 326 1575 1994 
12399 304 647 2037 2204 2492 
12400 304 216 2087 861 1544 
12401 304 399 1878 398 508 
12402 304 1880 1353 289 1378 
12403 304 1911 1907 1906 2286 
12404 304 2152 1878 509 508 
12405 304 287 1352 1878 288 
12406 304 2140 2517 2271 2278 
12407 304 1847 2128 1850 1863 
12408 304 128 1834 886 1833 
12409 304 890 914 1900 807 
12410 304 1446 1342 1864 1443 
12411 304 1392 1899 1393 1291 
12412 304 1889 1384 300 1358 
12413 304 892 921 2430 809 
12414 304 492 2142 589 590 
12415 304 2489 2192 2193 2233 
12416 304 299 1886 298 410 
12417 304 1121 1283 2373 1212 
12418 304 52 1383 51 299 
12419 304 1889 1887 300 411 
12420 304 1095 2302 929 2523 
12421 304 1252 1274 2344 1279 
12422 304 1887 1889 300 1358 
12423 304 1469 2414 1521 1520 
12424 304 1736 1684 2005 1685 
12425 304 2434 1433 1331 2391 
12426 304 1331 1433 2434 1432 
12427 304 218 2092 862 863 
12428 304 2192 2397 2193 2233 
12429 304 2012 2489 2193 2233 
12430 304 2142 492 589 2140 
12431 304 549 1979 458 432 
12432 304 560 671 585 2214 
12433 304 2461 1810 1797 1816 
12434 304 2489 2192 2233 2006 
12435 304 2205 2043 2045 2029 
12436 304 2199 2035 2017 2455 
12437 304 1607 2131 1820 1532 
12438 304 1967 1667 1751 1764 
12439 304 1638 1971 1611 1534 
12440 304 2131 1610 1965 838 
12441 304 1670 1972 1565 1669 
12442 304 2374 1195 1191 1916 
12443 304 1735 2019 1718 2010 
12444 304 847 1537 202 2075 
12445 304 741 2214 743 585 
12446 304 2097 2017 2199 2096 
12447 304 1717 2021 1733 2016 
12448 304 741 2214 585 671 
12449 304 2095 2092 976 975 
12450 304 2031 1693 1741 1767 
12451 304 1756 2035 2027 1719 
12452 304 318 1559 347 1966 
12453 304 338 2054 1599 367 
12454 304 1560 1559 1711 1966 
12455 304 2025 2028 2406 1587 
12456 304 1603 2064 1707 1708 
12457 304 1485 1508 1893 1465 
12458 304 1626 870 225 226 
12459 304 315 344 2117 453 
12460 304 1626 870 226 2102 
12461 304 1553 879 235 2111 
12462 304 1750 1661 1710 1965 
12463 304 1971 2073 953 1974 
12464 304 2132 1045 995 944 
12465 304 1971 2073 1974 2441 
12466 304 667 2207 2206 2260 
12467 304 1728 1659 1763 2072 
12468 304 1634 1660 1556 2071 
12469 304 2046 2203 2042 2496 
12470 304 995 2072 882 2503 
12471 304 2111 2503 2068 2502 
12472 304 1745 1770 1655 2051 
12473 304 1844 1858 2484 1841 
12474 304 1681 1680 1998 1576 
12475 304 1824 2128 1842 260 
12476 304 326 1574 92 1575 
12477 304 371 2127 481 2133 
12478 304 1998 1681 1576 1577 
12479 304 2184 952 951 839 
12480 304 1702 1703 1598 2049 
12481 304 272 25 1344 1367 
12482 304 337 1596 1597 2048 
12483 304 2041 2046 2044 471 
12484 304 115 116 366 1598 
12485 304 2150 503 504 601 
12486 304 2417 1513 1875 2416 
12487 304 1496 1452 1876 1495 
12488 304 392 391 501 1874 
12489 304 2041 2046 2042 2205 
12490 304 1374 1349 1874 281 
12491 304 2047 2052 2044 2046 
12492 304 1376 1351 1454 1877 
12493 304 45 293 46 1380 
12494 304 2420 1522 1476 1455 
12495 304 1352 2420 1476 1455 
12496 304 292 1380 1883 1882 
12497 304 954 2073 1974 953 
12498 304 1998 327 1577 1576 
12499 304 276 1871 388 277 
12500 304 895 1301 811 147 
12501 304 2047 2052 2046 2108 
12502 304 1890 1463 1360 1385 
12503 304 545 456 453 2070 
12504 304 1434 1961 1509 1531 
12505 304 299 1886 410 1887 
12506 304 416 305 304 1892 
12507 304 1606 342 1605 2069 
12508 304 2461 1779 1799 1778 
12509 304 41 1352 40 288 
12510 304 327 1998 355 1576 
12511 304 1435 1961 1531 1510 
12512 304 327 94 1577 1576 
12513 304 2450 1732 1994 2000 
12514 304 2002 1682 1577 1578 
12515 304 1851 2392 1848 1862 
12516 304 637 725 2177 580 
12517 304 1557 252 1777 1776 
12518 304 1596 1701 1597 2048 
12519 304 1466 1961 1509 1894 
12520 304 94 327 355 1576 
12521 304 1475 2421 1498 1514 
12522 304 1896 309 310 421 
12523 304 63 1363 310 1389 
12524 304 336 1595 113 365 
12525 304 337 447 365 2048 
12526 304 2327 1048 1146 1047 
12527 304 1090 991 2501 1091 
12528 304 2332 764 765 757 
12529 304 2128 1860 2129 2121 
12530 304 538 1981 2174 432 
12531 304 1978 350 1566 1975 
12532 304 549 538 2174 432 
12533 304 2327 1188 1146 1048 
12534 304 1981 1979 1975 2246 
12535 304 2174 549 432 1979 
12536 304 1735 2454 2022 2018 
12537 304 2014 1739 1688 2018 
12538 304 2171 2119 534 2120 
12539 304 1735 1739 2019 2018 
12540 304 370 371 259 2129 
12541 304 2128 259 260 371 
12542 304 2438 1844 2484 1821 
12543 304 1561 1666 1964 1665 
12544 304 1364 64 312 311 
12545 304 1823 11 259 258 
12546 304 372 2133 2123 2128 
12547 304 1867 492 2140 491 
12548 304 2516 2517 2335 2271 
12549 304 2113 2270 1091 2399 
12550 304 1342 1866 268 1368 
12551 304 381 382 270 1865 
12552 304 1902 1394 1490 1515 
12553 304 1910 811 1301 1906 
12554 304 393 392 1874 281 
12555 304 504 602 2150 601 
12556 304 2285 758 2330 2332 
12557 304 711 2167 622 621 
12558 304 406 405 515 1884 
12559 304 752 2248 2197 645 
12560 304 736 2315 2257 2260 
12561 304 2488 570 638 641 
12562 304 617 2163 2162 520 
12563 304 2209 667 2260 727 
12564 304 261 1843 14 13 
12565 304 563 1969 454 431 
12566 304 1710 2395 1965 1533 
12567 304 1972 427 349 431 
12568 304 1995 1994 436 1999 
12569 304 1064 1063 1158 2507 
12570 304 2260 2315 2257 2515 
12571 304 2014 440 358 465 
12572 304 2234 2235 2191 2233 
12573 304 440 2014 2020 465 
12574 304 2020 2011 465 2014 
12575 304 436 1991 354 1994 
12576 304 1384 54 1359 301 
12577 304 2066 2064 2462 476 
12578 304 2064 2066 369 476 
12579 304 472 2052 2050 576 
12580 304 451 2462 476 2066 
12581 304 954 953 1974 841 
12582 304 1565 350 321 1975 
12583 304 349 1563 1564 1969 
12584 304 558 670 2497 577 
12585 304 377 2136 487 2117 
12586 304 1978 460 322 432 
12587 304 377 2136 2117 2118 
12588 304 2463 2465 2115 2227 
12589 304 350 1978 322 432 
12590 304 1917 1921 1495 1406 
12591 304 1981 1975 432 1978 
12592 304 1670 1972 1975 1565 
12593 304 538 1981 432 460 
12594 304 468 361 443 2028 
12595 304 737 725 768 2230 
12596 304 2202 2032 2037 2456 
12597 304 2364 2433 1127 2324 
12598 304 2291 1912 1915 1917 
12599 304 1871 2415 2144 497 
12600 304 1347 2414 1873 278 
12601 304 2414 1453 1347 1873 
12602 304 825 909 1014 1954 
12603 304 2014 330 466 2018 
12604 304 1043 1200 1127 2324 
12605 304 359 330 2018 466 
12606 304 1871 496 387 497 
12607 304 2318 1952 2532 1953 
12608 304 1442 1343 1471 1865 
12609 304 1867 1471 1449 1370 
12610 304 382 492 1867 491 
12611 304 2335 2272 728 2225 
12612 304 388 1871 497 1873 
12613 304 1374 1441 1874 1349 
12614 304 2297 800 772 773 
12615 304 2437 911 940 828 
12616 304 770 2292 690 689 
12617 304 1910 1403 1301 1302 
12618 304 1922 1921 1513 2416 
12619 304 610 699 2253 2157 
12620 304 2253 2158 2307 611 
12621 304 2032 468 443 2028 
12622 304 2364 1200 1127 1204 
12623 304 2254 2543 2341 2200 
12624 304 1934 1935 2157 2477 
12625 304 2034 2196 552 2026 
12626 304 2152 606 508 509 
12627 304 749 727 2263 788 
12628 304 1888 1889 301 412 
12629 304 1878 1880 509 400 
12630 304 749 2263 789 788 
12631 304 2154 1878 1880 509 
12632 304 1574 326 92 354 
12633 304 2154 1878 509 2152 
12634 304 2162 411 521 520 
12635 304 1821 1822 1841 1966 
12636 304 1403 1910 1301 1906 
12637 304 700 699 2253 610 
12638 304 438 2006 2004 464 
12639 304 777 2303 2253 699 
12640 304 2364 1266 1204 1226 
12641 304 2492 2198 479 2032 
12642 304 2052 472 557 576 
12643 304 650 727 667 2209 
12644 304 899 1311 1924 1310 
12645 304 644 736 2260 729 
12646 304 2006 2192 2451 2007 
12647 304 2462 1763 2072 2068 
12648 304 734 2176 745 662 
12649 304 2223 2235 2359 2084 
12650 304 2162 411 520 1887 
12651 304 2307 779 780 2251 
12652 304 1265 1221 2346 1264 
12653 304 2036 2030 2040 2105 
12654 304 363 1591 2038 334 
12655 304 2492 573 479 648 
12656 304 331 441 2022 467 
12657 304 2325 2367 2483 2482 
12658 304 2152 694 2299 2295 
12659 304 2141 590 680 2142 
12660 304 436 463 486 1999 
12661 304 2148 2352 2294 2377 
12662 304 691 2476 602 2150 
12663 304 1896 422 421 310 
12664 304 2171 1896 531 2169 
12665 304 1090 2266 2270 2501 
12666 304 406 295 294 1884 
12667 304 2437 911 828 1335 
12668 304 2161 2549 615 2313 
12669 304 2488 1970 542 564 
12670 304 563 1969 431 1973 
12671 304 537 1973 653 563 
12672 304 2041 556 2046 471 
12673 304 713 2166 624 623 
12674 304 712 713 2166 2322 
12675 304 2166 713 712 623 
12676 304 1330 2434 1432 1331 
12677 304 471 446 575 2046 
12678 304 2245 754 762 763 
12679 304 1977 634 537 1973 
12680 304 2492 666 648 479 
12681 304 2545 2179 1979 2180 
12682 304 2041 556 471 445 
12683 304 2453 533 548 2015 
12684 304 557 2207 644 575 
12685 304 2303 697 2249 2156 
12686 304 1992 435 535 569 
12687 304 550 440 2020 533 
12688 304 2501 1089 2266 2112 
12689 304 1992 459 569 1995 
12690 304 2236 659 643 2015 
12691 304 473 2055 448 577 
12692 304 791 2265 790 721 
12693 304 560 449 2062 578 
12694 304 2034 2098 2491 2026 
12695 304 649 736 2207 644 
12696 304 462 2449 435 535 
12697 304 1993 2447 2080 1996 
12698 304 2437 1334 911 1335 
12699 304 667 2207 2260 644 
12700 304 1717 2086 1543 1621 
12701 304 485 583 488 2130 
12702 304 552 2198 553 632 
12703 304 1517 1397 1491 1904 
12704 304 2369 2274 2140 2138 
12705 304 259 1823 258 2129 
12706 304 639 2200 552 632 
12707 304 1911 1520 1403 1914 
12708 304 1494 2414 1448 1520 
12709 304 2533 2330 2342 2331 
12710 304 391 392 280 1874 
12711 304 516 515 613 2160 
12712 304 1897 313 1785 346 
12713 304 1897 424 423 312 
12714 304 2478 2526 2309 2313 
12715 304 2253 701 611 2307 
12716 304 2218 747 647 2201 
12717 304 2270 2266 2112 2501 
12718 304 2086 215 1543 1621 
12719 304 667 2207 644 557 
12720 304 736 2315 2260 786 
12721 304 2507 964 1064 1063 
12722 304 2207 649 644 575 
12723 304 1756 2406 2035 1740 
12724 304 2167 623 525 2166 
12725 304 649 2207 556 575 
12726 304 736 2315 786 785 
12727 304 1961 1435 1531 1434 
12728 304 2178 1064 965 1065 
12729 304 795 2285 684 758 
12730 304 2182 535 2186 630 
12731 304 2182 661 535 630 
12732 304 649 2257 736 753 
12733 304 2162 2311 2479 2163 
12734 304 2496 2358 2257 2203 
12735 304 2178 1064 1065 2506 
12736 304 2255 733 2257 2203 
12737 304 2197 2238 674 2194 
12738 304 606 2301 2299 695 
12739 304 2437 2436 1963 2224 
12740 304 2542 2535 2536 1208 
12741 304 2439 2484 2131 2392 
12742 304 1936 2157 1882 1934 
12743 304 635 737 755 2240 
12744 304 1413 1414 1312 1925 
12745 304 676 2139 587 586 
12746 304 676 2139 732 2272 
12747 304 732 2139 676 586 
12748 304 499 2145 596 597 
12749 304 2506 1160 2223 2231 
12750 304 605 507 2152 508 
12751 304 748 645 2248 752 
12752 304 1886 410 519 409 
12753 304 1881 401 511 510 
12754 304 515 514 612 2158 
12755 304 751 758 2330 795 
12756 304 414 1888 302 413 
12757 304 499 2147 597 500 
12758 304 1384 1889 301 1359 
12759 304 1888 413 301 302 
12760 304 499 2147 500 1872 
12761 304 687 2290 597 686 
12762 304 2291 2289 1874 1917 
12763 304 2295 2236 2299 2520 
12764 304 695 2152 605 694 
12765 304 2535 1215 2379 2339 
12766 304 1900 891 1293 807 
12767 304 2155 608 609 698 
12768 304 2372 1101 1132 1050 
12769 304 1297 892 2430 809 
12770 304 893 1297 2430 809 
12771 304 893 1297 809 143 
12772 304 1931 1932 1937 1009 
12773 304 933 1009 904 1937 
12774 304 1997 1542 1716 1620 
12775 304 2181 2450 2506 2507 
12776 304 822 168 1323 905 
12777 304 2155 608 698 2156 
12778 304 698 2156 608 697 
12779 304 1941 1423 1943 1939 
12780 304 186 1794 1789 831 
12781 304 1335 1963 1436 1437 
12782 304 1412 1924 1923 1498 
12783 304 2162 2480 708 619 
12784 304 414 2165 523 524 
12785 304 1972 1670 1752 1669 
12786 304 2074 1982 1642 1976 
12787 304 253 192 1532 125 
12788 304 1751 2441 1967 1971 
12789 304 967 2084 2082 2081 
12790 304 619 2317 2480 708 
12791 304 2164 2480 2162 619 
12792 304 1645 2009 2081 2082 
12793 304 619 620 2317 709 
12794 304 2317 709 708 619 
12795 304 1913 1195 1916 1027 
12796 304 1017 1138 1191 1916 
12797 304 2056 1629 2109 876 
12798 304 1820 253 1532 125 
12799 304 2186 2509 2242 2330 
12800 304 130 1836 887 1835 
12801 304 1836 131 130 887 
12802 304 2242 751 2330 795 
12803 304 2510 2241 2360 2348 
12804 304 131 1837 887 1836 
12805 304 405 2158 1882 514 
12806 304 804 1837 887 131 
12807 304 1410 1514 1411 1923 
12808 304 2356 2378 2351 2519 
12809 304 2302 2419 1924 1925 
12810 304 2377 1030 1019 2293 
12811 304 327 2002 1577 356 
12812 304 1574 92 91 354 
12813 304 1002 925 1915 1103 
12814 304 1919 1017 1138 1103 
12815 304 2433 1043 1127 2324 
12816 304 2450 2181 2506 2177 
12817 304 192 801 1532 125 
12818 304 1898 889 1289 805 
12819 304 1189 2274 1020 1128 
12820 304 1997 1542 1620 857 
12821 304 1275 2369 1271 1128 
12822 304 1348 1373 1872 1469 
12823 304 2492 747 675 2201 
12824 304 163 903 819 2390 
12825 304 902 1317 819 2390 
12826 304 2158 2527 2308 2307 
12827 304 1881 402 290 291 
12828 304 1835 1834 1853 2466 
12829 304 2484 1821 1841 1966 
12830 304 878 1552 877 2109 
12831 304 2154 606 2152 509 
12832 304 389 2145 499 1872 
12833 304 2343 1154 1236 1235 
12834 304 1533 1610 838 1965 
12835 304 581 2272 664 728 
12836 304 796 2272 728 2335 
12837 304 2447 1749 1989 1991 
12838 304 963 1993 962 2080 
12839 304 2225 2272 728 664 
12840 304 2197 2023 2490 2250 
12841 304 1349 1452 1874 1876 
12842 304 1917 1450 1521 1488 
12843 304 2095 1075 1074 975 
12844 304 2022 2025 467 2026 
12845 304 2165 2321 2530 2320 
12846 304 280 1872 391 1874 
12847 304 1724 2053 2107 2051 
12848 304 1628 1550 229 2107 
12849 304 1145 2405 1285 1146 
12850 304 2281 1101 921 997 
12851 304 997 2281 2277 1904 
12852 304 2550 2450 2506 2177 
12853 304 652 647 2218 735 
12854 304 1930 903 1008 932 
12855 304 2078 1153 2365 1152 
12856 304 2383 1940 1194 2382 
12857 304 1314 1925 1415 1927 
12858 304 2493 2218 746 652 
12859 304 2378 2221 2356 2540 
12860 304 2540 2352 2221 2359 
12861 304 1410 1309 2431 1923 
12862 304 1871 388 277 1873 
12863 304 2293 1920 926 1918 
12864 304 1031 1920 926 1030 
12865 304 1002 925 813 1915 
12866 304 1918 152 814 1307 
12867 304 1408 1307 1306 1918 
12868 304 2280 2474 2282 2143 
12869 304 2355 2385 1225 1223 
12870 304 2218 735 746 652 
12871 304 1041 2531 1123 1950 
12872 304 381 382 1865 491 
12873 304 2179 663 2328 1979 
12874 304 1343 270 1370 1865 
12875 304 2165 1888 523 2164 
12876 304 1957 1221 1142 1118 
12877 304 2550 2450 2177 1999 
12878 304 2226 1207 1117 1148 
12879 304 2485 2183 1973 2336 
12880 304 1134 1100 2247 1117 
12881 304 2550 2450 1999 2178 
12882 304 2243 1156 1062 1157 
12883 304 2243 1156 1157 2348 
12884 304 851 1616 850 1993 
12885 304 1916 1913 1914 2288 
12886 304 961 2077 1985 849 
12887 304 756 2328 663 798 
12888 304 2504 2437 940 1044 
12889 304 2380 2154 2379 2523 
12890 304 2090 2250 1167 1073 
12891 304 2019 1648 2021 1739 
12892 304 2092 1622 862 2089 
12893 304 1723 1627 1654 2106 
12894 304 2387 2276 2328 2368 
12895 304 1084 2208 2258 2108 
12896 304 2280 2474 2143 2371 
12897 304 2328 663 2179 756 
12898 304 2241 2509 2448 2348 
12899 304 82 349 1564 321 
12900 304 533 643 2194 629 
12901 304 2365 2546 2387 2246 
12902 304 550 2023 2194 2020 
12903 304 2197 550 2194 665 
12904 304 1942 1119 1136 2384 
12905 304 1120 1121 1907 2373 
12906 304 1933 1932 932 1106 
12907 304 1194 1932 1116 1037 
12908 304 932 1932 1037 1106 
12909 304 1933 1932 1116 2528 
12910 304 2437 2436 940 911 
12911 304 937 1955 1949 2400 
12912 304 1899 1515 1393 1901 
12913 304 909 2391 826 938 
12914 304 1919 2291 2289 2375 
12915 304 2474 2283 2143 2371 
12916 304 1920 1002 1103 1031 
12917 304 1129 1920 1919 1103 
12918 304 2431 1004 927 1032 
12919 304 1264 1221 2347 1224 
12920 304 788 727 2260 787 
12921 304 2287 2330 795 2242 
12922 304 2188 751 636 719 
12923 304 2404 1232 1150 1151 
12924 304 788 787 2260 2317 
12925 304 2404 2078 2076 2246 
12926 304 1057 2404 1152 2076 
12927 304 2448 2182 2186 2509 
12928 304 95 327 1577 356 
12929 304 1903 1395 1902 2429 
12930 304 1069 2192 2083 2235 
12931 304 2356 1244 2540 2359 
12932 304 2139 1864 488 2130 
12933 304 2235 2006 2451 2008 
12934 304 457 2002 2451 2008 
12935 304 2154 606 509 607 
12936 304 2098 2095 2017 2512 
12937 304 2543 2525 2544 2341 
12938 304 2544 2383 2340 2525 
12939 304 2254 1172 1171 2512 
12940 304 1086 2261 1085 1180 
12941 304 2097 2252 2398 2199 
12942 304 2207 2046 2206 2513 
12943 304 1266 2364 2346 1226 
12944 304 2499 2364 2346 2270 
12945 304 1187 2393 1092 2399 
12946 304 1953 1948 2321 1951 
12947 304 2353 2499 2270 2364 
12948 304 2428 1487 1895 1896 
12949 304 2540 2352 2359 1205 
12950 304 1108 1942 1136 1038 
12951 304 1269 2537 1256 2340 
12952 304 1174 2100 1080 1079 
12953 304 697 2301 607 696 
12954 304 2383 1940 2382 2529 
12955 304 1107 1932 1009 1940 
12956 304 1269 2383 1206 1194 
12957 304 900 1313 1925 1312 
12958 304 1232 2545 1231 1217 
12959 304 2156 697 607 608 
12960 304 2162 708 707 618 
12961 304 2017 1077 2097 2512 
12962 304 1094 2393 2503 1093 
12963 304 1633 883 2071 1555 
12964 304 2162 2311 2163 707 
12965 304 2540 1229 1147 1278 
12966 304 706 2163 707 617 
12967 304 2162 2311 707 2315 
12968 304 617 2163 707 2162 
12969 304 1208 1251 1250 2536 
12970 304 2461 344 314 456 
12971 304 1250 1169 1168 2536 
12972 304 2090 2250 1073 2093 
12973 304 1800 1779 1799 2117 
12974 304 1594 2041 1593 1698 
12975 304 1261 1262 2355 1225 
12976 304 1748 1760 2068 2064 
12977 304 1950 1123 1139 2532 
12978 304 2459 2055 2458 2213 
12979 304 2200 2198 718 2251 
12980 304 2393 1094 1202 1093 
12981 304 1998 355 1576 1575 
12982 304 636 539 630 2186 
12983 304 1313 1414 1925 1312 
12984 304 2427 2481 2170 2324 
12985 304 1912 1017 1916 1915 
12986 304 628 2171 531 2169 
12987 304 1522 2419 1476 1499 
12988 304 2280 2244 2245 764 
12989 304 2171 2119 2120 2224 
12990 304 1237 1155 1236 2342 
12991 304 1413 2419 1499 1925 
12992 304 1880 1878 2419 1476 
12993 304 439 329 465 2453 
12994 304 1998 326 355 1575 
12995 304 2140 1865 491 2138 
12996 304 2025 1587 1586 332 
12997 304 360 2025 1586 332 
12998 304 2183 1973 654 740 
12999 304 440 2020 533 465 
13000 304 1407 1408 1306 1921 
13001 304 1316 2390 1418 1317 
13002 304 1973 2183 2335 740 
13003 304 2241 2240 2181 2182 
13004 304 1133 1933 1036 1106 
13005 304 1441 1917 1488 1450 
13006 304 10 1822 257 1841 
13007 304 173 1328 1949 1327 
13008 304 1328 1429 1949 1327 
13009 304 1013 824 908 1949 
13010 304 173 824 1949 908 
13011 304 1596 337 1597 114 
13012 304 2335 2272 2225 2516 
13013 304 2098 2455 2200 2512 
13014 304 2200 2455 2098 2034 
13015 304 1962 1439 1438 1338 
13016 304 1787 1897 1809 1795 
13017 304 77 318 1559 347 
13018 304 2149 2289 1874 2147 
13019 304 2360 2348 2374 2510 
13020 304 1560 77 1559 347 
13021 304 2000 1999 1994 2450 
13022 304 1848 2438 1839 1844 
13023 304 1995 1994 1999 2450 
13024 304 2263 788 709 710 
13025 304 56 1385 303 1360 
13026 304 1385 1890 303 1360 
13027 304 414 2165 524 1890 
13028 304 1848 2438 1844 2484 
13029 304 276 1871 387 388 
13030 304 1869 1519 1493 1444 
13031 304 1720 2035 1740 1650 
13032 304 1870 1869 1371 1472 
13033 304 2438 1844 1821 1839 
13034 304 1870 274 1371 1869 
13035 304 1417 1929 1524 1501 
13036 304 1917 1921 1406 1915 
13037 304 1901 914 2388 916 
13038 304 678 679 2278 761 
13039 304 2362 1211 1260 1261 
13040 304 2131 1848 1839 1820 
13041 304 2044 471 2046 446 
13042 304 2294 771 691 772 
13043 304 1394 2388 1901 1900 
13044 304 1646 2083 1619 1542 
13045 304 1865 1866 1368 269 
13046 304 1594 1595 336 2044 
13047 304 364 1594 336 2044 
13048 304 1572 353 1989 325 
13049 304 1912 1910 1303 1404 
13050 304 1912 1406 1405 1304 
13051 304 2110 234 1630 1553 
13052 304 1573 1572 1989 325 
13053 304 692 2297 772 773 
13054 304 2318 2321 1953 2532 
13055 304 325 2449 353 1989 
13056 304 2218 782 2309 783 
13057 304 1881 1353 1880 1477 
13058 304 616 2163 2161 2313 
13059 304 2154 2156 510 1881 
13060 304 2342 2284 2510 2330 
13061 304 1793 834 2394 833 
13062 304 823 1012 1946 907 
13063 304 122 341 1605 123 
13064 304 170 169 1324 906 
13065 304 2144 594 497 2146 
13066 304 2401 2316 1945 2432 
13067 304 823 171 1326 1325 
13068 304 1963 2116 1895 1962 
13069 304 388 1871 387 497 
13070 304 2242 2240 2287 2510 
13071 304 30 31 1347 278 
13072 304 1348 1373 279 1872 
13073 304 1480 1459 1884 1512 
13074 304 1012 2401 1040 935 
13075 304 1362 308 1388 1894 
13076 304 1353 1880 1456 1378 
13077 304 2539 1212 1120 2373 
13078 304 2242 2186 2330 751 
13079 304 1320 820 904 165 
13080 304 1880 1353 1456 1477 
13081 304 1881 1880 1523 1477 
13082 304 823 1326 1946 1325 
13083 304 703 2160 2305 2159 
13084 304 2461 344 456 2070 
13085 304 1519 1909 1400 1399 
13086 304 1595 336 113 112 
13087 304 2132 2071 2070 2461 
13088 304 1890 415 303 304 
13089 304 272 271 1344 24 
13090 304 1639 1771 1982 1663 
13091 304 1931 1320 904 1937 
13092 304 1480 1938 1512 1884 
13093 304 1943 1481 1525 1504 
13094 304 1460 1943 1525 1938 
13095 304 2421 1475 1351 1454 
13096 304 1375 283 35 36 
13097 304 2200 2455 2252 2512 
13098 304 2077 1615 1537 1641 
13099 304 913 2388 806 916 
13100 304 1639 2075 1614 1663 
13101 304 1537 2075 1663 1614 
13102 304 1890 304 303 1360 
13103 304 1771 1982 1663 1988 
13104 304 1625 2099 1652 1721 
13105 304 2252 2455 2200 2198 
13106 304 1523 1880 1456 1477 
13107 304 1896 1363 1487 1389 
13108 304 415 1890 303 414 
13109 304 1895 1467 1389 1487 
13110 304 1976 1637 1773 1642 
13111 304 2023 441 466 480 
13112 304 1693 1694 1589 2030 
13113 304 1548 869 2099 224 
13114 304 1625 1548 2099 224 
13115 304 180 181 828 1335 
13116 304 1869 1472 1444 1371 
13117 304 337 115 1597 114 
13118 304 2136 487 2135 640 
13119 304 1558 2069 1557 1777 
13120 304 1012 1952 1110 1040 
13121 304 1778 1779 68 344 
13122 304 1434 1960 1433 1509 
13123 304 1673 1983 1674 1569 
13124 304 2467 2470 2134 2275 
13125 304 1986 352 323 461 
13126 304 1533 195 839 194 
13127 304 2395 1533 839 1965 
13128 304 1466 1961 1894 1896 
13129 304 1051 1022 1201 2518 
13130 304 1684 1580 2005 1685 
13131 304 1498 1924 1522 1412 
13132 304 2257 2311 2357 2315 
13133 304 1913 1907 1914 2288 
13134 304 1620 2086 858 214 
13135 304 859 2086 214 858 
13136 304 2037 2036 2039 2105 
13137 304 2043 2040 2038 1742 
